owner_patch	source_path	target_path	bundle	locale	translation_id	translation_block
other/add-boss-key.patch	thorium-added:other/add-boss-key.patch	chrome/app/resources/generated_resources_af.xtb	generated_resources	af	457266362483997125	"<translation id=""457266362483997125"">Gebruik &#x27;n nie-wysiger sleutel saam met Ctrl, Alt, Shift of Command</translation>"
other/add-boss-key.patch	thorium-added:other/add-boss-key.patch	chrome/app/resources/generated_resources_am.xtb	generated_resources	am	457266362483997125	"<translation id=""457266362483997125"">ከCtrl፣ Alt፣ Shift ወይም Command ጋር የማይለዋወጥ ቁልፍ ተጠቀም</translation>"
other/add-boss-key.patch	thorium-added:other/add-boss-key.patch	chrome/app/resources/generated_resources_ar.xtb	generated_resources	ar	457266362483997125	"<translation id=""457266362483997125"">استخدم مفتاحًا غير مفتاح تعديل مع Ctrl أو Alt أو Shift أو Command</translation>"
other/add-boss-key.patch	thorium-added:other/add-boss-key.patch	chrome/app/resources/generated_resources_as.xtb	generated_resources	as	457266362483997125	"<translation id=""457266362483997125"">এটা অ-পৰিৱৰ্তক কি&#x27; Ctrl, Alt, Shift, বা আদেশৰ সৈতে একেলগে ব্যৱহাৰ কৰক</translation>"
other/add-boss-key.patch	thorium-added:other/add-boss-key.patch	chrome/app/resources/generated_resources_az.xtb	generated_resources	az	457266362483997125	"<translation id=""457266362483997125"">Ctrl, Alt, Shift və ya Command ilə birlikdə dəyişdirici olmayan düymədən istifadə edin</translation>"
other/add-boss-key.patch	thorium-added:other/add-boss-key.patch	chrome/app/resources/generated_resources_be.xtb	generated_resources	be	457266362483997125	"<translation id=""457266362483997125"">Выкарыстоўвайце клавішу без мадыфікатара разам з Ctrl, Alt, Shift ці Command</translation>"
other/add-boss-key.patch	thorium-added:other/add-boss-key.patch	chrome/app/resources/generated_resources_bg.xtb	generated_resources	bg	457266362483997125	"<translation id=""457266362483997125"">Използвайте немодифициращ клавиш заедно с Ctrl, Alt, Shift или Command</translation>"
other/add-boss-key.patch	thorium-added:other/add-boss-key.patch	chrome/app/resources/generated_resources_bn.xtb	generated_resources	bn	457266362483997125	"<translation id=""457266362483997125"">Ctrl, Alt, Shift, বা Command সহ একটি নন-মোডিফায়ার কী ব্যবহার করুন</translation>"
other/add-boss-key.patch	thorium-added:other/add-boss-key.patch	chrome/app/resources/generated_resources_bs.xtb	generated_resources	bs	457266362483997125	"<translation id=""457266362483997125"">Koristite ne-modifikatorsku tipku zajedno sa Ctrl, Alt, Shift ili Command</translation>"
other/add-boss-key.patch	thorium-added:other/add-boss-key.patch	chrome/app/resources/generated_resources_ca.xtb	generated_resources	ca	457266362483997125	"<translation id=""457266362483997125"">Utilitzeu una tecla no modificadora juntament amb Ctrl, Alt, Maj o Comando</translation>"
other/add-boss-key.patch	thorium-added:other/add-boss-key.patch	chrome/app/resources/generated_resources_cs.xtb	generated_resources	cs	457266362483997125	"<translation id=""457266362483997125"">Použijte nemodifikační klávesu společně s Ctrl, Alt, Shift nebo Command</translation>"
other/add-boss-key.patch	thorium-added:other/add-boss-key.patch	chrome/app/resources/generated_resources_cy.xtb	generated_resources	cy	457266362483997125	"<translation id=""457266362483997125"">Defnyddiwch allwedd nad yw&#x27;n addasydd ynghyd â Ctrl, Alt, Shift, neu Command</translation>"
other/add-boss-key.patch	thorium-added:other/add-boss-key.patch	chrome/app/resources/generated_resources_da.xtb	generated_resources	da	457266362483997125	"<translation id=""457266362483997125"">Brug en ikke-modifikatortast sammen med Ctrl, Alt, Shift eller Command</translation>"
other/add-boss-key.patch	thorium-added:other/add-boss-key.patch	chrome/app/resources/generated_resources_de.xtb	generated_resources	de	457266362483997125	"<translation id=""457266362483997125"">Verwenden Sie eine Nicht-Modifikatortaste zusammen mit Strg, Alt, Umschalt oder Befehl</translation>"
other/add-boss-key.patch	thorium-added:other/add-boss-key.patch	chrome/app/resources/generated_resources_el.xtb	generated_resources	el	457266362483997125	"<translation id=""457266362483997125"">Χρησιμοποιήστε ένα κλειδί χωρίς τροποποίηση μαζί με Ctrl, Alt, Shift ή Command</translation>"
other/add-boss-key.patch	thorium-added:other/add-boss-key.patch	chrome/app/resources/generated_resources_en-GB.xtb	generated_resources	en-GB	457266362483997125	"<translation id=""457266362483997125"">Use a non-modifier key together with Ctrl, Alt, Shift or Command</translation>"
other/add-boss-key.patch	thorium-added:other/add-boss-key.patch	chrome/app/resources/generated_resources_es.xtb	generated_resources	es	457266362483997125	"<translation id=""457266362483997125"">Usa una tecla que no sea modificadora junto con Ctrl, Alt, Mayús o Comando</translation>"
other/add-boss-key.patch	thorium-added:other/add-boss-key.patch	chrome/app/resources/generated_resources_es-419.xtb	generated_resources	es-419	457266362483997125	"<translation id=""457266362483997125"">Utilice una tecla no modificadora junto con Ctrl, Alt, Mayús o Comando</translation>"
other/add-boss-key.patch	thorium-added:other/add-boss-key.patch	chrome/app/resources/generated_resources_et.xtb	generated_resources	et	457266362483997125	"<translation id=""457266362483997125"">Kasutage mittemuutvat klahvi koos klahviga Ctrl, Alt, Shift või Command</translation>"
other/add-boss-key.patch	thorium-added:other/add-boss-key.patch	chrome/app/resources/generated_resources_eu.xtb	generated_resources	eu	457266362483997125	"<translation id=""457266362483997125"">Erabili aldatzailea ez den tekla bat Ctrl, Alt, Shift edo Komandoarekin batera</translation>"
other/add-boss-key.patch	thorium-added:other/add-boss-key.patch	chrome/app/resources/generated_resources_fa.xtb	generated_resources	fa	457266362483997125	"<translation id=""457266362483997125"">از یک کلید غیر اصلاح کننده همراه با Ctrl، Alt، Shift یا Command استفاده کنید</translation>"
other/add-boss-key.patch	thorium-added:other/add-boss-key.patch	chrome/app/resources/generated_resources_fi.xtb	generated_resources	fi	457266362483997125	"<translation id=""457266362483997125"">Käytä ei-muokkausnäppäintä yhdessä Ctrl-, Alt-, Shift- tai Command-näppäimen kanssa</translation>"
other/add-boss-key.patch	thorium-added:other/add-boss-key.patch	chrome/app/resources/generated_resources_fil.xtb	generated_resources	fil	457266362483997125	"<translation id=""457266362483997125"">Gumamit ng non-modifier key kasama ng Ctrl, Alt, Shift, o Command</translation>"
other/add-boss-key.patch	thorium-added:other/add-boss-key.patch	chrome/app/resources/generated_resources_fr.xtb	generated_resources	fr	457266362483997125	"<translation id=""457266362483997125"">Utilisez une touche non modificatrice avec Ctrl, Alt, Maj ou Commande</translation>"
other/add-boss-key.patch	thorium-added:other/add-boss-key.patch	chrome/app/resources/generated_resources_fr-CA.xtb	generated_resources	fr-CA	457266362483997125	"<translation id=""457266362483997125"">Utilisez une touche non modificatrice avec Ctrl, Alt, Shift ou Command</translation>"
other/add-boss-key.patch	thorium-added:other/add-boss-key.patch	chrome/app/resources/generated_resources_gl.xtb	generated_resources	gl	457266362483997125	"<translation id=""457266362483997125"">Use unha tecla non modificadora xunto con Ctrl, Alt, Maiús ou Comando</translation>"
other/add-boss-key.patch	thorium-added:other/add-boss-key.patch	chrome/app/resources/generated_resources_gu.xtb	generated_resources	gu	457266362483997125	"<translation id=""457266362483997125"">Ctrl, Alt, Shift અથવા કમાન્ડ સાથે બિન-મોડિફાયર કીનો ઉપયોગ કરો</translation>"
other/add-boss-key.patch	thorium-added:other/add-boss-key.patch	chrome/app/resources/generated_resources_hi.xtb	generated_resources	hi	457266362483997125	"<translation id=""457266362483997125"">Ctrl, Alt, Shift, या Command के साथ एक गैर-संशोधक कुंजी का उपयोग करें</translation>"
other/add-boss-key.patch	thorium-added:other/add-boss-key.patch	chrome/app/resources/generated_resources_hr.xtb	generated_resources	hr	457266362483997125	"<translation id=""457266362483997125"">Koristite tipku koja nije modifikator zajedno s Ctrl, Alt, Shift ili Command</translation>"
other/add-boss-key.patch	thorium-added:other/add-boss-key.patch	chrome/app/resources/generated_resources_hu.xtb	generated_resources	hu	457266362483997125	"<translation id=""457266362483997125"">Használjon nem módosító billentyűt a Ctrl, Alt, Shift vagy Command billentyűkkel együtt</translation>"
other/add-boss-key.patch	thorium-added:other/add-boss-key.patch	chrome/app/resources/generated_resources_hy.xtb	generated_resources	hy	457266362483997125	"<translation id=""457266362483997125"">Օգտագործեք ոչ փոփոխիչ ստեղն Ctrl, Alt, Shift կամ Command-ի հետ միասին</translation>"
other/add-boss-key.patch	thorium-added:other/add-boss-key.patch	chrome/app/resources/generated_resources_id.xtb	generated_resources	id	457266362483997125	"<translation id=""457266362483997125"">Gunakan tombol non-pengubah bersama dengan Ctrl, Alt, Shift, atau Command</translation>"
other/add-boss-key.patch	thorium-added:other/add-boss-key.patch	chrome/app/resources/generated_resources_is.xtb	generated_resources	is	457266362483997125	"<translation id=""457266362483997125"">Notaðu lykla án breytinga ásamt Ctrl, Alt, Shift eða Command</translation>"
other/add-boss-key.patch	thorium-added:other/add-boss-key.patch	chrome/app/resources/generated_resources_it.xtb	generated_resources	it	457266362483997125	"<translation id=""457266362483997125"">Usa un tasto non modificatore insieme a Ctrl, Alt, Maiusc o Comando</translation>"
other/add-boss-key.patch	thorium-added:other/add-boss-key.patch	chrome/app/resources/generated_resources_iw.xtb	generated_resources	iw	457266362483997125	"<translation id=""457266362483997125"">השתמש במקש שאינו משנה יחד עם Ctrl, Alt, Shift או Command</translation>"
other/add-boss-key.patch	thorium-added:other/add-boss-key.patch	chrome/app/resources/generated_resources_ja.xtb	generated_resources	ja	457266362483997125	"<translation id=""457266362483997125"">Ctrl、Alt、Shift、Command のいずれかと修飾キー以外のキーを組み合わせてください</translation>"
other/add-boss-key.patch	thorium-added:other/add-boss-key.patch	chrome/app/resources/generated_resources_ka.xtb	generated_resources	ka	457266362483997125	"<translation id=""457266362483997125"">გამოიყენეთ არამოდიფიკატორის გასაღები Ctrl, Alt, Shift ან Command-თან ერთად</translation>"
other/add-boss-key.patch	thorium-added:other/add-boss-key.patch	chrome/app/resources/generated_resources_kk.xtb	generated_resources	kk	457266362483997125	"<translation id=""457266362483997125"">Ctrl, Alt, Shift немесе Command пернелерімен бірге өзгертпейтін пернені пайдаланыңыз</translation>"
other/add-boss-key.patch	thorium-added:other/add-boss-key.patch	chrome/app/resources/generated_resources_km.xtb	generated_resources	km	457266362483997125	"<translation id=""457266362483997125"">ប្រើគ្រាប់ចុចមិនកែប្រែរួមគ្នាជាមួយ Ctrl, Alt, Shift ឬ Command</translation>"
other/add-boss-key.patch	thorium-added:other/add-boss-key.patch	chrome/app/resources/generated_resources_kn.xtb	generated_resources	kn	457266362483997125	"<translation id=""457266362483997125"">Ctrl, Alt, Shift, ಅಥವಾ ಕಮಾಂಡ್ ಜೊತೆಗೆ ನಾನ್-ಮಾಡಿಫೈಯರ್ ಕೀ ಬಳಸಿ</translation>"
other/add-boss-key.patch	thorium-added:other/add-boss-key.patch	chrome/app/resources/generated_resources_ko.xtb	generated_resources	ko	457266362483997125	"<translation id=""457266362483997125"">Ctrl, Alt, Shift 또는 Command와 함께 보조 키가 아닌 키를 사용하세요</translation>"
other/add-boss-key.patch	thorium-added:other/add-boss-key.patch	chrome/app/resources/generated_resources_ky.xtb	generated_resources	ky	457266362483997125	"<translation id=""457266362483997125"">Ctrl, Alt, Shift же Command менен бирге өзгөртүүчү эмес баскычты колдонуңуз</translation>"
other/add-boss-key.patch	thorium-added:other/add-boss-key.patch	chrome/app/resources/generated_resources_lo.xtb	generated_resources	lo	457266362483997125	"<translation id=""457266362483997125"">ໃຊ້ປຸ່ມທີ່ບໍ່ແມ່ນຕົວແກ້ໄຂຮ່ວມກັນກັບ Ctrl, Alt, Shift, ຫຼືຄໍາສັ່ງ</translation>"
other/add-boss-key.patch	thorium-added:other/add-boss-key.patch	chrome/app/resources/generated_resources_lt.xtb	generated_resources	lt	457266362483997125	"<translation id=""457266362483997125"">Naudokite nemodifikacinį klavišą kartu su Ctrl, Alt, Shift arba Command</translation>"
other/add-boss-key.patch	thorium-added:other/add-boss-key.patch	chrome/app/resources/generated_resources_lv.xtb	generated_resources	lv	457266362483997125	"<translation id=""457266362483997125"">Izmantojiet taustiņu bez modifikācijas kopā ar Ctrl, Alt, Shift vai Command</translation>"
other/add-boss-key.patch	thorium-added:other/add-boss-key.patch	chrome/app/resources/generated_resources_mk.xtb	generated_resources	mk	457266362483997125	"<translation id=""457266362483997125"">Користете копче што не е модификатор заедно со Ctrl, Alt, Shift или Command</translation>"
other/add-boss-key.patch	thorium-added:other/add-boss-key.patch	chrome/app/resources/generated_resources_ml.xtb	generated_resources	ml	457266362483997125	"<translation id=""457266362483997125"">Ctrl, Alt, Shift അല്ലെങ്കിൽ Command എന്നിവയ്‌ക്കൊപ്പം ഒരു നോൺ-മോഡിഫയർ കീ ഉപയോഗിക്കുക</translation>"
other/add-boss-key.patch	thorium-added:other/add-boss-key.patch	chrome/app/resources/generated_resources_mn.xtb	generated_resources	mn	457266362483997125	"<translation id=""457266362483997125"">Ctrl, Alt, Shift, эсвэл Command-ын хамт өөрчлөхгүй товчлуурыг ашиглана уу</translation>"
other/add-boss-key.patch	thorium-added:other/add-boss-key.patch	chrome/app/resources/generated_resources_mr.xtb	generated_resources	mr	457266362483997125	"<translation id=""457266362483997125"">Ctrl, Alt, Shift किंवा कमांडसह नॉन-मॉडिफायर की वापरा</translation>"
other/add-boss-key.patch	thorium-added:other/add-boss-key.patch	chrome/app/resources/generated_resources_ms.xtb	generated_resources	ms	457266362483997125	"<translation id=""457266362483997125"">Gunakan kekunci bukan pengubah suai bersama-sama dengan Ctrl, Alt, Shift atau Command</translation>"
other/add-boss-key.patch	thorium-added:other/add-boss-key.patch	chrome/app/resources/generated_resources_my.xtb	generated_resources	my	457266362483997125	"<translation id=""457266362483997125"">Ctrl၊ Alt၊ Shift သို့မဟုတ် Command ဖြင့် ပြုပြင်မွမ်းမံခြင်းမဟုတ်သောကီးကို အသုံးပြုပါ။</translation>"
other/add-boss-key.patch	thorium-added:other/add-boss-key.patch	chrome/app/resources/generated_resources_ne.xtb	generated_resources	ne	457266362483997125	"<translation id=""457266362483997125"">Ctrl, Alt, Shift, वा Command सँग गैर-परिमार्जक कुञ्जी प्रयोग गर्नुहोस्</translation>"
other/add-boss-key.patch	thorium-added:other/add-boss-key.patch	chrome/app/resources/generated_resources_nl.xtb	generated_resources	nl	457266362483997125	"<translation id=""457266362483997125"">Gebruik een niet-modificatietoets samen met Ctrl, Alt, Shift of Command</translation>"
other/add-boss-key.patch	thorium-added:other/add-boss-key.patch	chrome/app/resources/generated_resources_no.xtb	generated_resources	no	457266362483997125	"<translation id=""457266362483997125"">Bruk en ikke-modifikatortast sammen med Ctrl, Alt, Shift eller Kommando</translation>"
other/add-boss-key.patch	thorium-added:other/add-boss-key.patch	chrome/app/resources/generated_resources_or.xtb	generated_resources	or	457266362483997125	"<translation id=""457266362483997125"">Ctrl, Alt, Shift, କିମ୍ବା Command ସହିତ ଏକ ଅଣ-ମୋଡିଫାୟର୍ କି ବ୍ୟବହାର କରନ୍ତୁ |</translation>"
other/add-boss-key.patch	thorium-added:other/add-boss-key.patch	chrome/app/resources/generated_resources_pa.xtb	generated_resources	pa	457266362483997125	"<translation id=""457266362483997125"">Ctrl, Alt, Shift, ਜਾਂ ਕਮਾਂਡ ਦੇ ਨਾਲ ਇੱਕ ਗੈਰ-ਮੋਡੀਫਾਇਰ ਕੁੰਜੀ ਦੀ ਵਰਤੋਂ ਕਰੋ</translation>"
other/add-boss-key.patch	thorium-added:other/add-boss-key.patch	chrome/app/resources/generated_resources_pl.xtb	generated_resources	pl	457266362483997125	"<translation id=""457266362483997125"">Użyj klawisza niemodyfikującego razem z Ctrl, Alt, Shift lub Command</translation>"
other/add-boss-key.patch	thorium-added:other/add-boss-key.patch	chrome/app/resources/generated_resources_pt-BR.xtb	generated_resources	pt-BR	457266362483997125	"<translation id=""457266362483997125"">Use uma tecla não modificadora junto com Ctrl, Alt, Shift ou Command</translation>"
other/add-boss-key.patch	thorium-added:other/add-boss-key.patch	chrome/app/resources/generated_resources_pt-PT.xtb	generated_resources	pt-PT	457266362483997125	"<translation id=""457266362483997125"">Use uma tecla não modificadora junto com Ctrl, Alt, Shift ou Command</translation>"
other/add-boss-key.patch	thorium-added:other/add-boss-key.patch	chrome/app/resources/generated_resources_ro.xtb	generated_resources	ro	457266362483997125	"<translation id=""457266362483997125"">Utilizați o tastă fără modificare împreună cu Ctrl, Alt, Shift sau Command</translation>"
other/add-boss-key.patch	thorium-added:other/add-boss-key.patch	chrome/app/resources/generated_resources_ru.xtb	generated_resources	ru	457266362483997125	"<translation id=""457266362483997125"">Используйте обычную клавишу вместе с Ctrl, Alt, Shift или Command</translation>"
other/add-boss-key.patch	thorium-added:other/add-boss-key.patch	chrome/app/resources/generated_resources_si.xtb	generated_resources	si	457266362483997125	"<translation id=""457266362483997125"">Ctrl, Alt, Shift, හෝ Command සමඟින් වෙනස් නොවන යතුරක් භාවිතා කරන්න</translation>"
other/add-boss-key.patch	thorium-added:other/add-boss-key.patch	chrome/app/resources/generated_resources_sk.xtb	generated_resources	sk	457266362483997125	"<translation id=""457266362483997125"">Použite nemodifikačný kláves spolu s Ctrl, Alt, Shift alebo Command</translation>"
other/add-boss-key.patch	thorium-added:other/add-boss-key.patch	chrome/app/resources/generated_resources_sl.xtb	generated_resources	sl	457266362483997125	"<translation id=""457266362483997125"">Uporabite nemodifikacijsko tipko skupaj s Ctrl, Alt, Shift ali Command</translation>"
other/add-boss-key.patch	thorium-added:other/add-boss-key.patch	chrome/app/resources/generated_resources_sq.xtb	generated_resources	sq	457266362483997125	"<translation id=""457266362483997125"">Përdorni një çelës jo-modifikues së bashku me Ctrl, Alt, Shift ose Command</translation>"
other/add-boss-key.patch	thorium-added:other/add-boss-key.patch	chrome/app/resources/generated_resources_sr.xtb	generated_resources	sr	457266362483997125	"<translation id=""457266362483997125"">Користите тастер без модификације заједно са Цтрл, Алт, Схифт или Цомманд</translation>"
other/add-boss-key.patch	thorium-added:other/add-boss-key.patch	chrome/app/resources/generated_resources_sr-Latn.xtb	generated_resources	sr-Latn	457266362483997125	"<translation id=""457266362483997125"">Koristite taster koji nije modifikator zajedno sa Ctrl, Alt, Shift ili Command</translation>"
other/add-boss-key.patch	thorium-added:other/add-boss-key.patch	chrome/app/resources/generated_resources_sv.xtb	generated_resources	sv	457266362483997125	"<translation id=""457266362483997125"">Använd en icke-modifierande tangent tillsammans med Ctrl, Alt, Shift eller Kommando</translation>"
other/add-boss-key.patch	thorium-added:other/add-boss-key.patch	chrome/app/resources/generated_resources_sw.xtb	generated_resources	sw	457266362483997125	"<translation id=""457266362483997125"">Tumia kitufe kisicho cha kurekebisha pamoja na Ctrl, Alt, Shift, au Amri</translation>"
other/add-boss-key.patch	thorium-added:other/add-boss-key.patch	chrome/app/resources/generated_resources_ta.xtb	generated_resources	ta	457266362483997125	"<translation id=""457266362483997125"">Ctrl, Alt, Shift அல்லது Command உடன் மாற்றியமைக்காத விசையைப் பயன்படுத்தவும்</translation>"
other/add-boss-key.patch	thorium-added:other/add-boss-key.patch	chrome/app/resources/generated_resources_te.xtb	generated_resources	te	457266362483997125	"<translation id=""457266362483997125"">Ctrl, Alt, Shift లేదా Commandతో కలిపి నాన్-మాడిఫైయర్ కీని ఉపయోగించండి</translation>"
other/add-boss-key.patch	thorium-added:other/add-boss-key.patch	chrome/app/resources/generated_resources_th.xtb	generated_resources	th	457266362483997125	"<translation id=""457266362483997125"">ใช้แป้นที่ไม่ใช่ตัวปรับแต่งร่วมกับ Ctrl, Alt, Shift หรือ Command</translation>"
other/add-boss-key.patch	thorium-added:other/add-boss-key.patch	chrome/app/resources/generated_resources_tr.xtb	generated_resources	tr	457266362483997125	"<translation id=""457266362483997125"">Ctrl, Alt, Shift veya Command ile birlikte değiştirici olmayan bir tuş kullanın</translation>"
other/add-boss-key.patch	thorium-added:other/add-boss-key.patch	chrome/app/resources/generated_resources_uk.xtb	generated_resources	uk	457266362483997125	"<translation id=""457266362483997125"">Використовуйте звичайну клавішу разом із Ctrl, Alt, Shift або Command</translation>"
other/add-boss-key.patch	thorium-added:other/add-boss-key.patch	chrome/app/resources/generated_resources_ur.xtb	generated_resources	ur	457266362483997125	"<translation id=""457266362483997125"">Ctrl، Alt، Shift، یا Command کے ساتھ ایک نان موڈیفائر کلید استعمال کریں۔</translation>"
other/add-boss-key.patch	thorium-added:other/add-boss-key.patch	chrome/app/resources/generated_resources_uz.xtb	generated_resources	uz	457266362483997125	"<translation id=""457266362483997125"">Ctrl, Alt, Shift yoki Buyruq bilan birga o&#x27;zgartirilmaydigan kalitdan foydalaning</translation>"
other/add-boss-key.patch	thorium-added:other/add-boss-key.patch	chrome/app/resources/generated_resources_vi.xtb	generated_resources	vi	457266362483997125	"<translation id=""457266362483997125"">Sử dụng phím không sửa đổi cùng với Ctrl, Alt, Shift hoặc Command</translation>"
other/add-boss-key.patch	thorium-added:other/add-boss-key.patch	chrome/app/resources/generated_resources_zh-CN.xtb	generated_resources	zh-CN	457266362483997125	"<translation id=""457266362483997125"">请将非修饰键与 Ctrl、Alt、Shift 或 Command 组合使用</translation>"
other/add-boss-key.patch	thorium-added:other/add-boss-key.patch	chrome/app/resources/generated_resources_zh-HK.xtb	generated_resources	zh-HK	457266362483997125	"<translation id=""457266362483997125"">請將非修飾鍵與 Ctrl、Alt、Shift 或 Command 組合使用</translation>"
other/add-boss-key.patch	thorium-added:other/add-boss-key.patch	chrome/app/resources/generated_resources_zh-TW.xtb	generated_resources	zh-TW	457266362483997125	"<translation id=""457266362483997125"">請將非修飾鍵與 Ctrl、Alt、Shift 或 Command 組合使用</translation>"
other/add-boss-key.patch	thorium-added:other/add-boss-key.patch	chrome/app/resources/generated_resources_zu.xtb	generated_resources	zu	457266362483997125	"<translation id=""457266362483997125"">Sebenzisa ukhiye ongaguquli kanye no-Ctrl, Alt, Shift, noma Umyalo</translation>"
other/add-boss-key.patch	thorium-added:other/add-boss-key.patch	chrome/app/resources/generated_resources_af.xtb	generated_resources	af	467562349011041449	"<translation id=""467562349011041449"">Demp alle blaaiers wanneer baassleutel gedruk word</translation>"
other/add-boss-key.patch	thorium-added:other/add-boss-key.patch	chrome/app/resources/generated_resources_am.xtb	generated_resources	am	467562349011041449	"<translation id=""467562349011041449"">የአለቃ ቁልፍ ሲጫኑ ሁሉንም አሳሾች ድምጸ-ከል ያድርጉ</translation>"
other/add-boss-key.patch	thorium-added:other/add-boss-key.patch	chrome/app/resources/generated_resources_ar.xtb	generated_resources	ar	467562349011041449	"<translation id=""467562349011041449"">كتم صوت جميع المتصفحات عند الضغط على مفتاح المدير</translation>"
other/add-boss-key.patch	thorium-added:other/add-boss-key.patch	chrome/app/resources/generated_resources_as.xtb	generated_resources	as	467562349011041449	"<translation id=""467562349011041449"">বছ কি টিপিলে সকলো ব্ৰাউজাৰ নিস্তব্ধ কৰক</translation>"
other/add-boss-key.patch	thorium-added:other/add-boss-key.patch	chrome/app/resources/generated_resources_az.xtb	generated_resources	az	467562349011041449	"<translation id=""467562349011041449"">Boss düyməsini basdıqda bütün brauzerlərin səsini söndürün</translation>"
other/add-boss-key.patch	thorium-added:other/add-boss-key.patch	chrome/app/resources/generated_resources_be.xtb	generated_resources	be	467562349011041449	"<translation id=""467562349011041449"">Адключэнне гуку ўсіх браўзераў пры націсканні клавішы боса</translation>"
other/add-boss-key.patch	thorium-added:other/add-boss-key.patch	chrome/app/resources/generated_resources_bg.xtb	generated_resources	bg	467562349011041449	"<translation id=""467562349011041449"">Заглушаване на всички браузъри при натискане на клавиша на шефа</translation>"
other/add-boss-key.patch	thorium-added:other/add-boss-key.patch	chrome/app/resources/generated_resources_bn.xtb	generated_resources	bn	467562349011041449	"<translation id=""467562349011041449"">বস কী চাপলে সমস্ত ব্রাউজার নিঃশব্দ করুন</translation>"
other/add-boss-key.patch	thorium-added:other/add-boss-key.patch	chrome/app/resources/generated_resources_bs.xtb	generated_resources	bs	467562349011041449	"<translation id=""467562349011041449"">Isključite zvuk svih pretraživača kada se pritisne glavni taster</translation>"
other/add-boss-key.patch	thorium-added:other/add-boss-key.patch	chrome/app/resources/generated_resources_ca.xtb	generated_resources	ca	467562349011041449	"<translation id=""467562349011041449"">Silencia tots els navegadors quan es prem la tecla del cap</translation>"
other/add-boss-key.patch	thorium-added:other/add-boss-key.patch	chrome/app/resources/generated_resources_cs.xtb	generated_resources	cs	467562349011041449	"<translation id=""467562349011041449"">Při stisknutí klávesy šéfa ztlumí všechny prohlížeče</translation>"
other/add-boss-key.patch	thorium-added:other/add-boss-key.patch	chrome/app/resources/generated_resources_cy.xtb	generated_resources	cy	467562349011041449	"<translation id=""467562349011041449"">Tewi pob porwr pan fydd allwedd Boss yn cael ei wasgu</translation>"
other/add-boss-key.patch	thorium-added:other/add-boss-key.patch	chrome/app/resources/generated_resources_da.xtb	generated_resources	da	467562349011041449	"<translation id=""467562349011041449"">Slå alle browsere fra, når der trykkes på boss-tasten</translation>"
other/add-boss-key.patch	thorium-added:other/add-boss-key.patch	chrome/app/resources/generated_resources_de.xtb	generated_resources	de	467562349011041449	"<translation id=""467562349011041449"">Alle Browser stummschalten, wenn die Boss-Taste gedrückt wird</translation>"
other/add-boss-key.patch	thorium-added:other/add-boss-key.patch	chrome/app/resources/generated_resources_el.xtb	generated_resources	el	467562349011041449	"<translation id=""467562349011041449"">Σίγαση όλων των προγραμμάτων περιήγησης όταν πατηθεί το πλήκτρο boss</translation>"
other/add-boss-key.patch	thorium-added:other/add-boss-key.patch	chrome/app/resources/generated_resources_en-GB.xtb	generated_resources	en-GB	467562349011041449	"<translation id=""467562349011041449"">Mute all browsers when boss key is pressed</translation>"
other/add-boss-key.patch	thorium-added:other/add-boss-key.patch	chrome/app/resources/generated_resources_es.xtb	generated_resources	es	467562349011041449	"<translation id=""467562349011041449"">Silenciar todos los navegadores al pulsar la tecla de jefe</translation>"
other/add-boss-key.patch	thorium-added:other/add-boss-key.patch	chrome/app/resources/generated_resources_es-419.xtb	generated_resources	es-419	467562349011041449	"<translation id=""467562349011041449"">Silenciar todos los navegadores cuando se presiona la tecla Boss</translation>"
other/add-boss-key.patch	thorium-added:other/add-boss-key.patch	chrome/app/resources/generated_resources_et.xtb	generated_resources	et	467562349011041449	"<translation id=""467562349011041449"">Bossiklahvi vajutamisel vaigista kõik brauserid</translation>"
other/add-boss-key.patch	thorium-added:other/add-boss-key.patch	chrome/app/resources/generated_resources_eu.xtb	generated_resources	eu	467562349011041449	"<translation id=""467562349011041449"">Isilarazi arakatzaile guztiak boss tekla sakatzen denean</translation>"
other/add-boss-key.patch	thorium-added:other/add-boss-key.patch	chrome/app/resources/generated_resources_fa.xtb	generated_resources	fa	467562349011041449	"<translation id=""467562349011041449"">وقتی کلید boss فشار داده می شود، همه مرورگرها را بی صدا کنید</translation>"
other/add-boss-key.patch	thorium-added:other/add-boss-key.patch	chrome/app/resources/generated_resources_fi.xtb	generated_resources	fi	467562349011041449	"<translation id=""467562349011041449"">Mykistä kaikki selaimet, kun painetaan pomonäppäintä</translation>"
other/add-boss-key.patch	thorium-added:other/add-boss-key.patch	chrome/app/resources/generated_resources_fil.xtb	generated_resources	fil	467562349011041449	"<translation id=""467562349011041449"">I-mute ang lahat ng browser kapag pinindot ang boss key</translation>"
other/add-boss-key.patch	thorium-added:other/add-boss-key.patch	chrome/app/resources/generated_resources_fr.xtb	generated_resources	fr	467562349011041449	"<translation id=""467562349011041449"">Couper le son de tous les navigateurs lorsque la touche patron est utilisée</translation>"
other/add-boss-key.patch	thorium-added:other/add-boss-key.patch	chrome/app/resources/generated_resources_fr-CA.xtb	generated_resources	fr-CA	467562349011041449	"<translation id=""467562349011041449"">Désactiver tous les navigateurs lorsque la touche Boss est enfoncée</translation>"
other/add-boss-key.patch	thorium-added:other/add-boss-key.patch	chrome/app/resources/generated_resources_gl.xtb	generated_resources	gl	467562349011041449	"<translation id=""467562349011041449"">Silencia todos os navegadores cando se preme a tecla xefe</translation>"
other/add-boss-key.patch	thorium-added:other/add-boss-key.patch	chrome/app/resources/generated_resources_gu.xtb	generated_resources	gu	467562349011041449	"<translation id=""467562349011041449"">જ્યારે બોસ કી દબાવવામાં આવે ત્યારે બધા બ્રાઉઝરને મ્યૂટ કરો</translation>"
other/add-boss-key.patch	thorium-added:other/add-boss-key.patch	chrome/app/resources/generated_resources_hi.xtb	generated_resources	hi	467562349011041449	"<translation id=""467562349011041449"">बॉस कुंजी दबाए जाने पर सभी ब्राउज़र म्यूट कर दें</translation>"
other/add-boss-key.patch	thorium-added:other/add-boss-key.patch	chrome/app/resources/generated_resources_hr.xtb	generated_resources	hr	467562349011041449	"<translation id=""467562349011041449"">Isključite zvuk svih preglednika kada se pritisne tipka šefa</translation>"
other/add-boss-key.patch	thorium-added:other/add-boss-key.patch	chrome/app/resources/generated_resources_hu.xtb	generated_resources	hu	467562349011041449	"<translation id=""467562349011041449"">Az összes böngésző némítása a boss gomb megnyomásakor</translation>"
other/add-boss-key.patch	thorium-added:other/add-boss-key.patch	chrome/app/resources/generated_resources_hy.xtb	generated_resources	hy	467562349011041449	"<translation id=""467562349011041449"">Անջատեք բոլոր բրաուզերները, երբ սեղմված է boss ստեղնը</translation>"
other/add-boss-key.patch	thorium-added:other/add-boss-key.patch	chrome/app/resources/generated_resources_id.xtb	generated_resources	id	467562349011041449	"<translation id=""467562349011041449"">Matikan semua browser saat tombol bos ditekan</translation>"
other/add-boss-key.patch	thorium-added:other/add-boss-key.patch	chrome/app/resources/generated_resources_is.xtb	generated_resources	is	467562349011041449	"<translation id=""467562349011041449"">Slökktu á öllum vöfrum þegar ýtt er á yfirmannstakkann</translation>"
other/add-boss-key.patch	thorium-added:other/add-boss-key.patch	chrome/app/resources/generated_resources_it.xtb	generated_resources	it	467562349011041449	"<translation id=""467562349011041449"">Disattiva l’audio di tutti i browser quando viene premuto il tasto Boss</translation>"
other/add-boss-key.patch	thorium-added:other/add-boss-key.patch	chrome/app/resources/generated_resources_iw.xtb	generated_resources	iw	467562349011041449	"<translation id=""467562349011041449"">השתק את כל הדפדפנים כאשר מקש הבוס נלחץ</translation>"
other/add-boss-key.patch	thorium-added:other/add-boss-key.patch	chrome/app/resources/generated_resources_ja.xtb	generated_resources	ja	467562349011041449	"<translation id=""467562349011041449"">ボスキーが押されたときにすべてのブラウザをミュートする</translation>"
other/add-boss-key.patch	thorium-added:other/add-boss-key.patch	chrome/app/resources/generated_resources_ka.xtb	generated_resources	ka	467562349011041449	"<translation id=""467562349011041449"">დადუმეთ ყველა ბრაუზერი, როდესაც Boss კლავიშს დაჭერთ</translation>"
other/add-boss-key.patch	thorium-added:other/add-boss-key.patch	chrome/app/resources/generated_resources_kk.xtb	generated_resources	kk	467562349011041449	"<translation id=""467562349011041449"">Boss пернесі басылған кезде барлық браузерлердің дыбысын өшіріңіз</translation>"
other/add-boss-key.patch	thorium-added:other/add-boss-key.patch	chrome/app/resources/generated_resources_km.xtb	generated_resources	km	467562349011041449	"<translation id=""467562349011041449"">បិទកម្មវិធីរុករកតាមអ៊ីនធឺណិតទាំងអស់ នៅពេលចុចគ្រាប់ចុចមេ</translation>"
other/add-boss-key.patch	thorium-added:other/add-boss-key.patch	chrome/app/resources/generated_resources_kn.xtb	generated_resources	kn	467562349011041449	"<translation id=""467562349011041449"">ಬಾಸ್ ಕೀಲಿಯನ್ನು ಒತ್ತಿದಾಗ ಎಲ್ಲಾ ಬ್ರೌಸರ್‌ಗಳನ್ನು ಮ್ಯೂಟ್ ಮಾಡಿ</translation>"
other/add-boss-key.patch	thorium-added:other/add-boss-key.patch	chrome/app/resources/generated_resources_ko.xtb	generated_resources	ko	467562349011041449	"<translation id=""467562349011041449"">보스 키를 누를 때 모든 브라우저 음소거</translation>"
other/add-boss-key.patch	thorium-added:other/add-boss-key.patch	chrome/app/resources/generated_resources_ky.xtb	generated_resources	ky	467562349011041449	"<translation id=""467562349011041449"">Boss баскычы басылганда бардык браузерлердин үнүн өчүрүү</translation>"
other/add-boss-key.patch	thorium-added:other/add-boss-key.patch	chrome/app/resources/generated_resources_lo.xtb	generated_resources	lo	467562349011041449	"<translation id=""467562349011041449"">ປິດສຽງທຸກຕົວທ່ອງເວັບເມື່ອກົດປຸ່ມນາຍຈ້າງ</translation>"
other/add-boss-key.patch	thorium-added:other/add-boss-key.patch	chrome/app/resources/generated_resources_lt.xtb	generated_resources	lt	467562349011041449	"<translation id=""467562349011041449"">Nutildyti visas naršykles, kai paspaudžiamas boso klavišas</translation>"
other/add-boss-key.patch	thorium-added:other/add-boss-key.patch	chrome/app/resources/generated_resources_lv.xtb	generated_resources	lv	467562349011041449	"<translation id=""467562349011041449"">Izslēdziet visas pārlūkprogrammas, kad tiek nospiests boss taustiņš</translation>"
other/add-boss-key.patch	thorium-added:other/add-boss-key.patch	chrome/app/resources/generated_resources_mk.xtb	generated_resources	mk	467562349011041449	"<translation id=""467562349011041449"">Исклучете ги сите прелистувачи кога е притиснато копчето Boss</translation>"
other/add-boss-key.patch	thorium-added:other/add-boss-key.patch	chrome/app/resources/generated_resources_ml.xtb	generated_resources	ml	467562349011041449	"<translation id=""467562349011041449"">ബോസ് കീ അമർത്തുമ്പോൾ എല്ലാ ബ്രൗസറുകളും നിശബ്ദമാക്കുക</translation>"
other/add-boss-key.patch	thorium-added:other/add-boss-key.patch	chrome/app/resources/generated_resources_mn.xtb	generated_resources	mn	467562349011041449	"<translation id=""467562349011041449"">Boss товчийг дарахад бүх хөтчийн дууг хаа</translation>"
other/add-boss-key.patch	thorium-added:other/add-boss-key.patch	chrome/app/resources/generated_resources_mr.xtb	generated_resources	mr	467562349011041449	"<translation id=""467562349011041449"">बॉस की दाबल्यावर सर्व ब्राउझर म्यूट करा</translation>"
other/add-boss-key.patch	thorium-added:other/add-boss-key.patch	chrome/app/resources/generated_resources_ms.xtb	generated_resources	ms	467562349011041449	"<translation id=""467562349011041449"">Redamkan semua penyemak imbas apabila kekunci bos ditekan</translation>"
other/add-boss-key.patch	thorium-added:other/add-boss-key.patch	chrome/app/resources/generated_resources_my.xtb	generated_resources	my	467562349011041449	"<translation id=""467562349011041449"">ဘော့စ်ကီးကို နှိပ်လိုက်သောအခါ ဘရောက်ဆာအားလုံးကို ပိတ်ထားပါ။</translation>"
other/add-boss-key.patch	thorium-added:other/add-boss-key.patch	chrome/app/resources/generated_resources_ne.xtb	generated_resources	ne	467562349011041449	"<translation id=""467562349011041449"">बॉस कुञ्जी थिच्दा सबै ब्राउजरहरू म्यूट गर्नुहोस्</translation>"
other/add-boss-key.patch	thorium-added:other/add-boss-key.patch	chrome/app/resources/generated_resources_nl.xtb	generated_resources	nl	467562349011041449	"<translation id=""467562349011041449"">Alle browsers dempen wanneer de baas-toets wordt ingedrukt</translation>"
other/add-boss-key.patch	thorium-added:other/add-boss-key.patch	chrome/app/resources/generated_resources_no.xtb	generated_resources	no	467562349011041449	"<translation id=""467562349011041449"">Demp alle nettlesere når boss-tasten trykkes</translation>"
other/add-boss-key.patch	thorium-added:other/add-boss-key.patch	chrome/app/resources/generated_resources_or.xtb	generated_resources	or	467562349011041449	"<translation id=""467562349011041449"">ବସ୍ ଚାବି ଦବାଇବା ସମୟରେ ସମସ୍ତ ବ୍ରାଉଜରକୁ ମ୍ୟୁଟ୍ କରନ୍ତୁ |</translation>"
other/add-boss-key.patch	thorium-added:other/add-boss-key.patch	chrome/app/resources/generated_resources_pa.xtb	generated_resources	pa	467562349011041449	"<translation id=""467562349011041449"">ਬੌਸ ਕੁੰਜੀ ਦਬਾਉਣ &#x27;ਤੇ ਸਾਰੇ ਬ੍ਰਾਊਜ਼ਰਾਂ ਨੂੰ ਮਿਊਟ ਕਰੋ</translation>"
other/add-boss-key.patch	thorium-added:other/add-boss-key.patch	chrome/app/resources/generated_resources_pl.xtb	generated_resources	pl	467562349011041449	"<translation id=""467562349011041449"">Wycisz wszystkie przeglądarki po naciśnięciu klawisza szefa</translation>"
other/add-boss-key.patch	thorium-added:other/add-boss-key.patch	chrome/app/resources/generated_resources_pt-BR.xtb	generated_resources	pt-BR	467562349011041449	"<translation id=""467562349011041449"">Silenciar todos os navegadores quando a tecla do chefe for pressionada</translation>"
other/add-boss-key.patch	thorium-added:other/add-boss-key.patch	chrome/app/resources/generated_resources_pt-PT.xtb	generated_resources	pt-PT	467562349011041449	"<translation id=""467562349011041449"">Silenciar todos os navegadores quando a tecla Boss for pressionada</translation>"
other/add-boss-key.patch	thorium-added:other/add-boss-key.patch	chrome/app/resources/generated_resources_ro.xtb	generated_resources	ro	467562349011041449	"<translation id=""467562349011041449"">Dezactivați sunetul tuturor browserelor când este apăsată tasta boss</translation>"
other/add-boss-key.patch	thorium-added:other/add-boss-key.patch	chrome/app/resources/generated_resources_ru.xtb	generated_resources	ru	467562349011041449	"<translation id=""467562349011041449"">Отключать звук во всех браузерах при нажатии клавиши босса</translation>"
other/add-boss-key.patch	thorium-added:other/add-boss-key.patch	chrome/app/resources/generated_resources_si.xtb	generated_resources	si	467562349011041449	"<translation id=""467562349011041449"">ලොක්කා යතුර එබූ විට සියලුම බ්‍රව්සර් නිශ්ශබ්ද කරන්න</translation>"
other/add-boss-key.patch	thorium-added:other/add-boss-key.patch	chrome/app/resources/generated_resources_sk.xtb	generated_resources	sk	467562349011041449	"<translation id=""467562349011041449"">Stlmiť všetky prehliadače po stlačení klávesy šéfa</translation>"
other/add-boss-key.patch	thorium-added:other/add-boss-key.patch	chrome/app/resources/generated_resources_sl.xtb	generated_resources	sl	467562349011041449	"<translation id=""467562349011041449"">Izklopi zvok vseh brskalnikov, ko pritisnete tipko šefa</translation>"
other/add-boss-key.patch	thorium-added:other/add-boss-key.patch	chrome/app/resources/generated_resources_sq.xtb	generated_resources	sq	467562349011041449	"<translation id=""467562349011041449"">Heshtni të gjithë shfletuesit kur shtypet tasti boss</translation>"
other/add-boss-key.patch	thorium-added:other/add-boss-key.patch	chrome/app/resources/generated_resources_sr.xtb	generated_resources	sr	467562349011041449	"<translation id=""467562349011041449"">Искључите звук свих претраживача када се притисне главни тастер</translation>"
other/add-boss-key.patch	thorium-added:other/add-boss-key.patch	chrome/app/resources/generated_resources_sr-Latn.xtb	generated_resources	sr-Latn	467562349011041449	"<translation id=""467562349011041449"">Isključi zvuk svih pregledača kada se pritisne taster šefa</translation>"
other/add-boss-key.patch	thorium-added:other/add-boss-key.patch	chrome/app/resources/generated_resources_sv.xtb	generated_resources	sv	467562349011041449	"<translation id=""467562349011041449"">Stäng av alla webbläsare när du trycker på bossknappen</translation>"
other/add-boss-key.patch	thorium-added:other/add-boss-key.patch	chrome/app/resources/generated_resources_sw.xtb	generated_resources	sw	467562349011041449	"<translation id=""467562349011041449"">Zima vivinjari vyote wakati ufunguo wa bosi umebonyezwa</translation>"
other/add-boss-key.patch	thorium-added:other/add-boss-key.patch	chrome/app/resources/generated_resources_ta.xtb	generated_resources	ta	467562349011041449	"<translation id=""467562349011041449"">பாஸ் கீயை அழுத்தும் போது அனைத்து உலாவிகளையும் முடக்கு</translation>"
other/add-boss-key.patch	thorium-added:other/add-boss-key.patch	chrome/app/resources/generated_resources_te.xtb	generated_resources	te	467562349011041449	"<translation id=""467562349011041449"">బాస్ కీ నొక్కినప్పుడు అన్ని బ్రౌజర్‌లను మ్యూట్ చేయండి</translation>"
other/add-boss-key.patch	thorium-added:other/add-boss-key.patch	chrome/app/resources/generated_resources_th.xtb	generated_resources	th	467562349011041449	"<translation id=""467562349011041449"">ปิดเสียงเบราว์เซอร์ทั้งหมดเมื่อกดปุ่มบอส</translation>"
other/add-boss-key.patch	thorium-added:other/add-boss-key.patch	chrome/app/resources/generated_resources_tr.xtb	generated_resources	tr	467562349011041449	"<translation id=""467562349011041449"">Patron tuşuna basıldığında tüm tarayıcıların sesini kapat</translation>"
other/add-boss-key.patch	thorium-added:other/add-boss-key.patch	chrome/app/resources/generated_resources_uk.xtb	generated_resources	uk	467562349011041449	"<translation id=""467562349011041449"">Вимикати звук у всіх браузерах після натискання клавіші боса</translation>"
other/add-boss-key.patch	thorium-added:other/add-boss-key.patch	chrome/app/resources/generated_resources_ur.xtb	generated_resources	ur	467562349011041449	"<translation id=""467562349011041449"">باس کی دبانے پر تمام براؤزرز کو خاموش کر دیں۔</translation>"
other/add-boss-key.patch	thorium-added:other/add-boss-key.patch	chrome/app/resources/generated_resources_uz.xtb	generated_resources	uz	467562349011041449	"<translation id=""467562349011041449"">Boss tugmasi bosilganda barcha brauzerlarning ovozini o&#x27;chiring</translation>"
other/add-boss-key.patch	thorium-added:other/add-boss-key.patch	chrome/app/resources/generated_resources_vi.xtb	generated_resources	vi	467562349011041449	"<translation id=""467562349011041449"">Tắt tiếng tất cả các trình duyệt khi nhấn phím trùm</translation>"
other/add-boss-key.patch	thorium-added:other/add-boss-key.patch	chrome/app/resources/generated_resources_zh-CN.xtb	generated_resources	zh-CN	467562349011041449	"<translation id=""467562349011041449"">按下老板键时将所有浏览器静音</translation>"
other/add-boss-key.patch	thorium-added:other/add-boss-key.patch	chrome/app/resources/generated_resources_zh-HK.xtb	generated_resources	zh-HK	467562349011041449	"<translation id=""467562349011041449"">按下老闆鍵時將所有瀏覽器靜音</translation>"
other/add-boss-key.patch	thorium-added:other/add-boss-key.patch	chrome/app/resources/generated_resources_zh-TW.xtb	generated_resources	zh-TW	467562349011041449	"<translation id=""467562349011041449"">按下老闆鍵時將所有瀏覽器靜音</translation>"
other/add-boss-key.patch	thorium-added:other/add-boss-key.patch	chrome/app/resources/generated_resources_zu.xtb	generated_resources	zu	467562349011041449	"<translation id=""467562349011041449"">Thulisa zonke iziphequluli lapho ukhiye omkhulu ucindezelwa</translation>"
other/add-boss-key.patch	thorium-added:other/add-boss-key.patch	chrome/app/resources/generated_resources_af.xtb	generated_resources	af	2830892550257481074	"<translation id=""2830892550257481074"">Klik en druk &#x27;n sleutelbordkortpad</translation>"
other/add-boss-key.patch	thorium-added:other/add-boss-key.patch	chrome/app/resources/generated_resources_am.xtb	generated_resources	am	2830892550257481074	"<translation id=""2830892550257481074"">የቁልፍ ሰሌዳ አቋራጭን ጠቅ ያድርጉ እና ይጫኑ</translation>"
other/add-boss-key.patch	thorium-added:other/add-boss-key.patch	chrome/app/resources/generated_resources_ar.xtb	generated_resources	ar	2830892550257481074	"<translation id=""2830892550257481074"">انقر ثم اضغط على اختصار لوحة المفاتيح</translation>"
other/add-boss-key.patch	thorium-added:other/add-boss-key.patch	chrome/app/resources/generated_resources_as.xtb	generated_resources	as	2830892550257481074	"<translation id=""2830892550257481074"">এটা কিবৰ্ড চৰ্টকাট ক্লিক কৰক আৰু টিপক</translation>"
other/add-boss-key.patch	thorium-added:other/add-boss-key.patch	chrome/app/resources/generated_resources_az.xtb	generated_resources	az	2830892550257481074	"<translation id=""2830892550257481074"">Klaviatura qısa yolunu basın və basın</translation>"
other/add-boss-key.patch	thorium-added:other/add-boss-key.patch	chrome/app/resources/generated_resources_be.xtb	generated_resources	be	2830892550257481074	"<translation id=""2830892550257481074"">Націсніце і націсніце спалучэнне клавіш</translation>"
other/add-boss-key.patch	thorium-added:other/add-boss-key.patch	chrome/app/resources/generated_resources_bg.xtb	generated_resources	bg	2830892550257481074	"<translation id=""2830892550257481074"">Щракнете и натиснете клавишна комбинация</translation>"
other/add-boss-key.patch	thorium-added:other/add-boss-key.patch	chrome/app/resources/generated_resources_bn.xtb	generated_resources	bn	2830892550257481074	"<translation id=""2830892550257481074"">ক্লিক করুন এবং একটি কীবোর্ড শর্টকাট টিপুন</translation>"
other/add-boss-key.patch	thorium-added:other/add-boss-key.patch	chrome/app/resources/generated_resources_bs.xtb	generated_resources	bs	2830892550257481074	"<translation id=""2830892550257481074"">Kliknite i pritisnite prečicu na tastaturi</translation>"
other/add-boss-key.patch	thorium-added:other/add-boss-key.patch	chrome/app/resources/generated_resources_ca.xtb	generated_resources	ca	2830892550257481074	"<translation id=""2830892550257481074"">Feu clic i premeu una drecera de teclat</translation>"
other/add-boss-key.patch	thorium-added:other/add-boss-key.patch	chrome/app/resources/generated_resources_cs.xtb	generated_resources	cs	2830892550257481074	"<translation id=""2830892550257481074"">Klikněte a stiskněte klávesovou zkratku</translation>"
other/add-boss-key.patch	thorium-added:other/add-boss-key.patch	chrome/app/resources/generated_resources_cy.xtb	generated_resources	cy	2830892550257481074	"<translation id=""2830892550257481074"">Cliciwch a gwasgwch lwybr byr bysellfwrdd</translation>"
other/add-boss-key.patch	thorium-added:other/add-boss-key.patch	chrome/app/resources/generated_resources_da.xtb	generated_resources	da	2830892550257481074	"<translation id=""2830892550257481074"">Klik og tryk på en tastaturgenvej</translation>"
other/add-boss-key.patch	thorium-added:other/add-boss-key.patch	chrome/app/resources/generated_resources_de.xtb	generated_resources	de	2830892550257481074	"<translation id=""2830892550257481074"">Klicken und Tastenkürzel drücken</translation>"
other/add-boss-key.patch	thorium-added:other/add-boss-key.patch	chrome/app/resources/generated_resources_el.xtb	generated_resources	el	2830892550257481074	"<translation id=""2830892550257481074"">Κάντε κλικ και πατήστε μια συντόμευση πληκτρολογίου</translation>"
other/add-boss-key.patch	thorium-added:other/add-boss-key.patch	chrome/app/resources/generated_resources_en-GB.xtb	generated_resources	en-GB	2830892550257481074	"<translation id=""2830892550257481074"">Click and press a keyboard shortcut</translation>"
other/add-boss-key.patch	thorium-added:other/add-boss-key.patch	chrome/app/resources/generated_resources_es.xtb	generated_resources	es	2830892550257481074	"<translation id=""2830892550257481074"">Haz clic y pulsa un atajo de teclado</translation>"
other/add-boss-key.patch	thorium-added:other/add-boss-key.patch	chrome/app/resources/generated_resources_es-419.xtb	generated_resources	es-419	2830892550257481074	"<translation id=""2830892550257481074"">Haga clic y presione un atajo de teclado</translation>"
other/add-boss-key.patch	thorium-added:other/add-boss-key.patch	chrome/app/resources/generated_resources_et.xtb	generated_resources	et	2830892550257481074	"<translation id=""2830892550257481074"">Klõpsake ja vajutage kiirklahvi</translation>"
other/add-boss-key.patch	thorium-added:other/add-boss-key.patch	chrome/app/resources/generated_resources_eu.xtb	generated_resources	eu	2830892550257481074	"<translation id=""2830892550257481074"">Egin klik eta sakatu teklatuko lasterbide bat</translation>"
other/add-boss-key.patch	thorium-added:other/add-boss-key.patch	chrome/app/resources/generated_resources_fa.xtb	generated_resources	fa	2830892550257481074	"<translation id=""2830892550257481074"">روی یک میانبر صفحه کلید کلیک کرده و فشار دهید</translation>"
other/add-boss-key.patch	thorium-added:other/add-boss-key.patch	chrome/app/resources/generated_resources_fi.xtb	generated_resources	fi	2830892550257481074	"<translation id=""2830892550257481074"">Napsauta ja paina pikanäppäintä</translation>"
other/add-boss-key.patch	thorium-added:other/add-boss-key.patch	chrome/app/resources/generated_resources_fil.xtb	generated_resources	fil	2830892550257481074	"<translation id=""2830892550257481074"">Mag-click at pindutin ang isang keyboard shortcut</translation>"
other/add-boss-key.patch	thorium-added:other/add-boss-key.patch	chrome/app/resources/generated_resources_fr.xtb	generated_resources	fr	2830892550257481074	"<translation id=""2830892550257481074"">Cliquez puis appuyez sur un raccourci clavier</translation>"
other/add-boss-key.patch	thorium-added:other/add-boss-key.patch	chrome/app/resources/generated_resources_fr-CA.xtb	generated_resources	fr-CA	2830892550257481074	"<translation id=""2830892550257481074"">Cliquez et appuyez sur un raccourci clavier</translation>"
other/add-boss-key.patch	thorium-added:other/add-boss-key.patch	chrome/app/resources/generated_resources_gl.xtb	generated_resources	gl	2830892550257481074	"<translation id=""2830892550257481074"">Fai clic e prema un atallo de teclado</translation>"
other/add-boss-key.patch	thorium-added:other/add-boss-key.patch	chrome/app/resources/generated_resources_gu.xtb	generated_resources	gu	2830892550257481074	"<translation id=""2830892550257481074"">કીબોર્ડ શોર્ટકટ પર ક્લિક કરો અને દબાવો</translation>"
other/add-boss-key.patch	thorium-added:other/add-boss-key.patch	chrome/app/resources/generated_resources_hi.xtb	generated_resources	hi	2830892550257481074	"<translation id=""2830892550257481074"">एक कीबोर्ड शॉर्टकट पर क्लिक करें और दबाएँ</translation>"
other/add-boss-key.patch	thorium-added:other/add-boss-key.patch	chrome/app/resources/generated_resources_hr.xtb	generated_resources	hr	2830892550257481074	"<translation id=""2830892550257481074"">Kliknite i pritisnite tipkovni prečac</translation>"
other/add-boss-key.patch	thorium-added:other/add-boss-key.patch	chrome/app/resources/generated_resources_hu.xtb	generated_resources	hu	2830892550257481074	"<translation id=""2830892550257481074"">Kattintson és nyomjon meg egy billentyűparancsot</translation>"
other/add-boss-key.patch	thorium-added:other/add-boss-key.patch	chrome/app/resources/generated_resources_hy.xtb	generated_resources	hy	2830892550257481074	"<translation id=""2830892550257481074"">Սեղմեք և սեղմեք ստեղնաշարի դյուրանցումը</translation>"
other/add-boss-key.patch	thorium-added:other/add-boss-key.patch	chrome/app/resources/generated_resources_id.xtb	generated_resources	id	2830892550257481074	"<translation id=""2830892550257481074"">Klik dan tekan pintasan keyboard</translation>"
other/add-boss-key.patch	thorium-added:other/add-boss-key.patch	chrome/app/resources/generated_resources_is.xtb	generated_resources	is	2830892550257481074	"<translation id=""2830892550257481074"">Smelltu og ýttu á flýtilykla</translation>"
other/add-boss-key.patch	thorium-added:other/add-boss-key.patch	chrome/app/resources/generated_resources_it.xtb	generated_resources	it	2830892550257481074	"<translation id=""2830892550257481074"">Fai clic e premi una scorciatoia da tastiera</translation>"
other/add-boss-key.patch	thorium-added:other/add-boss-key.patch	chrome/app/resources/generated_resources_iw.xtb	generated_resources	iw	2830892550257481074	"<translation id=""2830892550257481074"">לחץ והקש על קיצור מקשים</translation>"
other/add-boss-key.patch	thorium-added:other/add-boss-key.patch	chrome/app/resources/generated_resources_ja.xtb	generated_resources	ja	2830892550257481074	"<translation id=""2830892550257481074"">クリックしてキーボード ショートカットを押してください</translation>"
other/add-boss-key.patch	thorium-added:other/add-boss-key.patch	chrome/app/resources/generated_resources_ka.xtb	generated_resources	ka	2830892550257481074	"<translation id=""2830892550257481074"">დააწკაპუნეთ და დააჭირეთ კლავიატურის მალსახმობს</translation>"
other/add-boss-key.patch	thorium-added:other/add-boss-key.patch	chrome/app/resources/generated_resources_kk.xtb	generated_resources	kk	2830892550257481074	"<translation id=""2830892550257481074"">Пернелер тіркесімін басып, басыңыз</translation>"
other/add-boss-key.patch	thorium-added:other/add-boss-key.patch	chrome/app/resources/generated_resources_km.xtb	generated_resources	km	2830892550257481074	"<translation id=""2830892550257481074"">ចុចហើយចុចផ្លូវកាត់ក្តារចុច</translation>"
other/add-boss-key.patch	thorium-added:other/add-boss-key.patch	chrome/app/resources/generated_resources_kn.xtb	generated_resources	kn	2830892550257481074	"<translation id=""2830892550257481074"">ಕೀಬೋರ್ಡ್ ಶಾರ್ಟ್‌ಕಟ್ ಅನ್ನು ಕ್ಲಿಕ್ ಮಾಡಿ ಮತ್ತು ಒತ್ತಿರಿ</translation>"
other/add-boss-key.patch	thorium-added:other/add-boss-key.patch	chrome/app/resources/generated_resources_ko.xtb	generated_resources	ko	2830892550257481074	"<translation id=""2830892550257481074"">클릭한 후 키보드 단축키를 누르세요</translation>"
other/add-boss-key.patch	thorium-added:other/add-boss-key.patch	chrome/app/resources/generated_resources_ky.xtb	generated_resources	ky	2830892550257481074	"<translation id=""2830892550257481074"">Баскычтоптун жарлыгын басып, басыңыз</translation>"
other/add-boss-key.patch	thorium-added:other/add-boss-key.patch	chrome/app/resources/generated_resources_lo.xtb	generated_resources	lo	2830892550257481074	"<translation id=""2830892550257481074"">ກົດແລະກົດແປ້ນພິມລັດ</translation>"
other/add-boss-key.patch	thorium-added:other/add-boss-key.patch	chrome/app/resources/generated_resources_lt.xtb	generated_resources	lt	2830892550257481074	"<translation id=""2830892550257481074"">Spustelėkite ir paspauskite spartųjį klavišą</translation>"
other/add-boss-key.patch	thorium-added:other/add-boss-key.patch	chrome/app/resources/generated_resources_lv.xtb	generated_resources	lv	2830892550257481074	"<translation id=""2830892550257481074"">Noklikšķiniet un nospiediet īsinājumtaustiņu</translation>"
other/add-boss-key.patch	thorium-added:other/add-boss-key.patch	chrome/app/resources/generated_resources_mk.xtb	generated_resources	mk	2830892550257481074	"<translation id=""2830892550257481074"">Кликнете и притиснете кратенка на тастатурата</translation>"
other/add-boss-key.patch	thorium-added:other/add-boss-key.patch	chrome/app/resources/generated_resources_ml.xtb	generated_resources	ml	2830892550257481074	"<translation id=""2830892550257481074"">ഒരു കീബോർഡ് കുറുക്കുവഴി ക്ലിക്ക് ചെയ്ത് അമർത്തുക</translation>"
other/add-boss-key.patch	thorium-added:other/add-boss-key.patch	chrome/app/resources/generated_resources_mn.xtb	generated_resources	mn	2830892550257481074	"<translation id=""2830892550257481074"">Гарын товчлол дээр товшоод дарна уу</translation>"
other/add-boss-key.patch	thorium-added:other/add-boss-key.patch	chrome/app/resources/generated_resources_mr.xtb	generated_resources	mr	2830892550257481074	"<translation id=""2830892550257481074"">कीबोर्ड शॉर्टकट क्लिक करा आणि दाबा</translation>"
other/add-boss-key.patch	thorium-added:other/add-boss-key.patch	chrome/app/resources/generated_resources_ms.xtb	generated_resources	ms	2830892550257481074	"<translation id=""2830892550257481074"">Klik dan tekan pintasan papan kekunci</translation>"
other/add-boss-key.patch	thorium-added:other/add-boss-key.patch	chrome/app/resources/generated_resources_my.xtb	generated_resources	my	2830892550257481074	"<translation id=""2830892550257481074"">ကီးဘုတ်ဖြတ်လမ်းကို နှိပ်ပြီး နှိပ်ပါ။</translation>"
other/add-boss-key.patch	thorium-added:other/add-boss-key.patch	chrome/app/resources/generated_resources_ne.xtb	generated_resources	ne	2830892550257481074	"<translation id=""2830892550257481074"">किबोर्ड सर्टकट क्लिक गर्नुहोस् र थिच्नुहोस्</translation>"
other/add-boss-key.patch	thorium-added:other/add-boss-key.patch	chrome/app/resources/generated_resources_nl.xtb	generated_resources	nl	2830892550257481074	"<translation id=""2830892550257481074"">Klik en druk op een sneltoets</translation>"
other/add-boss-key.patch	thorium-added:other/add-boss-key.patch	chrome/app/resources/generated_resources_no.xtb	generated_resources	no	2830892550257481074	"<translation id=""2830892550257481074"">Klikk og trykk på en hurtigtast</translation>"
other/add-boss-key.patch	thorium-added:other/add-boss-key.patch	chrome/app/resources/generated_resources_or.xtb	generated_resources	or	2830892550257481074	"<translation id=""2830892550257481074"">ଏକ କୀବୋର୍ଡ୍ ସର୍ଟକଟ୍ କ୍ଲିକ୍ କରି ଦବାନ୍ତୁ |</translation>"
other/add-boss-key.patch	thorium-added:other/add-boss-key.patch	chrome/app/resources/generated_resources_pa.xtb	generated_resources	pa	2830892550257481074	"<translation id=""2830892550257481074"">ਕੀਬੋਰਡ ਸ਼ਾਰਟਕੱਟ &#x27;ਤੇ ਕਲਿੱਕ ਕਰੋ ਅਤੇ ਦਬਾਓ</translation>"
other/add-boss-key.patch	thorium-added:other/add-boss-key.patch	chrome/app/resources/generated_resources_pl.xtb	generated_resources	pl	2830892550257481074	"<translation id=""2830892550257481074"">Kliknij i naciśnij skrót klawiszowy</translation>"
other/add-boss-key.patch	thorium-added:other/add-boss-key.patch	chrome/app/resources/generated_resources_pt-BR.xtb	generated_resources	pt-BR	2830892550257481074	"<translation id=""2830892550257481074"">Clique e pressione um atalho de teclado</translation>"
other/add-boss-key.patch	thorium-added:other/add-boss-key.patch	chrome/app/resources/generated_resources_pt-PT.xtb	generated_resources	pt-PT	2830892550257481074	"<translation id=""2830892550257481074"">Clique e pressione um atalho de teclado</translation>"
other/add-boss-key.patch	thorium-added:other/add-boss-key.patch	chrome/app/resources/generated_resources_ro.xtb	generated_resources	ro	2830892550257481074	"<translation id=""2830892550257481074"">Faceți clic și apăsați pe o comandă rapidă de la tastatură</translation>"
other/add-boss-key.patch	thorium-added:other/add-boss-key.patch	chrome/app/resources/generated_resources_ru.xtb	generated_resources	ru	2830892550257481074	"<translation id=""2830892550257481074"">Нажмите здесь, а затем задайте сочетание клавиш</translation>"
other/add-boss-key.patch	thorium-added:other/add-boss-key.patch	chrome/app/resources/generated_resources_si.xtb	generated_resources	si	2830892550257481074	"<translation id=""2830892550257481074"">යතුරුපුවරු කෙටිමඟක් ක්ලික් කර ඔබන්න</translation>"
other/add-boss-key.patch	thorium-added:other/add-boss-key.patch	chrome/app/resources/generated_resources_sk.xtb	generated_resources	sk	2830892550257481074	"<translation id=""2830892550257481074"">Kliknite a stlačte klávesovú skratku</translation>"
other/add-boss-key.patch	thorium-added:other/add-boss-key.patch	chrome/app/resources/generated_resources_sl.xtb	generated_resources	sl	2830892550257481074	"<translation id=""2830892550257481074"">Kliknite in pritisnite bližnjico na tipkovnici</translation>"
other/add-boss-key.patch	thorium-added:other/add-boss-key.patch	chrome/app/resources/generated_resources_sq.xtb	generated_resources	sq	2830892550257481074	"<translation id=""2830892550257481074"">Klikoni dhe shtypni një shkurtore të tastierës</translation>"
other/add-boss-key.patch	thorium-added:other/add-boss-key.patch	chrome/app/resources/generated_resources_sr.xtb	generated_resources	sr	2830892550257481074	"<translation id=""2830892550257481074"">Кликните и притисните пречицу на тастатури</translation>"
other/add-boss-key.patch	thorium-added:other/add-boss-key.patch	chrome/app/resources/generated_resources_sr-Latn.xtb	generated_resources	sr-Latn	2830892550257481074	"<translation id=""2830892550257481074"">Kliknite i pritisnite prečicu na tastaturi</translation>"
other/add-boss-key.patch	thorium-added:other/add-boss-key.patch	chrome/app/resources/generated_resources_sv.xtb	generated_resources	sv	2830892550257481074	"<translation id=""2830892550257481074"">Klicka och tryck på ett kortkommando</translation>"
other/add-boss-key.patch	thorium-added:other/add-boss-key.patch	chrome/app/resources/generated_resources_sw.xtb	generated_resources	sw	2830892550257481074	"<translation id=""2830892550257481074"">Bofya na ubonyeze njia ya mkato ya kibodi</translation>"
other/add-boss-key.patch	thorium-added:other/add-boss-key.patch	chrome/app/resources/generated_resources_ta.xtb	generated_resources	ta	2830892550257481074	"<translation id=""2830892550257481074"">விசைப்பலகை குறுக்குவழியைக் கிளிக் செய்து அழுத்தவும்</translation>"
other/add-boss-key.patch	thorium-added:other/add-boss-key.patch	chrome/app/resources/generated_resources_te.xtb	generated_resources	te	2830892550257481074	"<translation id=""2830892550257481074"">కీబోర్డ్ సత్వరమార్గాన్ని క్లిక్ చేసి నొక్కండి</translation>"
other/add-boss-key.patch	thorium-added:other/add-boss-key.patch	chrome/app/resources/generated_resources_th.xtb	generated_resources	th	2830892550257481074	"<translation id=""2830892550257481074"">คลิกและกดแป้นพิมพ์ลัด</translation>"
other/add-boss-key.patch	thorium-added:other/add-boss-key.patch	chrome/app/resources/generated_resources_tr.xtb	generated_resources	tr	2830892550257481074	"<translation id=""2830892550257481074"">Tıklayın ve bir klavye kısayoluna basın</translation>"
other/add-boss-key.patch	thorium-added:other/add-boss-key.patch	chrome/app/resources/generated_resources_uk.xtb	generated_resources	uk	2830892550257481074	"<translation id=""2830892550257481074"">Натисніть тут, а потім задайте сполучення клавіш</translation>"
other/add-boss-key.patch	thorium-added:other/add-boss-key.patch	chrome/app/resources/generated_resources_ur.xtb	generated_resources	ur	2830892550257481074	"<translation id=""2830892550257481074"">کی بورڈ شارٹ کٹ پر کلک کریں اور دبائیں۔</translation>"
other/add-boss-key.patch	thorium-added:other/add-boss-key.patch	chrome/app/resources/generated_resources_uz.xtb	generated_resources	uz	2830892550257481074	"<translation id=""2830892550257481074"">Klaviatura yorlig&#x27;ini bosing va bosing</translation>"
other/add-boss-key.patch	thorium-added:other/add-boss-key.patch	chrome/app/resources/generated_resources_vi.xtb	generated_resources	vi	2830892550257481074	"<translation id=""2830892550257481074"">Nhấp và nhấn phím tắt</translation>"
other/add-boss-key.patch	thorium-added:other/add-boss-key.patch	chrome/app/resources/generated_resources_zh-CN.xtb	generated_resources	zh-CN	2830892550257481074	"<translation id=""2830892550257481074"">点击并按下键盘快捷键</translation>"
other/add-boss-key.patch	thorium-added:other/add-boss-key.patch	chrome/app/resources/generated_resources_zh-HK.xtb	generated_resources	zh-HK	2830892550257481074	"<translation id=""2830892550257481074"">點擊並按下鍵盤快捷鍵</translation>"
other/add-boss-key.patch	thorium-added:other/add-boss-key.patch	chrome/app/resources/generated_resources_zh-TW.xtb	generated_resources	zh-TW	2830892550257481074	"<translation id=""2830892550257481074"">點選後按下鍵盤快速鍵</translation>"
other/add-boss-key.patch	thorium-added:other/add-boss-key.patch	chrome/app/resources/generated_resources_zu.xtb	generated_resources	zu	2830892550257481074	"<translation id=""2830892550257481074"">Chofoza bese ucindezela isinqamuleli sekhibhodi</translation>"
other/add-boss-key.patch	thorium-added:other/add-boss-key.patch	chrome/app/resources/generated_resources_af.xtb	generated_resources	af	3140617594583811984	"<translation id=""3140617594583811984"">Hierdie kortpad is nie beskikbaar nie of word reeds deur &#x27;n ander toepassing gebruik</translation>"
other/add-boss-key.patch	thorium-added:other/add-boss-key.patch	chrome/app/resources/generated_resources_am.xtb	generated_resources	am	3140617594583811984	"<translation id=""3140617594583811984"">ይህ አቋራጭ አይገኝም ወይም አስቀድሞ በሌላ መተግበሪያ ጥቅም ላይ ውሏል</translation>"
other/add-boss-key.patch	thorium-added:other/add-boss-key.patch	chrome/app/resources/generated_resources_ar.xtb	generated_resources	ar	3140617594583811984	"<translation id=""3140617594583811984"">هذا الاختصار غير متاح أو مستخدم بالفعل بواسطة تطبيق آخر</translation>"
other/add-boss-key.patch	thorium-added:other/add-boss-key.patch	chrome/app/resources/generated_resources_as.xtb	generated_resources	as	3140617594583811984	"<translation id=""3140617594583811984"">এই চৰ্টকাট উপলব্ধ নহয় বা ইতিমধ্যে অন্য এপ্লিকেচনে ব্যৱহাৰ কৰা হৈছে</translation>"
other/add-boss-key.patch	thorium-added:other/add-boss-key.patch	chrome/app/resources/generated_resources_az.xtb	generated_resources	az	3140617594583811984	"<translation id=""3140617594583811984"">Bu qısayol əlçatan deyil və ya artıq başqa proqram tərəfindən istifadə olunur</translation>"
other/add-boss-key.patch	thorium-added:other/add-boss-key.patch	chrome/app/resources/generated_resources_be.xtb	generated_resources	be	3140617594583811984	"<translation id=""3140617594583811984"">Гэты ярлык недаступны або ўжо выкарыстоўваецца іншай праграмай</translation>"
other/add-boss-key.patch	thorium-added:other/add-boss-key.patch	chrome/app/resources/generated_resources_bg.xtb	generated_resources	bg	3140617594583811984	"<translation id=""3140617594583811984"">Този пряк път не е наличен или вече се използва от друго приложение</translation>"
other/add-boss-key.patch	thorium-added:other/add-boss-key.patch	chrome/app/resources/generated_resources_bn.xtb	generated_resources	bn	3140617594583811984	"<translation id=""3140617594583811984"">এই শর্টকাটটি অনুপলব্ধ বা ইতিমধ্যেই অন্য অ্যাপ্লিকেশন দ্বারা ব্যবহার করা হয়েছে৷</translation>"
other/add-boss-key.patch	thorium-added:other/add-boss-key.patch	chrome/app/resources/generated_resources_bs.xtb	generated_resources	bs	3140617594583811984	"<translation id=""3140617594583811984"">Ova prečica je nedostupna ili je već koristi druga aplikacija</translation>"
other/add-boss-key.patch	thorium-added:other/add-boss-key.patch	chrome/app/resources/generated_resources_ca.xtb	generated_resources	ca	3140617594583811984	"<translation id=""3140617594583811984"">Aquesta drecera no està disponible o ja l&#x27;utilitza una altra aplicació</translation>"
other/add-boss-key.patch	thorium-added:other/add-boss-key.patch	chrome/app/resources/generated_resources_cs.xtb	generated_resources	cs	3140617594583811984	"<translation id=""3140617594583811984"">Tato zkratka je nedostupná nebo ji již používá jiná aplikace</translation>"
other/add-boss-key.patch	thorium-added:other/add-boss-key.patch	chrome/app/resources/generated_resources_cy.xtb	generated_resources	cy	3140617594583811984	"<translation id=""3140617594583811984"">Nid yw&#x27;r llwybr byr hwn ar gael neu mae eisoes yn cael ei ddefnyddio gan raglen arall</translation>"
other/add-boss-key.patch	thorium-added:other/add-boss-key.patch	chrome/app/resources/generated_resources_da.xtb	generated_resources	da	3140617594583811984	"<translation id=""3140617594583811984"">Denne genvej er ikke tilgængelig eller bruges allerede af et andet program</translation>"
other/add-boss-key.patch	thorium-added:other/add-boss-key.patch	chrome/app/resources/generated_resources_de.xtb	generated_resources	de	3140617594583811984	"<translation id=""3140617594583811984"">Dieses Tastenkürzel ist nicht verfügbar oder wird bereits von einer anderen Anwendung verwendet</translation>"
other/add-boss-key.patch	thorium-added:other/add-boss-key.patch	chrome/app/resources/generated_resources_el.xtb	generated_resources	el	3140617594583811984	"<translation id=""3140617594583811984"">Αυτή η συντόμευση δεν είναι διαθέσιμη ή χρησιμοποιείται ήδη από άλλη εφαρμογή</translation>"
other/add-boss-key.patch	thorium-added:other/add-boss-key.patch	chrome/app/resources/generated_resources_en-GB.xtb	generated_resources	en-GB	3140617594583811984	"<translation id=""3140617594583811984"">This shortcut is unavailable or is already used by another application</translation>"
other/add-boss-key.patch	thorium-added:other/add-boss-key.patch	chrome/app/resources/generated_resources_es.xtb	generated_resources	es	3140617594583811984	"<translation id=""3140617594583811984"">Este atajo no está disponible o ya lo utiliza otra aplicación</translation>"
other/add-boss-key.patch	thorium-added:other/add-boss-key.patch	chrome/app/resources/generated_resources_es-419.xtb	generated_resources	es-419	3140617594583811984	"<translation id=""3140617594583811984"">Este acceso directo no está disponible o ya lo utiliza otra aplicación</translation>"
other/add-boss-key.patch	thorium-added:other/add-boss-key.patch	chrome/app/resources/generated_resources_et.xtb	generated_resources	et	3140617594583811984	"<translation id=""3140617594583811984"">See otsetee pole saadaval või seda kasutab juba mõni teine rakendus</translation>"
other/add-boss-key.patch	thorium-added:other/add-boss-key.patch	chrome/app/resources/generated_resources_eu.xtb	generated_resources	eu	3140617594583811984	"<translation id=""3140617594583811984"">Lasterbide hau ez dago erabilgarri edo dagoeneko beste aplikazio batek erabiltzen du</translation>"
other/add-boss-key.patch	thorium-added:other/add-boss-key.patch	chrome/app/resources/generated_resources_fa.xtb	generated_resources	fa	3140617594583811984	"<translation id=""3140617594583811984"">این میانبر در دسترس نیست یا قبلاً توسط برنامه دیگری استفاده شده است</translation>"
other/add-boss-key.patch	thorium-added:other/add-boss-key.patch	chrome/app/resources/generated_resources_fi.xtb	generated_resources	fi	3140617594583811984	"<translation id=""3140617594583811984"">Tämä pikakuvake ei ole käytettävissä tai se on jo toisen sovelluksen käytössä</translation>"
other/add-boss-key.patch	thorium-added:other/add-boss-key.patch	chrome/app/resources/generated_resources_fil.xtb	generated_resources	fil	3140617594583811984	"<translation id=""3140617594583811984"">Ang shortcut na ito ay hindi magagamit o ginagamit na ng isa pang application</translation>"
other/add-boss-key.patch	thorium-added:other/add-boss-key.patch	chrome/app/resources/generated_resources_fr.xtb	generated_resources	fr	3140617594583811984	"<translation id=""3140617594583811984"">Ce raccourci n’est pas disponible ou est déjà utilisé par une autre application</translation>"
other/add-boss-key.patch	thorium-added:other/add-boss-key.patch	chrome/app/resources/generated_resources_fr-CA.xtb	generated_resources	fr-CA	3140617594583811984	"<translation id=""3140617594583811984"">Ce raccourci n&#x27;est pas disponible ou est déjà utilisé par une autre application</translation>"
other/add-boss-key.patch	thorium-added:other/add-boss-key.patch	chrome/app/resources/generated_resources_gl.xtb	generated_resources	gl	3140617594583811984	"<translation id=""3140617594583811984"">Este atallo non está dispoñible ou xa o utiliza outra aplicación</translation>"
other/add-boss-key.patch	thorium-added:other/add-boss-key.patch	chrome/app/resources/generated_resources_gu.xtb	generated_resources	gu	3140617594583811984	"<translation id=""3140617594583811984"">આ શૉર્ટકટ અનુપલબ્ધ છે અથવા અન્ય એપ્લિકેશન દ્વારા પહેલેથી ઉપયોગમાં લેવાય છે</translation>"
other/add-boss-key.patch	thorium-added:other/add-boss-key.patch	chrome/app/resources/generated_resources_hi.xtb	generated_resources	hi	3140617594583811984	"<translation id=""3140617594583811984"">यह शॉर्टकट अनुपलब्ध है या पहले से ही किसी अन्य एप्लिकेशन द्वारा उपयोग किया जा रहा है</translation>"
other/add-boss-key.patch	thorium-added:other/add-boss-key.patch	chrome/app/resources/generated_resources_hr.xtb	generated_resources	hr	3140617594583811984	"<translation id=""3140617594583811984"">Ovaj prečac nije dostupan ili ga već koristi druga aplikacija</translation>"
other/add-boss-key.patch	thorium-added:other/add-boss-key.patch	chrome/app/resources/generated_resources_hu.xtb	generated_resources	hu	3140617594583811984	"<translation id=""3140617594583811984"">Ez a parancsikon nem érhető el, vagy egy másik alkalmazás már használja</translation>"
other/add-boss-key.patch	thorium-added:other/add-boss-key.patch	chrome/app/resources/generated_resources_hy.xtb	generated_resources	hy	3140617594583811984	"<translation id=""3140617594583811984"">Այս դյուրանցումն անհասանելի է կամ արդեն օգտագործվում է մեկ այլ հավելվածի կողմից</translation>"
other/add-boss-key.patch	thorium-added:other/add-boss-key.patch	chrome/app/resources/generated_resources_id.xtb	generated_resources	id	3140617594583811984	"<translation id=""3140617594583811984"">Pintasan ini tidak tersedia atau sudah digunakan oleh aplikasi lain</translation>"
other/add-boss-key.patch	thorium-added:other/add-boss-key.patch	chrome/app/resources/generated_resources_is.xtb	generated_resources	is	3140617594583811984	"<translation id=""3140617594583811984"">Þessi flýtileið er ekki tiltæk eða er þegar notuð af öðru forriti</translation>"
other/add-boss-key.patch	thorium-added:other/add-boss-key.patch	chrome/app/resources/generated_resources_it.xtb	generated_resources	it	3140617594583811984	"<translation id=""3140617594583811984"">Questa scorciatoia non è disponibile o è già utilizzata da un’altra applicazione</translation>"
other/add-boss-key.patch	thorium-added:other/add-boss-key.patch	chrome/app/resources/generated_resources_iw.xtb	generated_resources	iw	3140617594583811984	"<translation id=""3140617594583811984"">קיצור זה אינו זמין או שהוא כבר בשימוש על ידי יישום אחר</translation>"
other/add-boss-key.patch	thorium-added:other/add-boss-key.patch	chrome/app/resources/generated_resources_ja.xtb	generated_resources	ja	3140617594583811984	"<translation id=""3140617594583811984"">このショートカットは使用できないか、別のアプリケーションですでに使用されています</translation>"
other/add-boss-key.patch	thorium-added:other/add-boss-key.patch	chrome/app/resources/generated_resources_ka.xtb	generated_resources	ka	3140617594583811984	"<translation id=""3140617594583811984"">ეს მალსახმობი მიუწვდომელია ან უკვე გამოიყენება სხვა აპლიკაციის მიერ</translation>"
other/add-boss-key.patch	thorium-added:other/add-boss-key.patch	chrome/app/resources/generated_resources_kk.xtb	generated_resources	kk	3140617594583811984	"<translation id=""3140617594583811984"">Бұл таңбаша қолжетімсіз немесе басқа қолданба бұрыннан пайдаланған</translation>"
other/add-boss-key.patch	thorium-added:other/add-boss-key.patch	chrome/app/resources/generated_resources_km.xtb	generated_resources	km	3140617594583811984	"<translation id=""3140617594583811984"">ផ្លូវកាត់​នេះ​មិន​អាច​ប្រើ​បាន ឬ​ត្រូវ​បាន​ប្រើ​រួច​ហើយ​ដោយ​កម្មវិធី​ផ្សេង</translation>"
other/add-boss-key.patch	thorium-added:other/add-boss-key.patch	chrome/app/resources/generated_resources_kn.xtb	generated_resources	kn	3140617594583811984	"<translation id=""3140617594583811984"">ಈ ಶಾರ್ಟ್‌ಕಟ್ ಲಭ್ಯವಿಲ್ಲ ಅಥವಾ ಇನ್ನೊಂದು ಅಪ್ಲಿಕೇಶನ್‌ನಿಂದ ಈಗಾಗಲೇ ಬಳಸಲಾಗಿದೆ</translation>"
other/add-boss-key.patch	thorium-added:other/add-boss-key.patch	chrome/app/resources/generated_resources_ko.xtb	generated_resources	ko	3140617594583811984	"<translation id=""3140617594583811984"">이 단축키를 사용할 수 없거나 다른 애플리케이션에서 이미 사용 중입니다</translation>"
other/add-boss-key.patch	thorium-added:other/add-boss-key.patch	chrome/app/resources/generated_resources_ky.xtb	generated_resources	ky	3140617594583811984	"<translation id=""3140617594583811984"">Бул жарлык жеткиликсиз же башка колдонмо тарабынан мурунтан эле колдонулуп жатат</translation>"
other/add-boss-key.patch	thorium-added:other/add-boss-key.patch	chrome/app/resources/generated_resources_lo.xtb	generated_resources	lo	3140617594583811984	"<translation id=""3140617594583811984"">ທາງລັດນີ້ບໍ່ສາມາດໃຊ້ໄດ້ ຫຼືຖືກໃຊ້ແລ້ວໂດຍແອັບພລິເຄຊັນອື່ນ</translation>"
other/add-boss-key.patch	thorium-added:other/add-boss-key.patch	chrome/app/resources/generated_resources_lt.xtb	generated_resources	lt	3140617594583811984	"<translation id=""3140617594583811984"">Šis spartusis klavišas nepasiekiamas arba jau naudojamas kitoje programoje</translation>"
other/add-boss-key.patch	thorium-added:other/add-boss-key.patch	chrome/app/resources/generated_resources_lv.xtb	generated_resources	lv	3140617594583811984	"<translation id=""3140617594583811984"">Šis īsinājumtaustiņš nav pieejams vai to jau izmanto cita lietojumprogramma</translation>"
other/add-boss-key.patch	thorium-added:other/add-boss-key.patch	chrome/app/resources/generated_resources_mk.xtb	generated_resources	mk	3140617594583811984	"<translation id=""3140617594583811984"">Оваа кратенка е недостапна или веќе се користи од друга апликација</translation>"
other/add-boss-key.patch	thorium-added:other/add-boss-key.patch	chrome/app/resources/generated_resources_ml.xtb	generated_resources	ml	3140617594583811984	"<translation id=""3140617594583811984"">ഈ കുറുക്കുവഴി ലഭ്യമല്ല അല്ലെങ്കിൽ മറ്റൊരു ആപ്ലിക്കേഷൻ ഇതിനകം ഉപയോഗിച്ചു</translation>"
other/add-boss-key.patch	thorium-added:other/add-boss-key.patch	chrome/app/resources/generated_resources_mn.xtb	generated_resources	mn	3140617594583811984	"<translation id=""3140617594583811984"">Энэ товчлолыг ашиглах боломжгүй эсвэл өөр аппликешн ашиглаж байна</translation>"
other/add-boss-key.patch	thorium-added:other/add-boss-key.patch	chrome/app/resources/generated_resources_mr.xtb	generated_resources	mr	3140617594583811984	"<translation id=""3140617594583811984"">हा शॉर्टकट अनुपलब्ध आहे किंवा दुसऱ्या ॲप्लिकेशनने आधीच वापरला आहे</translation>"
other/add-boss-key.patch	thorium-added:other/add-boss-key.patch	chrome/app/resources/generated_resources_ms.xtb	generated_resources	ms	3140617594583811984	"<translation id=""3140617594583811984"">Pintasan ini tidak tersedia atau sudah digunakan oleh aplikasi lain</translation>"
other/add-boss-key.patch	thorium-added:other/add-boss-key.patch	chrome/app/resources/generated_resources_my.xtb	generated_resources	my	3140617594583811984	"<translation id=""3140617594583811984"">ဤဖြတ်လမ်းလင့်ခ်ကို မရရှိနိုင်ပါ သို့မဟုတ် အခြားအပလီကေးရှင်းတစ်ခုမှ အသုံးပြုပြီးဖြစ်သည်။</translation>"
other/add-boss-key.patch	thorium-added:other/add-boss-key.patch	chrome/app/resources/generated_resources_ne.xtb	generated_resources	ne	3140617594583811984	"<translation id=""3140617594583811984"">यो सर्टकट अनुपलब्ध छ वा पहिले नै अर्को अनुप्रयोग द्वारा प्रयोग गरिएको छ</translation>"
other/add-boss-key.patch	thorium-added:other/add-boss-key.patch	chrome/app/resources/generated_resources_nl.xtb	generated_resources	nl	3140617594583811984	"<translation id=""3140617594583811984"">Deze sneltoets is niet beschikbaar of wordt al door een andere toepassing gebruikt</translation>"
other/add-boss-key.patch	thorium-added:other/add-boss-key.patch	chrome/app/resources/generated_resources_no.xtb	generated_resources	no	3140617594583811984	"<translation id=""3140617594583811984"">Denne snarveien er utilgjengelig eller brukes allerede av et annet program</translation>"
other/add-boss-key.patch	thorium-added:other/add-boss-key.patch	chrome/app/resources/generated_resources_or.xtb	generated_resources	or	3140617594583811984	"<translation id=""3140617594583811984"">ଏହି ସର୍ଟକଟ୍ ଉପଲବ୍ଧ ନାହିଁ କିମ୍ବା ଅନ୍ୟ ଏକ ପ୍ରୟୋଗ ଦ୍ୱାରା ପୂର୍ବରୁ ବ୍ୟବହୃତ ହୋଇଛି |</translation>"
other/add-boss-key.patch	thorium-added:other/add-boss-key.patch	chrome/app/resources/generated_resources_pa.xtb	generated_resources	pa	3140617594583811984	"<translation id=""3140617594583811984"">ਇਹ ਸ਼ਾਰਟਕੱਟ ਉਪਲਬਧ ਨਹੀਂ ਹੈ ਜਾਂ ਪਹਿਲਾਂ ਹੀ ਕਿਸੇ ਹੋਰ ਐਪਲੀਕੇਸ਼ਨ ਦੁਆਰਾ ਵਰਤਿਆ ਗਿਆ ਹੈ</translation>"
other/add-boss-key.patch	thorium-added:other/add-boss-key.patch	chrome/app/resources/generated_resources_pl.xtb	generated_resources	pl	3140617594583811984	"<translation id=""3140617594583811984"">Ten skrót jest niedostępny lub jest już używany przez inną aplikację</translation>"
other/add-boss-key.patch	thorium-added:other/add-boss-key.patch	chrome/app/resources/generated_resources_pt-BR.xtb	generated_resources	pt-BR	3140617594583811984	"<translation id=""3140617594583811984"">Este atalho não está disponível ou já é usado por outro aplicativo</translation>"
other/add-boss-key.patch	thorium-added:other/add-boss-key.patch	chrome/app/resources/generated_resources_pt-PT.xtb	generated_resources	pt-PT	3140617594583811984	"<translation id=""3140617594583811984"">Este atalho não está disponível ou já é usado por outro aplicativo</translation>"
other/add-boss-key.patch	thorium-added:other/add-boss-key.patch	chrome/app/resources/generated_resources_ro.xtb	generated_resources	ro	3140617594583811984	"<translation id=""3140617594583811984"">Această comandă rapidă nu este disponibilă sau este deja utilizată de o altă aplicație</translation>"
other/add-boss-key.patch	thorium-added:other/add-boss-key.patch	chrome/app/resources/generated_resources_ru.xtb	generated_resources	ru	3140617594583811984	"<translation id=""3140617594583811984"">Это сочетание недоступно или уже используется другим приложением</translation>"
other/add-boss-key.patch	thorium-added:other/add-boss-key.patch	chrome/app/resources/generated_resources_si.xtb	generated_resources	si	3140617594583811984	"<translation id=""3140617594583811984"">මෙම කෙටිමඟ නොපවතී හෝ දැනටමත් වෙනත් යෙදුමක් විසින් භාවිතා කර ඇත</translation>"
other/add-boss-key.patch	thorium-added:other/add-boss-key.patch	chrome/app/resources/generated_resources_sk.xtb	generated_resources	sk	3140617594583811984	"<translation id=""3140617594583811984"">Táto skratka je nedostupná alebo ju už používa iná aplikácia</translation>"
other/add-boss-key.patch	thorium-added:other/add-boss-key.patch	chrome/app/resources/generated_resources_sl.xtb	generated_resources	sl	3140617594583811984	"<translation id=""3140617594583811984"">Ta bližnjica ni na voljo ali pa jo že uporablja druga aplikacija</translation>"
other/add-boss-key.patch	thorium-added:other/add-boss-key.patch	chrome/app/resources/generated_resources_sq.xtb	generated_resources	sq	3140617594583811984	"<translation id=""3140617594583811984"">Kjo shkurtore nuk disponohet ose përdoret tashmë nga një aplikacion tjetër</translation>"
other/add-boss-key.patch	thorium-added:other/add-boss-key.patch	chrome/app/resources/generated_resources_sr.xtb	generated_resources	sr	3140617594583811984	"<translation id=""3140617594583811984"">Ова пречица је недоступна или је већ користи друга апликација</translation>"
other/add-boss-key.patch	thorium-added:other/add-boss-key.patch	chrome/app/resources/generated_resources_sr-Latn.xtb	generated_resources	sr-Latn	3140617594583811984	"<translation id=""3140617594583811984"">Ova prečica nije dostupna ili je već koristi druga aplikacija</translation>"
other/add-boss-key.patch	thorium-added:other/add-boss-key.patch	chrome/app/resources/generated_resources_sv.xtb	generated_resources	sv	3140617594583811984	"<translation id=""3140617594583811984"">Den här genvägen är inte tillgänglig eller används redan av ett annat program</translation>"
other/add-boss-key.patch	thorium-added:other/add-boss-key.patch	chrome/app/resources/generated_resources_sw.xtb	generated_resources	sw	3140617594583811984	"<translation id=""3140617594583811984"">Njia hii ya mkato haipatikani au tayari inatumiwa na programu nyingine</translation>"
other/add-boss-key.patch	thorium-added:other/add-boss-key.patch	chrome/app/resources/generated_resources_ta.xtb	generated_resources	ta	3140617594583811984	"<translation id=""3140617594583811984"">இந்த குறுக்குவழி கிடைக்கவில்லை அல்லது ஏற்கனவே வேறொரு பயன்பாட்டால் பயன்படுத்தப்படுகிறது</translation>"
other/add-boss-key.patch	thorium-added:other/add-boss-key.patch	chrome/app/resources/generated_resources_te.xtb	generated_resources	te	3140617594583811984	"<translation id=""3140617594583811984"">ఈ సత్వరమార్గం అందుబాటులో లేదు లేదా ఇప్పటికే మరొక అప్లికేషన్ ద్వారా ఉపయోగించబడింది</translation>"
other/add-boss-key.patch	thorium-added:other/add-boss-key.patch	chrome/app/resources/generated_resources_th.xtb	generated_resources	th	3140617594583811984	"<translation id=""3140617594583811984"">ทางลัดนี้ไม่พร้อมใช้งานหรือมีแอปพลิเคชันอื่นใช้อยู่แล้ว</translation>"
other/add-boss-key.patch	thorium-added:other/add-boss-key.patch	chrome/app/resources/generated_resources_tr.xtb	generated_resources	tr	3140617594583811984	"<translation id=""3140617594583811984"">Bu kısayol kullanılamıyor veya başka bir uygulama tarafından zaten kullanılıyor</translation>"
other/add-boss-key.patch	thorium-added:other/add-boss-key.patch	chrome/app/resources/generated_resources_uk.xtb	generated_resources	uk	3140617594583811984	"<translation id=""3140617594583811984"">Це сполучення недоступне або вже використовується іншою програмою</translation>"
other/add-boss-key.patch	thorium-added:other/add-boss-key.patch	chrome/app/resources/generated_resources_ur.xtb	generated_resources	ur	3140617594583811984	"<translation id=""3140617594583811984"">یہ شارٹ کٹ دستیاب نہیں ہے یا پہلے ہی کسی اور ایپلیکیشن کے ذریعے استعمال کیا جا رہا ہے۔</translation>"
other/add-boss-key.patch	thorium-added:other/add-boss-key.patch	chrome/app/resources/generated_resources_uz.xtb	generated_resources	uz	3140617594583811984	"<translation id=""3140617594583811984"">Bu yorliq mavjud emas yoki boshqa ilova tomonidan allaqachon foydalanilgan</translation>"
other/add-boss-key.patch	thorium-added:other/add-boss-key.patch	chrome/app/resources/generated_resources_vi.xtb	generated_resources	vi	3140617594583811984	"<translation id=""3140617594583811984"">Phím tắt này không khả dụng hoặc đã được ứng dụng khác sử dụng</translation>"
other/add-boss-key.patch	thorium-added:other/add-boss-key.patch	chrome/app/resources/generated_resources_zh-CN.xtb	generated_resources	zh-CN	3140617594583811984	"<translation id=""3140617594583811984"">此快捷键不可用或已被其他应用使用</translation>"
other/add-boss-key.patch	thorium-added:other/add-boss-key.patch	chrome/app/resources/generated_resources_zh-HK.xtb	generated_resources	zh-HK	3140617594583811984	"<translation id=""3140617594583811984"">此快捷鍵無法使用或已被其他應用程式使用</translation>"
other/add-boss-key.patch	thorium-added:other/add-boss-key.patch	chrome/app/resources/generated_resources_zh-TW.xtb	generated_resources	zh-TW	3140617594583811984	"<translation id=""3140617594583811984"">此快速鍵無法使用或已被其他應用程式使用</translation>"
other/add-boss-key.patch	thorium-added:other/add-boss-key.patch	chrome/app/resources/generated_resources_zu.xtb	generated_resources	zu	3140617594583811984	"<translation id=""3140617594583811984"">Lesi sinqamuleli asitholakali noma sesivele sisetshenziswa olunye uhlelo lokusebenza</translation>"
other/add-boss-key.patch	thorium-added:other/add-boss-key.patch	chrome/app/resources/generated_resources_af.xtb	generated_resources	af	3484850186838263642	"<translation id=""3484850186838263642"">Baas sleutel</translation>"
other/add-boss-key.patch	thorium-added:other/add-boss-key.patch	chrome/app/resources/generated_resources_am.xtb	generated_resources	am	3484850186838263642	"<translation id=""3484850186838263642"">የአለቃ ቁልፍ</translation>"
other/add-boss-key.patch	thorium-added:other/add-boss-key.patch	chrome/app/resources/generated_resources_ar.xtb	generated_resources	ar	3484850186838263642	"<translation id=""3484850186838263642"">مفتاح المدير</translation>"
other/add-boss-key.patch	thorium-added:other/add-boss-key.patch	chrome/app/resources/generated_resources_as.xtb	generated_resources	as	3484850186838263642	"<translation id=""3484850186838263642"">বছ কী</translation>"
other/add-boss-key.patch	thorium-added:other/add-boss-key.patch	chrome/app/resources/generated_resources_az.xtb	generated_resources	az	3484850186838263642	"<translation id=""3484850186838263642"">Boss açarı</translation>"
other/add-boss-key.patch	thorium-added:other/add-boss-key.patch	chrome/app/resources/generated_resources_be.xtb	generated_resources	be	3484850186838263642	"<translation id=""3484850186838263642"">Ключ боса</translation>"
other/add-boss-key.patch	thorium-added:other/add-boss-key.patch	chrome/app/resources/generated_resources_bg.xtb	generated_resources	bg	3484850186838263642	"<translation id=""3484850186838263642"">Ключ на шефа</translation>"
other/add-boss-key.patch	thorium-added:other/add-boss-key.patch	chrome/app/resources/generated_resources_bn.xtb	generated_resources	bn	3484850186838263642	"<translation id=""3484850186838263642"">বস চাবি</translation>"
other/add-boss-key.patch	thorium-added:other/add-boss-key.patch	chrome/app/resources/generated_resources_bs.xtb	generated_resources	bs	3484850186838263642	"<translation id=""3484850186838263642"">Šef ključ</translation>"
other/add-boss-key.patch	thorium-added:other/add-boss-key.patch	chrome/app/resources/generated_resources_ca.xtb	generated_resources	ca	3484850186838263642	"<translation id=""3484850186838263642"">Clau del cap</translation>"
other/add-boss-key.patch	thorium-added:other/add-boss-key.patch	chrome/app/resources/generated_resources_cs.xtb	generated_resources	cs	3484850186838263642	"<translation id=""3484850186838263642"">Klíč šéfa</translation>"
other/add-boss-key.patch	thorium-added:other/add-boss-key.patch	chrome/app/resources/generated_resources_cy.xtb	generated_resources	cy	3484850186838263642	"<translation id=""3484850186838263642"">Allwedd Boss</translation>"
other/add-boss-key.patch	thorium-added:other/add-boss-key.patch	chrome/app/resources/generated_resources_da.xtb	generated_resources	da	3484850186838263642	"<translation id=""3484850186838263642"">Boss nøgle</translation>"
other/add-boss-key.patch	thorium-added:other/add-boss-key.patch	chrome/app/resources/generated_resources_de.xtb	generated_resources	de	3484850186838263642	"<translation id=""3484850186838263642"">Boss-Taste</translation>"
other/add-boss-key.patch	thorium-added:other/add-boss-key.patch	chrome/app/resources/generated_resources_el.xtb	generated_resources	el	3484850186838263642	"<translation id=""3484850186838263642"">Κλειδί αφεντικού</translation>"
other/add-boss-key.patch	thorium-added:other/add-boss-key.patch	chrome/app/resources/generated_resources_en-GB.xtb	generated_resources	en-GB	3484850186838263642	"<translation id=""3484850186838263642"">Boss key</translation>"
other/add-boss-key.patch	thorium-added:other/add-boss-key.patch	chrome/app/resources/generated_resources_es.xtb	generated_resources	es	3484850186838263642	"<translation id=""3484850186838263642"">Tecla de jefe</translation>"
other/add-boss-key.patch	thorium-added:other/add-boss-key.patch	chrome/app/resources/generated_resources_es-419.xtb	generated_resources	es-419	3484850186838263642	"<translation id=""3484850186838263642"">llave del jefe</translation>"
other/add-boss-key.patch	thorium-added:other/add-boss-key.patch	chrome/app/resources/generated_resources_et.xtb	generated_resources	et	3484850186838263642	"<translation id=""3484850186838263642"">Bossi võti</translation>"
other/add-boss-key.patch	thorium-added:other/add-boss-key.patch	chrome/app/resources/generated_resources_eu.xtb	generated_resources	eu	3484850186838263642	"<translation id=""3484850186838263642"">Nagusiaren giltza</translation>"
other/add-boss-key.patch	thorium-added:other/add-boss-key.patch	chrome/app/resources/generated_resources_fa.xtb	generated_resources	fa	3484850186838263642	"<translation id=""3484850186838263642"">کلید رئیس</translation>"
other/add-boss-key.patch	thorium-added:other/add-boss-key.patch	chrome/app/resources/generated_resources_fi.xtb	generated_resources	fi	3484850186838263642	"<translation id=""3484850186838263642"">Bossin avain</translation>"
other/add-boss-key.patch	thorium-added:other/add-boss-key.patch	chrome/app/resources/generated_resources_fil.xtb	generated_resources	fil	3484850186838263642	"<translation id=""3484850186838263642"">Susi ng boss</translation>"
other/add-boss-key.patch	thorium-added:other/add-boss-key.patch	chrome/app/resources/generated_resources_fr.xtb	generated_resources	fr	3484850186838263642	"<translation id=""3484850186838263642"">Touche patron</translation>"
other/add-boss-key.patch	thorium-added:other/add-boss-key.patch	chrome/app/resources/generated_resources_fr-CA.xtb	generated_resources	fr-CA	3484850186838263642	"<translation id=""3484850186838263642"">Clé du patron</translation>"
other/add-boss-key.patch	thorium-added:other/add-boss-key.patch	chrome/app/resources/generated_resources_gl.xtb	generated_resources	gl	3484850186838263642	"<translation id=""3484850186838263642"">Chave xefe</translation>"
other/add-boss-key.patch	thorium-added:other/add-boss-key.patch	chrome/app/resources/generated_resources_gu.xtb	generated_resources	gu	3484850186838263642	"<translation id=""3484850186838263642"">બોસ કી</translation>"
other/add-boss-key.patch	thorium-added:other/add-boss-key.patch	chrome/app/resources/generated_resources_hi.xtb	generated_resources	hi	3484850186838263642	"<translation id=""3484850186838263642"">बॉस की</translation>"
other/add-boss-key.patch	thorium-added:other/add-boss-key.patch	chrome/app/resources/generated_resources_hr.xtb	generated_resources	hr	3484850186838263642	"<translation id=""3484850186838263642"">Ključ šefa</translation>"
other/add-boss-key.patch	thorium-added:other/add-boss-key.patch	chrome/app/resources/generated_resources_hu.xtb	generated_resources	hu	3484850186838263642	"<translation id=""3484850186838263642"">Főnök kulcs</translation>"
other/add-boss-key.patch	thorium-added:other/add-boss-key.patch	chrome/app/resources/generated_resources_hy.xtb	generated_resources	hy	3484850186838263642	"<translation id=""3484850186838263642"">Շեֆի բանալին</translation>"
other/add-boss-key.patch	thorium-added:other/add-boss-key.patch	chrome/app/resources/generated_resources_id.xtb	generated_resources	id	3484850186838263642	"<translation id=""3484850186838263642"">Kunci bos</translation>"
other/add-boss-key.patch	thorium-added:other/add-boss-key.patch	chrome/app/resources/generated_resources_is.xtb	generated_resources	is	3484850186838263642	"<translation id=""3484850186838263642"">Boss lykill</translation>"
other/add-boss-key.patch	thorium-added:other/add-boss-key.patch	chrome/app/resources/generated_resources_it.xtb	generated_resources	it	3484850186838263642	"<translation id=""3484850186838263642"">Tasto Boss</translation>"
other/add-boss-key.patch	thorium-added:other/add-boss-key.patch	chrome/app/resources/generated_resources_iw.xtb	generated_resources	iw	3484850186838263642	"<translation id=""3484850186838263642"">מפתח בוס</translation>"
other/add-boss-key.patch	thorium-added:other/add-boss-key.patch	chrome/app/resources/generated_resources_ja.xtb	generated_resources	ja	3484850186838263642	"<translation id=""3484850186838263642"">ボスキー</translation>"
other/add-boss-key.patch	thorium-added:other/add-boss-key.patch	chrome/app/resources/generated_resources_ka.xtb	generated_resources	ka	3484850186838263642	"<translation id=""3484850186838263642"">ბოსის გასაღები</translation>"
other/add-boss-key.patch	thorium-added:other/add-boss-key.patch	chrome/app/resources/generated_resources_kk.xtb	generated_resources	kk	3484850186838263642	"<translation id=""3484850186838263642"">Бастық кілті</translation>"
other/add-boss-key.patch	thorium-added:other/add-boss-key.patch	chrome/app/resources/generated_resources_km.xtb	generated_resources	km	3484850186838263642	"<translation id=""3484850186838263642"">កូនសោថៅកែ</translation>"
other/add-boss-key.patch	thorium-added:other/add-boss-key.patch	chrome/app/resources/generated_resources_kn.xtb	generated_resources	kn	3484850186838263642	"<translation id=""3484850186838263642"">ಬಾಸ್ ಕೀ</translation>"
other/add-boss-key.patch	thorium-added:other/add-boss-key.patch	chrome/app/resources/generated_resources_ko.xtb	generated_resources	ko	3484850186838263642	"<translation id=""3484850186838263642"">보스 키</translation>"
other/add-boss-key.patch	thorium-added:other/add-boss-key.patch	chrome/app/resources/generated_resources_ky.xtb	generated_resources	ky	3484850186838263642	"<translation id=""3484850186838263642"">Boss ачкычы</translation>"
other/add-boss-key.patch	thorium-added:other/add-boss-key.patch	chrome/app/resources/generated_resources_lo.xtb	generated_resources	lo	3484850186838263642	"<translation id=""3484850186838263642"">ກະແຈເຈົ້ານາຍ</translation>"
other/add-boss-key.patch	thorium-added:other/add-boss-key.patch	chrome/app/resources/generated_resources_lt.xtb	generated_resources	lt	3484850186838263642	"<translation id=""3484850186838263642"">Boso raktas</translation>"
other/add-boss-key.patch	thorium-added:other/add-boss-key.patch	chrome/app/resources/generated_resources_lv.xtb	generated_resources	lv	3484850186838263642	"<translation id=""3484850186838263642"">Bosa atslēga</translation>"
other/add-boss-key.patch	thorium-added:other/add-boss-key.patch	chrome/app/resources/generated_resources_mk.xtb	generated_resources	mk	3484850186838263642	"<translation id=""3484850186838263642"">Клучот за шеф</translation>"
other/add-boss-key.patch	thorium-added:other/add-boss-key.patch	chrome/app/resources/generated_resources_ml.xtb	generated_resources	ml	3484850186838263642	"<translation id=""3484850186838263642"">ബോസ് കീ</translation>"
other/add-boss-key.patch	thorium-added:other/add-boss-key.patch	chrome/app/resources/generated_resources_mn.xtb	generated_resources	mn	3484850186838263642	"<translation id=""3484850186838263642"">Босс түлхүүр</translation>"
other/add-boss-key.patch	thorium-added:other/add-boss-key.patch	chrome/app/resources/generated_resources_mr.xtb	generated_resources	mr	3484850186838263642	"<translation id=""3484850186838263642"">बॉस की</translation>"
other/add-boss-key.patch	thorium-added:other/add-boss-key.patch	chrome/app/resources/generated_resources_ms.xtb	generated_resources	ms	3484850186838263642	"<translation id=""3484850186838263642"">Kunci bos</translation>"
other/add-boss-key.patch	thorium-added:other/add-boss-key.patch	chrome/app/resources/generated_resources_my.xtb	generated_resources	my	3484850186838263642	"<translation id=""3484850186838263642"">ဘော့စ်သော့</translation>"
other/add-boss-key.patch	thorium-added:other/add-boss-key.patch	chrome/app/resources/generated_resources_ne.xtb	generated_resources	ne	3484850186838263642	"<translation id=""3484850186838263642"">मालिक कुञ्जी</translation>"
other/add-boss-key.patch	thorium-added:other/add-boss-key.patch	chrome/app/resources/generated_resources_nl.xtb	generated_resources	nl	3484850186838263642	"<translation id=""3484850186838263642"">Baas-toets</translation>"
other/add-boss-key.patch	thorium-added:other/add-boss-key.patch	chrome/app/resources/generated_resources_no.xtb	generated_resources	no	3484850186838263642	"<translation id=""3484850186838263642"">Boss nøkkel</translation>"
other/add-boss-key.patch	thorium-added:other/add-boss-key.patch	chrome/app/resources/generated_resources_or.xtb	generated_resources	or	3484850186838263642	"<translation id=""3484850186838263642"">ବସ୍ ଚାବି |</translation>"
other/add-boss-key.patch	thorium-added:other/add-boss-key.patch	chrome/app/resources/generated_resources_pa.xtb	generated_resources	pa	3484850186838263642	"<translation id=""3484850186838263642"">ਬੌਸ ਕੁੰਜੀ</translation>"
other/add-boss-key.patch	thorium-added:other/add-boss-key.patch	chrome/app/resources/generated_resources_pl.xtb	generated_resources	pl	3484850186838263642	"<translation id=""3484850186838263642"">Klawisz szefa</translation>"
other/add-boss-key.patch	thorium-added:other/add-boss-key.patch	chrome/app/resources/generated_resources_pt-BR.xtb	generated_resources	pt-BR	3484850186838263642	"<translation id=""3484850186838263642"">Tecla do chefe</translation>"
other/add-boss-key.patch	thorium-added:other/add-boss-key.patch	chrome/app/resources/generated_resources_pt-PT.xtb	generated_resources	pt-PT	3484850186838263642	"<translation id=""3484850186838263642"">Chave do chefe</translation>"
other/add-boss-key.patch	thorium-added:other/add-boss-key.patch	chrome/app/resources/generated_resources_ro.xtb	generated_resources	ro	3484850186838263642	"<translation id=""3484850186838263642"">Cheia șefului</translation>"
other/add-boss-key.patch	thorium-added:other/add-boss-key.patch	chrome/app/resources/generated_resources_ru.xtb	generated_resources	ru	3484850186838263642	"<translation id=""3484850186838263642"">Клавиша босса</translation>"
other/add-boss-key.patch	thorium-added:other/add-boss-key.patch	chrome/app/resources/generated_resources_si.xtb	generated_resources	si	3484850186838263642	"<translation id=""3484850186838263642"">ලොක්කා යතුර</translation>"
other/add-boss-key.patch	thorium-added:other/add-boss-key.patch	chrome/app/resources/generated_resources_sk.xtb	generated_resources	sk	3484850186838263642	"<translation id=""3484850186838263642"">Šéf kľúč</translation>"
other/add-boss-key.patch	thorium-added:other/add-boss-key.patch	chrome/app/resources/generated_resources_sl.xtb	generated_resources	sl	3484850186838263642	"<translation id=""3484850186838263642"">Ključ šefa</translation>"
other/add-boss-key.patch	thorium-added:other/add-boss-key.patch	chrome/app/resources/generated_resources_sq.xtb	generated_resources	sq	3484850186838263642	"<translation id=""3484850186838263642"">Çelësi i shefit</translation>"
other/add-boss-key.patch	thorium-added:other/add-boss-key.patch	chrome/app/resources/generated_resources_sr.xtb	generated_resources	sr	3484850186838263642	"<translation id=""3484850186838263642"">Шеф кључ</translation>"
other/add-boss-key.patch	thorium-added:other/add-boss-key.patch	chrome/app/resources/generated_resources_sr-Latn.xtb	generated_resources	sr-Latn	3484850186838263642	"<translation id=""3484850186838263642"">Taster šefa</translation>"
other/add-boss-key.patch	thorium-added:other/add-boss-key.patch	chrome/app/resources/generated_resources_sv.xtb	generated_resources	sv	3484850186838263642	"<translation id=""3484850186838263642"">Boss nyckel</translation>"
other/add-boss-key.patch	thorium-added:other/add-boss-key.patch	chrome/app/resources/generated_resources_sw.xtb	generated_resources	sw	3484850186838263642	"<translation id=""3484850186838263642"">Ufunguo wa bosi</translation>"
other/add-boss-key.patch	thorium-added:other/add-boss-key.patch	chrome/app/resources/generated_resources_ta.xtb	generated_resources	ta	3484850186838263642	"<translation id=""3484850186838263642"">முதலாளி சாவி</translation>"
other/add-boss-key.patch	thorium-added:other/add-boss-key.patch	chrome/app/resources/generated_resources_te.xtb	generated_resources	te	3484850186838263642	"<translation id=""3484850186838263642"">బాస్ కీ</translation>"
other/add-boss-key.patch	thorium-added:other/add-boss-key.patch	chrome/app/resources/generated_resources_th.xtb	generated_resources	th	3484850186838263642	"<translation id=""3484850186838263642"">กุญแจบอส</translation>"
other/add-boss-key.patch	thorium-added:other/add-boss-key.patch	chrome/app/resources/generated_resources_tr.xtb	generated_resources	tr	3484850186838263642	"<translation id=""3484850186838263642"">Patron tuşu</translation>"
other/add-boss-key.patch	thorium-added:other/add-boss-key.patch	chrome/app/resources/generated_resources_uk.xtb	generated_resources	uk	3484850186838263642	"<translation id=""3484850186838263642"">Клавіша боса</translation>"
other/add-boss-key.patch	thorium-added:other/add-boss-key.patch	chrome/app/resources/generated_resources_ur.xtb	generated_resources	ur	3484850186838263642	"<translation id=""3484850186838263642"">باس کی چابی</translation>"
other/add-boss-key.patch	thorium-added:other/add-boss-key.patch	chrome/app/resources/generated_resources_uz.xtb	generated_resources	uz	3484850186838263642	"<translation id=""3484850186838263642"">Boss kaliti</translation>"
other/add-boss-key.patch	thorium-added:other/add-boss-key.patch	chrome/app/resources/generated_resources_vi.xtb	generated_resources	vi	3484850186838263642	"<translation id=""3484850186838263642"">Chìa khóa ông chủ</translation>"
other/add-boss-key.patch	thorium-added:other/add-boss-key.patch	chrome/app/resources/generated_resources_zh-CN.xtb	generated_resources	zh-CN	3484850186838263642	"<translation id=""3484850186838263642"">老板键</translation>"
other/add-boss-key.patch	thorium-added:other/add-boss-key.patch	chrome/app/resources/generated_resources_zh-HK.xtb	generated_resources	zh-HK	3484850186838263642	"<translation id=""3484850186838263642"">老闆鍵</translation>"
other/add-boss-key.patch	thorium-added:other/add-boss-key.patch	chrome/app/resources/generated_resources_zh-TW.xtb	generated_resources	zh-TW	3484850186838263642	"<translation id=""3484850186838263642"">老闆鍵</translation>"
other/add-boss-key.patch	thorium-added:other/add-boss-key.patch	chrome/app/resources/generated_resources_zu.xtb	generated_resources	zu	3484850186838263642	"<translation id=""3484850186838263642"">Ukhiye we-Boss</translation>"
other/add-boss-key.patch	thorium-added:other/add-boss-key.patch	chrome/app/resources/generated_resources_af.xtb	generated_resources	af	3636166209057106219	"<translation id=""3636166209057106219"">Aktiveer baassleutel</translation>"
other/add-boss-key.patch	thorium-added:other/add-boss-key.patch	chrome/app/resources/generated_resources_am.xtb	generated_resources	am	3636166209057106219	"<translation id=""3636166209057106219"">የአለቃ ቁልፍን አንቃ</translation>"
other/add-boss-key.patch	thorium-added:other/add-boss-key.patch	chrome/app/resources/generated_resources_ar.xtb	generated_resources	ar	3636166209057106219	"<translation id=""3636166209057106219"">تفعيل مفتاح المدير</translation>"
other/add-boss-key.patch	thorium-added:other/add-boss-key.patch	chrome/app/resources/generated_resources_as.xtb	generated_resources	as	3636166209057106219	"<translation id=""3636166209057106219"">বছ কি সামৰ্থবান কৰক</translation>"
other/add-boss-key.patch	thorium-added:other/add-boss-key.patch	chrome/app/resources/generated_resources_az.xtb	generated_resources	az	3636166209057106219	"<translation id=""3636166209057106219"">Boss düyməsini aktivləşdirin</translation>"
other/add-boss-key.patch	thorium-added:other/add-boss-key.patch	chrome/app/resources/generated_resources_be.xtb	generated_resources	be	3636166209057106219	"<translation id=""3636166209057106219"">Уключыць ключ боса</translation>"
other/add-boss-key.patch	thorium-added:other/add-boss-key.patch	chrome/app/resources/generated_resources_bg.xtb	generated_resources	bg	3636166209057106219	"<translation id=""3636166209057106219"">Активирайте ключа на шефа</translation>"
other/add-boss-key.patch	thorium-added:other/add-boss-key.patch	chrome/app/resources/generated_resources_bn.xtb	generated_resources	bn	3636166209057106219	"<translation id=""3636166209057106219"">বস কী সক্ষম করুন</translation>"
other/add-boss-key.patch	thorium-added:other/add-boss-key.patch	chrome/app/resources/generated_resources_bs.xtb	generated_resources	bs	3636166209057106219	"<translation id=""3636166209057106219"">Omogući glavni ključ</translation>"
other/add-boss-key.patch	thorium-added:other/add-boss-key.patch	chrome/app/resources/generated_resources_ca.xtb	generated_resources	ca	3636166209057106219	"<translation id=""3636166209057106219"">Activa la clau del cap</translation>"
other/add-boss-key.patch	thorium-added:other/add-boss-key.patch	chrome/app/resources/generated_resources_cs.xtb	generated_resources	cs	3636166209057106219	"<translation id=""3636166209057106219"">Povolit šéfový klíč</translation>"
other/add-boss-key.patch	thorium-added:other/add-boss-key.patch	chrome/app/resources/generated_resources_cy.xtb	generated_resources	cy	3636166209057106219	"<translation id=""3636166209057106219"">Galluogi allwedd bos</translation>"
other/add-boss-key.patch	thorium-added:other/add-boss-key.patch	chrome/app/resources/generated_resources_da.xtb	generated_resources	da	3636166209057106219	"<translation id=""3636166209057106219"">Aktiver bossnøgle</translation>"
other/add-boss-key.patch	thorium-added:other/add-boss-key.patch	chrome/app/resources/generated_resources_de.xtb	generated_resources	de	3636166209057106219	"<translation id=""3636166209057106219"">Boss-Taste aktivieren</translation>"
other/add-boss-key.patch	thorium-added:other/add-boss-key.patch	chrome/app/resources/generated_resources_el.xtb	generated_resources	el	3636166209057106219	"<translation id=""3636166209057106219"">Ενεργοποίηση κλειδιού αφεντικού</translation>"
other/add-boss-key.patch	thorium-added:other/add-boss-key.patch	chrome/app/resources/generated_resources_en-GB.xtb	generated_resources	en-GB	3636166209057106219	"<translation id=""3636166209057106219"">Enable boss key</translation>"
other/add-boss-key.patch	thorium-added:other/add-boss-key.patch	chrome/app/resources/generated_resources_es.xtb	generated_resources	es	3636166209057106219	"<translation id=""3636166209057106219"">Activar la tecla de jefe</translation>"
other/add-boss-key.patch	thorium-added:other/add-boss-key.patch	chrome/app/resources/generated_resources_es-419.xtb	generated_resources	es-419	3636166209057106219	"<translation id=""3636166209057106219"">Habilitar clave de jefe</translation>"
other/add-boss-key.patch	thorium-added:other/add-boss-key.patch	chrome/app/resources/generated_resources_et.xtb	generated_resources	et	3636166209057106219	"<translation id=""3636166209057106219"">Luba ülemuse võti</translation>"
other/add-boss-key.patch	thorium-added:other/add-boss-key.patch	chrome/app/resources/generated_resources_eu.xtb	generated_resources	eu	3636166209057106219	"<translation id=""3636166209057106219"">Gaitu nagusiaren tekla</translation>"
other/add-boss-key.patch	thorium-added:other/add-boss-key.patch	chrome/app/resources/generated_resources_fa.xtb	generated_resources	fa	3636166209057106219	"<translation id=""3636166209057106219"">کلید رئیس را فعال کنید</translation>"
other/add-boss-key.patch	thorium-added:other/add-boss-key.patch	chrome/app/resources/generated_resources_fi.xtb	generated_resources	fi	3636166209057106219	"<translation id=""3636166209057106219"">Ota pomo-avain käyttöön</translation>"
other/add-boss-key.patch	thorium-added:other/add-boss-key.patch	chrome/app/resources/generated_resources_fil.xtb	generated_resources	fil	3636166209057106219	"<translation id=""3636166209057106219"">Paganahin ang boss key</translation>"
other/add-boss-key.patch	thorium-added:other/add-boss-key.patch	chrome/app/resources/generated_resources_fr.xtb	generated_resources	fr	3636166209057106219	"<translation id=""3636166209057106219"">Activer la touche patron</translation>"
other/add-boss-key.patch	thorium-added:other/add-boss-key.patch	chrome/app/resources/generated_resources_fr-CA.xtb	generated_resources	fr-CA	3636166209057106219	"<translation id=""3636166209057106219"">Activer la clé du patron</translation>"
other/add-boss-key.patch	thorium-added:other/add-boss-key.patch	chrome/app/resources/generated_resources_gl.xtb	generated_resources	gl	3636166209057106219	"<translation id=""3636166209057106219"">Activa a chave xefe</translation>"
other/add-boss-key.patch	thorium-added:other/add-boss-key.patch	chrome/app/resources/generated_resources_gu.xtb	generated_resources	gu	3636166209057106219	"<translation id=""3636166209057106219"">બોસ કી સક્ષમ કરો</translation>"
other/add-boss-key.patch	thorium-added:other/add-boss-key.patch	chrome/app/resources/generated_resources_hi.xtb	generated_resources	hi	3636166209057106219	"<translation id=""3636166209057106219"">बॉस कुंजी सक्षम करें</translation>"
other/add-boss-key.patch	thorium-added:other/add-boss-key.patch	chrome/app/resources/generated_resources_hr.xtb	generated_resources	hr	3636166209057106219	"<translation id=""3636166209057106219"">Omogući ključ šefa</translation>"
other/add-boss-key.patch	thorium-added:other/add-boss-key.patch	chrome/app/resources/generated_resources_hu.xtb	generated_resources	hu	3636166209057106219	"<translation id=""3636166209057106219"">Főnök kulcs engedélyezése</translation>"
other/add-boss-key.patch	thorium-added:other/add-boss-key.patch	chrome/app/resources/generated_resources_hy.xtb	generated_resources	hy	3636166209057106219	"<translation id=""3636166209057106219"">Միացնել բոս բանալին</translation>"
other/add-boss-key.patch	thorium-added:other/add-boss-key.patch	chrome/app/resources/generated_resources_id.xtb	generated_resources	id	3636166209057106219	"<translation id=""3636166209057106219"">Aktifkan kunci bos</translation>"
other/add-boss-key.patch	thorium-added:other/add-boss-key.patch	chrome/app/resources/generated_resources_is.xtb	generated_resources	is	3636166209057106219	"<translation id=""3636166209057106219"">Virkja yfirmannslykil</translation>"
other/add-boss-key.patch	thorium-added:other/add-boss-key.patch	chrome/app/resources/generated_resources_it.xtb	generated_resources	it	3636166209057106219	"<translation id=""3636166209057106219"">Attiva il tasto Boss</translation>"
other/add-boss-key.patch	thorium-added:other/add-boss-key.patch	chrome/app/resources/generated_resources_iw.xtb	generated_resources	iw	3636166209057106219	"<translation id=""3636166209057106219"">הפעל מפתח בוס</translation>"
other/add-boss-key.patch	thorium-added:other/add-boss-key.patch	chrome/app/resources/generated_resources_ja.xtb	generated_resources	ja	3636166209057106219	"<translation id=""3636166209057106219"">ボスキーを有効にする</translation>"
other/add-boss-key.patch	thorium-added:other/add-boss-key.patch	chrome/app/resources/generated_resources_ka.xtb	generated_resources	ka	3636166209057106219	"<translation id=""3636166209057106219"">Boss გასაღების ჩართვა</translation>"
other/add-boss-key.patch	thorium-added:other/add-boss-key.patch	chrome/app/resources/generated_resources_kk.xtb	generated_resources	kk	3636166209057106219	"<translation id=""3636166209057106219"">Босс кілтін қосыңыз</translation>"
other/add-boss-key.patch	thorium-added:other/add-boss-key.patch	chrome/app/resources/generated_resources_km.xtb	generated_resources	km	3636166209057106219	"<translation id=""3636166209057106219"">បើកសោមេ</translation>"
other/add-boss-key.patch	thorium-added:other/add-boss-key.patch	chrome/app/resources/generated_resources_kn.xtb	generated_resources	kn	3636166209057106219	"<translation id=""3636166209057106219"">ಬಾಸ್ ಕೀಯನ್ನು ಸಕ್ರಿಯಗೊಳಿಸಿ</translation>"
other/add-boss-key.patch	thorium-added:other/add-boss-key.patch	chrome/app/resources/generated_resources_ko.xtb	generated_resources	ko	3636166209057106219	"<translation id=""3636166209057106219"">보스 키 사용</translation>"
other/add-boss-key.patch	thorium-added:other/add-boss-key.patch	chrome/app/resources/generated_resources_ky.xtb	generated_resources	ky	3636166209057106219	"<translation id=""3636166209057106219"">Босс ачкычын иштетүү</translation>"
other/add-boss-key.patch	thorium-added:other/add-boss-key.patch	chrome/app/resources/generated_resources_lo.xtb	generated_resources	lo	3636166209057106219	"<translation id=""3636166209057106219"">ເປີດໃຊ້ລະຫັດນາຍຈ້າງ</translation>"
other/add-boss-key.patch	thorium-added:other/add-boss-key.patch	chrome/app/resources/generated_resources_lt.xtb	generated_resources	lt	3636166209057106219	"<translation id=""3636166209057106219"">Įgalinti viršininko raktą</translation>"
other/add-boss-key.patch	thorium-added:other/add-boss-key.patch	chrome/app/resources/generated_resources_lv.xtb	generated_resources	lv	3636166209057106219	"<translation id=""3636166209057106219"">Iespējot priekšnieka atslēgu</translation>"
other/add-boss-key.patch	thorium-added:other/add-boss-key.patch	chrome/app/resources/generated_resources_mk.xtb	generated_resources	mk	3636166209057106219	"<translation id=""3636166209057106219"">Овозможи клуч за шеф</translation>"
other/add-boss-key.patch	thorium-added:other/add-boss-key.patch	chrome/app/resources/generated_resources_ml.xtb	generated_resources	ml	3636166209057106219	"<translation id=""3636166209057106219"">ബോസ് കീ പ്രവർത്തനക്ഷമമാക്കുക</translation>"
other/add-boss-key.patch	thorium-added:other/add-boss-key.patch	chrome/app/resources/generated_resources_mn.xtb	generated_resources	mn	3636166209057106219	"<translation id=""3636166209057106219"">Босс түлхүүрийг идэвхжүүл</translation>"
other/add-boss-key.patch	thorium-added:other/add-boss-key.patch	chrome/app/resources/generated_resources_mr.xtb	generated_resources	mr	3636166209057106219	"<translation id=""3636166209057106219"">बॉस की सक्षम करा</translation>"
other/add-boss-key.patch	thorium-added:other/add-boss-key.patch	chrome/app/resources/generated_resources_ms.xtb	generated_resources	ms	3636166209057106219	"<translation id=""3636166209057106219"">Dayakan kunci bos</translation>"
other/add-boss-key.patch	thorium-added:other/add-boss-key.patch	chrome/app/resources/generated_resources_my.xtb	generated_resources	my	3636166209057106219	"<translation id=""3636166209057106219"">ဘော့စ်ကီးကို ဖွင့်ပါ။</translation>"
other/add-boss-key.patch	thorium-added:other/add-boss-key.patch	chrome/app/resources/generated_resources_ne.xtb	generated_resources	ne	3636166209057106219	"<translation id=""3636166209057106219"">मालिक कुञ्जी सक्षम गर्नुहोस्</translation>"
other/add-boss-key.patch	thorium-added:other/add-boss-key.patch	chrome/app/resources/generated_resources_nl.xtb	generated_resources	nl	3636166209057106219	"<translation id=""3636166209057106219"">Baas-toets inschakelen</translation>"
other/add-boss-key.patch	thorium-added:other/add-boss-key.patch	chrome/app/resources/generated_resources_no.xtb	generated_resources	no	3636166209057106219	"<translation id=""3636166209057106219"">Aktiver bossnøkkel</translation>"
other/add-boss-key.patch	thorium-added:other/add-boss-key.patch	chrome/app/resources/generated_resources_or.xtb	generated_resources	or	3636166209057106219	"<translation id=""3636166209057106219"">ବସ୍ ଚାବିକୁ ସକ୍ଷମ କରନ୍ତୁ |</translation>"
other/add-boss-key.patch	thorium-added:other/add-boss-key.patch	chrome/app/resources/generated_resources_pa.xtb	generated_resources	pa	3636166209057106219	"<translation id=""3636166209057106219"">ਬੌਸ ਕੁੰਜੀ ਨੂੰ ਸਮਰੱਥ ਬਣਾਓ</translation>"
other/add-boss-key.patch	thorium-added:other/add-boss-key.patch	chrome/app/resources/generated_resources_pl.xtb	generated_resources	pl	3636166209057106219	"<translation id=""3636166209057106219"">Włącz klawisz szefa</translation>"
other/add-boss-key.patch	thorium-added:other/add-boss-key.patch	chrome/app/resources/generated_resources_pt-BR.xtb	generated_resources	pt-BR	3636166209057106219	"<translation id=""3636166209057106219"">Ativar a tecla do chefe</translation>"
other/add-boss-key.patch	thorium-added:other/add-boss-key.patch	chrome/app/resources/generated_resources_pt-PT.xtb	generated_resources	pt-PT	3636166209057106219	"<translation id=""3636166209057106219"">Habilitar chave do chefe</translation>"
other/add-boss-key.patch	thorium-added:other/add-boss-key.patch	chrome/app/resources/generated_resources_ro.xtb	generated_resources	ro	3636166209057106219	"<translation id=""3636166209057106219"">Activați cheia șefului</translation>"
other/add-boss-key.patch	thorium-added:other/add-boss-key.patch	chrome/app/resources/generated_resources_ru.xtb	generated_resources	ru	3636166209057106219	"<translation id=""3636166209057106219"">Включить клавишу босса</translation>"
other/add-boss-key.patch	thorium-added:other/add-boss-key.patch	chrome/app/resources/generated_resources_si.xtb	generated_resources	si	3636166209057106219	"<translation id=""3636166209057106219"">ලොක්කා යතුර සක්රිය කරන්න</translation>"
other/add-boss-key.patch	thorium-added:other/add-boss-key.patch	chrome/app/resources/generated_resources_sk.xtb	generated_resources	sk	3636166209057106219	"<translation id=""3636166209057106219"">Povoliť kľúč šéfa</translation>"
other/add-boss-key.patch	thorium-added:other/add-boss-key.patch	chrome/app/resources/generated_resources_sl.xtb	generated_resources	sl	3636166209057106219	"<translation id=""3636166209057106219"">Omogoči ključ šefa</translation>"
other/add-boss-key.patch	thorium-added:other/add-boss-key.patch	chrome/app/resources/generated_resources_sq.xtb	generated_resources	sq	3636166209057106219	"<translation id=""3636166209057106219"">Aktivizo çelësin e shefit</translation>"
other/add-boss-key.patch	thorium-added:other/add-boss-key.patch	chrome/app/resources/generated_resources_sr.xtb	generated_resources	sr	3636166209057106219	"<translation id=""3636166209057106219"">Омогући главни кључ</translation>"
other/add-boss-key.patch	thorium-added:other/add-boss-key.patch	chrome/app/resources/generated_resources_sr-Latn.xtb	generated_resources	sr-Latn	3636166209057106219	"<translation id=""3636166209057106219"">Omogući taster šefa</translation>"
other/add-boss-key.patch	thorium-added:other/add-boss-key.patch	chrome/app/resources/generated_resources_sv.xtb	generated_resources	sv	3636166209057106219	"<translation id=""3636166209057106219"">Aktivera bossnyckel</translation>"
other/add-boss-key.patch	thorium-added:other/add-boss-key.patch	chrome/app/resources/generated_resources_sw.xtb	generated_resources	sw	3636166209057106219	"<translation id=""3636166209057106219"">Washa ufunguo wa bosi</translation>"
other/add-boss-key.patch	thorium-added:other/add-boss-key.patch	chrome/app/resources/generated_resources_ta.xtb	generated_resources	ta	3636166209057106219	"<translation id=""3636166209057106219"">முதலாளி விசையை இயக்கு</translation>"
other/add-boss-key.patch	thorium-added:other/add-boss-key.patch	chrome/app/resources/generated_resources_te.xtb	generated_resources	te	3636166209057106219	"<translation id=""3636166209057106219"">బాస్ కీని ప్రారంభించండి</translation>"
other/add-boss-key.patch	thorium-added:other/add-boss-key.patch	chrome/app/resources/generated_resources_th.xtb	generated_resources	th	3636166209057106219	"<translation id=""3636166209057106219"">เปิดใช้งานคีย์บอส</translation>"
other/add-boss-key.patch	thorium-added:other/add-boss-key.patch	chrome/app/resources/generated_resources_tr.xtb	generated_resources	tr	3636166209057106219	"<translation id=""3636166209057106219"">Patron tuşunu etkinleştir</translation>"
other/add-boss-key.patch	thorium-added:other/add-boss-key.patch	chrome/app/resources/generated_resources_uk.xtb	generated_resources	uk	3636166209057106219	"<translation id=""3636166209057106219"">Увімкнути клавішу боса</translation>"
other/add-boss-key.patch	thorium-added:other/add-boss-key.patch	chrome/app/resources/generated_resources_ur.xtb	generated_resources	ur	3636166209057106219	"<translation id=""3636166209057106219"">باس کلید کو فعال کریں۔</translation>"
other/add-boss-key.patch	thorium-added:other/add-boss-key.patch	chrome/app/resources/generated_resources_uz.xtb	generated_resources	uz	3636166209057106219	"<translation id=""3636166209057106219"">Boss kalitini yoqing</translation>"
other/add-boss-key.patch	thorium-added:other/add-boss-key.patch	chrome/app/resources/generated_resources_vi.xtb	generated_resources	vi	3636166209057106219	"<translation id=""3636166209057106219"">Kích hoạt phím trùm</translation>"
other/add-boss-key.patch	thorium-added:other/add-boss-key.patch	chrome/app/resources/generated_resources_zh-CN.xtb	generated_resources	zh-CN	3636166209057106219	"<translation id=""3636166209057106219"">启用老板键</translation>"
other/add-boss-key.patch	thorium-added:other/add-boss-key.patch	chrome/app/resources/generated_resources_zh-HK.xtb	generated_resources	zh-HK	3636166209057106219	"<translation id=""3636166209057106219"">啟用老闆鍵</translation>"
other/add-boss-key.patch	thorium-added:other/add-boss-key.patch	chrome/app/resources/generated_resources_zh-TW.xtb	generated_resources	zh-TW	3636166209057106219	"<translation id=""3636166209057106219"">啟用老闆鍵</translation>"
other/add-boss-key.patch	thorium-added:other/add-boss-key.patch	chrome/app/resources/generated_resources_zu.xtb	generated_resources	zu	3636166209057106219	"<translation id=""3636166209057106219"">Nika amandla ukhiye womphathi</translation>"
other/add-quick-extension-toggle-menu.patch	thorium-added:other/add-quick-extension-toggle-menu.patch	chrome/app/resources/generated_resources_af.xtb	generated_resources	af	4564150883622494122	"<translation id=""4564150883622494122"">Alle uitbreidings</translation>"
other/add-quick-extension-toggle-menu.patch	thorium-added:other/add-quick-extension-toggle-menu.patch	chrome/app/resources/generated_resources_am.xtb	generated_resources	am	4564150883622494122	"<translation id=""4564150883622494122"">ሁሉም ቅጥያዎች</translation>"
other/add-quick-extension-toggle-menu.patch	thorium-added:other/add-quick-extension-toggle-menu.patch	chrome/app/resources/generated_resources_ar.xtb	generated_resources	ar	4564150883622494122	"<translation id=""4564150883622494122"">كل الإضافات</translation>"
other/add-quick-extension-toggle-menu.patch	thorium-added:other/add-quick-extension-toggle-menu.patch	chrome/app/resources/generated_resources_as.xtb	generated_resources	as	4564150883622494122	"<translation id=""4564150883622494122"">সকলো এক্সটেনশ্যন</translation>"
other/add-quick-extension-toggle-menu.patch	thorium-added:other/add-quick-extension-toggle-menu.patch	chrome/app/resources/generated_resources_az.xtb	generated_resources	az	4564150883622494122	"<translation id=""4564150883622494122"">Bütün artırmalar</translation>"
other/add-quick-extension-toggle-menu.patch	thorium-added:other/add-quick-extension-toggle-menu.patch	chrome/app/resources/generated_resources_be.xtb	generated_resources	be	4564150883622494122	"<translation id=""4564150883622494122"">Усе пашырэнні</translation>"
other/add-quick-extension-toggle-menu.patch	thorium-added:other/add-quick-extension-toggle-menu.patch	chrome/app/resources/generated_resources_bg.xtb	generated_resources	bg	4564150883622494122	"<translation id=""4564150883622494122"">Всички разширения</translation>"
other/add-quick-extension-toggle-menu.patch	thorium-added:other/add-quick-extension-toggle-menu.patch	chrome/app/resources/generated_resources_bn.xtb	generated_resources	bn	4564150883622494122	"<translation id=""4564150883622494122"">সব এক্সটেনশন</translation>"
other/add-quick-extension-toggle-menu.patch	thorium-added:other/add-quick-extension-toggle-menu.patch	chrome/app/resources/generated_resources_bs.xtb	generated_resources	bs	4564150883622494122	"<translation id=""4564150883622494122"">Sva proširenja</translation>"
other/add-quick-extension-toggle-menu.patch	thorium-added:other/add-quick-extension-toggle-menu.patch	chrome/app/resources/generated_resources_ca.xtb	generated_resources	ca	4564150883622494122	"<translation id=""4564150883622494122"">Totes les extensions</translation>"
other/add-quick-extension-toggle-menu.patch	thorium-added:other/add-quick-extension-toggle-menu.patch	chrome/app/resources/generated_resources_cs.xtb	generated_resources	cs	4564150883622494122	"<translation id=""4564150883622494122"">Všechna rozšíření</translation>"
other/add-quick-extension-toggle-menu.patch	thorium-added:other/add-quick-extension-toggle-menu.patch	chrome/app/resources/generated_resources_cy.xtb	generated_resources	cy	4564150883622494122	"<translation id=""4564150883622494122"">Pob estyniad</translation>"
other/add-quick-extension-toggle-menu.patch	thorium-added:other/add-quick-extension-toggle-menu.patch	chrome/app/resources/generated_resources_da.xtb	generated_resources	da	4564150883622494122	"<translation id=""4564150883622494122"">Alle udvidelser</translation>"
other/add-quick-extension-toggle-menu.patch	thorium-added:other/add-quick-extension-toggle-menu.patch	chrome/app/resources/generated_resources_de.xtb	generated_resources	de	4564150883622494122	"<translation id=""4564150883622494122"">Alle Erweiterungen</translation>"
other/add-quick-extension-toggle-menu.patch	thorium-added:other/add-quick-extension-toggle-menu.patch	chrome/app/resources/generated_resources_el.xtb	generated_resources	el	4564150883622494122	"<translation id=""4564150883622494122"">Όλες οι επεκτάσεις</translation>"
other/add-quick-extension-toggle-menu.patch	thorium-added:other/add-quick-extension-toggle-menu.patch	chrome/app/resources/generated_resources_en-GB.xtb	generated_resources	en-GB	4564150883622494122	"<translation id=""4564150883622494122"">All extensions</translation>"
other/add-quick-extension-toggle-menu.patch	thorium-added:other/add-quick-extension-toggle-menu.patch	chrome/app/resources/generated_resources_es.xtb	generated_resources	es	4564150883622494122	"<translation id=""4564150883622494122"">Todas las extensiones</translation>"
other/add-quick-extension-toggle-menu.patch	thorium-added:other/add-quick-extension-toggle-menu.patch	chrome/app/resources/generated_resources_es-419.xtb	generated_resources	es-419	4564150883622494122	"<translation id=""4564150883622494122"">Todas las extensiones</translation>"
other/add-quick-extension-toggle-menu.patch	thorium-added:other/add-quick-extension-toggle-menu.patch	chrome/app/resources/generated_resources_et.xtb	generated_resources	et	4564150883622494122	"<translation id=""4564150883622494122"">Kõik laiendused</translation>"
other/add-quick-extension-toggle-menu.patch	thorium-added:other/add-quick-extension-toggle-menu.patch	chrome/app/resources/generated_resources_eu.xtb	generated_resources	eu	4564150883622494122	"<translation id=""4564150883622494122"">Luzapen guztiak</translation>"
other/add-quick-extension-toggle-menu.patch	thorium-added:other/add-quick-extension-toggle-menu.patch	chrome/app/resources/generated_resources_fa.xtb	generated_resources	fa	4564150883622494122	"<translation id=""4564150883622494122"">همه افزونه‌ها</translation>"
other/add-quick-extension-toggle-menu.patch	thorium-added:other/add-quick-extension-toggle-menu.patch	chrome/app/resources/generated_resources_fi.xtb	generated_resources	fi	4564150883622494122	"<translation id=""4564150883622494122"">Kaikki laajennukset</translation>"
other/add-quick-extension-toggle-menu.patch	thorium-added:other/add-quick-extension-toggle-menu.patch	chrome/app/resources/generated_resources_fil.xtb	generated_resources	fil	4564150883622494122	"<translation id=""4564150883622494122"">Lahat ng extension</translation>"
other/add-quick-extension-toggle-menu.patch	thorium-added:other/add-quick-extension-toggle-menu.patch	chrome/app/resources/generated_resources_fr.xtb	generated_resources	fr	4564150883622494122	"<translation id=""4564150883622494122"">Toutes les extensions</translation>"
other/add-quick-extension-toggle-menu.patch	thorium-added:other/add-quick-extension-toggle-menu.patch	chrome/app/resources/generated_resources_fr-CA.xtb	generated_resources	fr-CA	4564150883622494122	"<translation id=""4564150883622494122"">Toutes les extensions</translation>"
other/add-quick-extension-toggle-menu.patch	thorium-added:other/add-quick-extension-toggle-menu.patch	chrome/app/resources/generated_resources_gl.xtb	generated_resources	gl	4564150883622494122	"<translation id=""4564150883622494122"">Todas as extensións</translation>"
other/add-quick-extension-toggle-menu.patch	thorium-added:other/add-quick-extension-toggle-menu.patch	chrome/app/resources/generated_resources_gu.xtb	generated_resources	gu	4564150883622494122	"<translation id=""4564150883622494122"">બધા એક્સ્ટેન્શન</translation>"
other/add-quick-extension-toggle-menu.patch	thorium-added:other/add-quick-extension-toggle-menu.patch	chrome/app/resources/generated_resources_hi.xtb	generated_resources	hi	4564150883622494122	"<translation id=""4564150883622494122"">सभी एक्सटेंशन</translation>"
other/add-quick-extension-toggle-menu.patch	thorium-added:other/add-quick-extension-toggle-menu.patch	chrome/app/resources/generated_resources_hr.xtb	generated_resources	hr	4564150883622494122	"<translation id=""4564150883622494122"">Sva proširenja</translation>"
other/add-quick-extension-toggle-menu.patch	thorium-added:other/add-quick-extension-toggle-menu.patch	chrome/app/resources/generated_resources_hu.xtb	generated_resources	hu	4564150883622494122	"<translation id=""4564150883622494122"">Minden bővítmény</translation>"
other/add-quick-extension-toggle-menu.patch	thorium-added:other/add-quick-extension-toggle-menu.patch	chrome/app/resources/generated_resources_hy.xtb	generated_resources	hy	4564150883622494122	"<translation id=""4564150883622494122"">Բոլոր ընդլայնումները</translation>"
other/add-quick-extension-toggle-menu.patch	thorium-added:other/add-quick-extension-toggle-menu.patch	chrome/app/resources/generated_resources_id.xtb	generated_resources	id	4564150883622494122	"<translation id=""4564150883622494122"">Semua ekstensi</translation>"
other/add-quick-extension-toggle-menu.patch	thorium-added:other/add-quick-extension-toggle-menu.patch	chrome/app/resources/generated_resources_is.xtb	generated_resources	is	4564150883622494122	"<translation id=""4564150883622494122"">Allar viðbætur</translation>"
other/add-quick-extension-toggle-menu.patch	thorium-added:other/add-quick-extension-toggle-menu.patch	chrome/app/resources/generated_resources_it.xtb	generated_resources	it	4564150883622494122	"<translation id=""4564150883622494122"">Tutte le estensioni</translation>"
other/add-quick-extension-toggle-menu.patch	thorium-added:other/add-quick-extension-toggle-menu.patch	chrome/app/resources/generated_resources_iw.xtb	generated_resources	iw	4564150883622494122	"<translation id=""4564150883622494122"">כל התוספים</translation>"
other/add-quick-extension-toggle-menu.patch	thorium-added:other/add-quick-extension-toggle-menu.patch	chrome/app/resources/generated_resources_ja.xtb	generated_resources	ja	4564150883622494122	"<translation id=""4564150883622494122"">すべての拡張機能</translation>"
other/add-quick-extension-toggle-menu.patch	thorium-added:other/add-quick-extension-toggle-menu.patch	chrome/app/resources/generated_resources_ka.xtb	generated_resources	ka	4564150883622494122	"<translation id=""4564150883622494122"">ყველა გაფართოება</translation>"
other/add-quick-extension-toggle-menu.patch	thorium-added:other/add-quick-extension-toggle-menu.patch	chrome/app/resources/generated_resources_kk.xtb	generated_resources	kk	4564150883622494122	"<translation id=""4564150883622494122"">Барлық кеңейтімдер</translation>"
other/add-quick-extension-toggle-menu.patch	thorium-added:other/add-quick-extension-toggle-menu.patch	chrome/app/resources/generated_resources_km.xtb	generated_resources	km	4564150883622494122	"<translation id=""4564150883622494122"">ផ្នែកបន្ថែមទាំងអស់</translation>"
other/add-quick-extension-toggle-menu.patch	thorium-added:other/add-quick-extension-toggle-menu.patch	chrome/app/resources/generated_resources_kn.xtb	generated_resources	kn	4564150883622494122	"<translation id=""4564150883622494122"">ಎಲ್ಲಾ ವಿಸ್ತರಣೆಗಳು</translation>"
other/add-quick-extension-toggle-menu.patch	thorium-added:other/add-quick-extension-toggle-menu.patch	chrome/app/resources/generated_resources_ko.xtb	generated_resources	ko	4564150883622494122	"<translation id=""4564150883622494122"">모든 확장 프로그램</translation>"
other/add-quick-extension-toggle-menu.patch	thorium-added:other/add-quick-extension-toggle-menu.patch	chrome/app/resources/generated_resources_ky.xtb	generated_resources	ky	4564150883622494122	"<translation id=""4564150883622494122"">Бардык кеңейтүүлөр</translation>"
other/add-quick-extension-toggle-menu.patch	thorium-added:other/add-quick-extension-toggle-menu.patch	chrome/app/resources/generated_resources_lo.xtb	generated_resources	lo	4564150883622494122	"<translation id=""4564150883622494122"">ສ່ວນຂະຫຍາຍທັງໝົດ</translation>"
other/add-quick-extension-toggle-menu.patch	thorium-added:other/add-quick-extension-toggle-menu.patch	chrome/app/resources/generated_resources_lt.xtb	generated_resources	lt	4564150883622494122	"<translation id=""4564150883622494122"">Visi plėtiniai</translation>"
other/add-quick-extension-toggle-menu.patch	thorium-added:other/add-quick-extension-toggle-menu.patch	chrome/app/resources/generated_resources_lv.xtb	generated_resources	lv	4564150883622494122	"<translation id=""4564150883622494122"">Visi paplašinājumi</translation>"
other/add-quick-extension-toggle-menu.patch	thorium-added:other/add-quick-extension-toggle-menu.patch	chrome/app/resources/generated_resources_mk.xtb	generated_resources	mk	4564150883622494122	"<translation id=""4564150883622494122"">Сите екстензии</translation>"
other/add-quick-extension-toggle-menu.patch	thorium-added:other/add-quick-extension-toggle-menu.patch	chrome/app/resources/generated_resources_ml.xtb	generated_resources	ml	4564150883622494122	"<translation id=""4564150883622494122"">എല്ലാ വിപുലീകരണങ്ങളും</translation>"
other/add-quick-extension-toggle-menu.patch	thorium-added:other/add-quick-extension-toggle-menu.patch	chrome/app/resources/generated_resources_mn.xtb	generated_resources	mn	4564150883622494122	"<translation id=""4564150883622494122"">Бүх өргөтгөлүүд</translation>"
other/add-quick-extension-toggle-menu.patch	thorium-added:other/add-quick-extension-toggle-menu.patch	chrome/app/resources/generated_resources_mr.xtb	generated_resources	mr	4564150883622494122	"<translation id=""4564150883622494122"">सर्व विस्तार</translation>"
other/add-quick-extension-toggle-menu.patch	thorium-added:other/add-quick-extension-toggle-menu.patch	chrome/app/resources/generated_resources_ms.xtb	generated_resources	ms	4564150883622494122	"<translation id=""4564150883622494122"">Semua sambungan</translation>"
other/add-quick-extension-toggle-menu.patch	thorium-added:other/add-quick-extension-toggle-menu.patch	chrome/app/resources/generated_resources_my.xtb	generated_resources	my	4564150883622494122	"<translation id=""4564150883622494122"">တိုးချဲ့မှုအားလုံး</translation>"
other/add-quick-extension-toggle-menu.patch	thorium-added:other/add-quick-extension-toggle-menu.patch	chrome/app/resources/generated_resources_ne.xtb	generated_resources	ne	4564150883622494122	"<translation id=""4564150883622494122"">सबै विस्तारहरू</translation>"
other/add-quick-extension-toggle-menu.patch	thorium-added:other/add-quick-extension-toggle-menu.patch	chrome/app/resources/generated_resources_nl.xtb	generated_resources	nl	4564150883622494122	"<translation id=""4564150883622494122"">Alle extensies</translation>"
other/add-quick-extension-toggle-menu.patch	thorium-added:other/add-quick-extension-toggle-menu.patch	chrome/app/resources/generated_resources_no.xtb	generated_resources	no	4564150883622494122	"<translation id=""4564150883622494122"">Alle utvidelser</translation>"
other/add-quick-extension-toggle-menu.patch	thorium-added:other/add-quick-extension-toggle-menu.patch	chrome/app/resources/generated_resources_or.xtb	generated_resources	or	4564150883622494122	"<translation id=""4564150883622494122"">ସମସ୍ତ ଏକ୍ସଟେନ୍ସନ୍</translation>"
other/add-quick-extension-toggle-menu.patch	thorium-added:other/add-quick-extension-toggle-menu.patch	chrome/app/resources/generated_resources_pa.xtb	generated_resources	pa	4564150883622494122	"<translation id=""4564150883622494122"">ਸਾਰੀਆਂ ਐਕਸਟੈਂਸ਼ਨਾਂ</translation>"
other/add-quick-extension-toggle-menu.patch	thorium-added:other/add-quick-extension-toggle-menu.patch	chrome/app/resources/generated_resources_pl.xtb	generated_resources	pl	4564150883622494122	"<translation id=""4564150883622494122"">Wszystkie rozszerzenia</translation>"
other/add-quick-extension-toggle-menu.patch	thorium-added:other/add-quick-extension-toggle-menu.patch	chrome/app/resources/generated_resources_pt-BR.xtb	generated_resources	pt-BR	4564150883622494122	"<translation id=""4564150883622494122"">Todas as extensões</translation>"
other/add-quick-extension-toggle-menu.patch	thorium-added:other/add-quick-extension-toggle-menu.patch	chrome/app/resources/generated_resources_pt-PT.xtb	generated_resources	pt-PT	4564150883622494122	"<translation id=""4564150883622494122"">Todas as extensões</translation>"
other/add-quick-extension-toggle-menu.patch	thorium-added:other/add-quick-extension-toggle-menu.patch	chrome/app/resources/generated_resources_ro.xtb	generated_resources	ro	4564150883622494122	"<translation id=""4564150883622494122"">Toate extensiile</translation>"
other/add-quick-extension-toggle-menu.patch	thorium-added:other/add-quick-extension-toggle-menu.patch	chrome/app/resources/generated_resources_ru.xtb	generated_resources	ru	4564150883622494122	"<translation id=""4564150883622494122"">Все расширения</translation>"
other/add-quick-extension-toggle-menu.patch	thorium-added:other/add-quick-extension-toggle-menu.patch	chrome/app/resources/generated_resources_si.xtb	generated_resources	si	4564150883622494122	"<translation id=""4564150883622494122"">සියලු දිගු</translation>"
other/add-quick-extension-toggle-menu.patch	thorium-added:other/add-quick-extension-toggle-menu.patch	chrome/app/resources/generated_resources_sk.xtb	generated_resources	sk	4564150883622494122	"<translation id=""4564150883622494122"">Všetky rozšírenia</translation>"
other/add-quick-extension-toggle-menu.patch	thorium-added:other/add-quick-extension-toggle-menu.patch	chrome/app/resources/generated_resources_sl.xtb	generated_resources	sl	4564150883622494122	"<translation id=""4564150883622494122"">Vse razširitve</translation>"
other/add-quick-extension-toggle-menu.patch	thorium-added:other/add-quick-extension-toggle-menu.patch	chrome/app/resources/generated_resources_sq.xtb	generated_resources	sq	4564150883622494122	"<translation id=""4564150883622494122"">Të gjitha shtesat</translation>"
other/add-quick-extension-toggle-menu.patch	thorium-added:other/add-quick-extension-toggle-menu.patch	chrome/app/resources/generated_resources_sr.xtb	generated_resources	sr	4564150883622494122	"<translation id=""4564150883622494122"">Сва проширења</translation>"
other/add-quick-extension-toggle-menu.patch	thorium-added:other/add-quick-extension-toggle-menu.patch	chrome/app/resources/generated_resources_sr-Latn.xtb	generated_resources	sr-Latn	4564150883622494122	"<translation id=""4564150883622494122"">Sva proširenja</translation>"
other/add-quick-extension-toggle-menu.patch	thorium-added:other/add-quick-extension-toggle-menu.patch	chrome/app/resources/generated_resources_sv.xtb	generated_resources	sv	4564150883622494122	"<translation id=""4564150883622494122"">Alla tillägg</translation>"
other/add-quick-extension-toggle-menu.patch	thorium-added:other/add-quick-extension-toggle-menu.patch	chrome/app/resources/generated_resources_sw.xtb	generated_resources	sw	4564150883622494122	"<translation id=""4564150883622494122"">Viendelezi vyote</translation>"
other/add-quick-extension-toggle-menu.patch	thorium-added:other/add-quick-extension-toggle-menu.patch	chrome/app/resources/generated_resources_ta.xtb	generated_resources	ta	4564150883622494122	"<translation id=""4564150883622494122"">எல்லா நீட்டிப்புகளும்</translation>"
other/add-quick-extension-toggle-menu.patch	thorium-added:other/add-quick-extension-toggle-menu.patch	chrome/app/resources/generated_resources_te.xtb	generated_resources	te	4564150883622494122	"<translation id=""4564150883622494122"">అన్ని పొడిగింపులు</translation>"
other/add-quick-extension-toggle-menu.patch	thorium-added:other/add-quick-extension-toggle-menu.patch	chrome/app/resources/generated_resources_th.xtb	generated_resources	th	4564150883622494122	"<translation id=""4564150883622494122"">ส่วนขยายทั้งหมด</translation>"
other/add-quick-extension-toggle-menu.patch	thorium-added:other/add-quick-extension-toggle-menu.patch	chrome/app/resources/generated_resources_tr.xtb	generated_resources	tr	4564150883622494122	"<translation id=""4564150883622494122"">Tüm uzantılar</translation>"
other/add-quick-extension-toggle-menu.patch	thorium-added:other/add-quick-extension-toggle-menu.patch	chrome/app/resources/generated_resources_uk.xtb	generated_resources	uk	4564150883622494122	"<translation id=""4564150883622494122"">Усі розширення</translation>"
other/add-quick-extension-toggle-menu.patch	thorium-added:other/add-quick-extension-toggle-menu.patch	chrome/app/resources/generated_resources_ur.xtb	generated_resources	ur	4564150883622494122	"<translation id=""4564150883622494122"">تمام ایکسٹینشنز</translation>"
other/add-quick-extension-toggle-menu.patch	thorium-added:other/add-quick-extension-toggle-menu.patch	chrome/app/resources/generated_resources_uz.xtb	generated_resources	uz	4564150883622494122	"<translation id=""4564150883622494122"">Barcha kengaytmalar</translation>"
other/add-quick-extension-toggle-menu.patch	thorium-added:other/add-quick-extension-toggle-menu.patch	chrome/app/resources/generated_resources_vi.xtb	generated_resources	vi	4564150883622494122	"<translation id=""4564150883622494122"">Tất cả tiện ích</translation>"
other/add-quick-extension-toggle-menu.patch	thorium-added:other/add-quick-extension-toggle-menu.patch	chrome/app/resources/generated_resources_zh-CN.xtb	generated_resources	zh-CN	4564150883622494122	"<translation id=""4564150883622494122"">所有扩展程序</translation>"
other/add-quick-extension-toggle-menu.patch	thorium-added:other/add-quick-extension-toggle-menu.patch	chrome/app/resources/generated_resources_zh-HK.xtb	generated_resources	zh-HK	4564150883622494122	"<translation id=""4564150883622494122"">所有擴充功能</translation>"
other/add-quick-extension-toggle-menu.patch	thorium-added:other/add-quick-extension-toggle-menu.patch	chrome/app/resources/generated_resources_zh-TW.xtb	generated_resources	zh-TW	4564150883622494122	"<translation id=""4564150883622494122"">所有擴充功能</translation>"
other/add-quick-extension-toggle-menu.patch	thorium-added:other/add-quick-extension-toggle-menu.patch	chrome/app/resources/generated_resources_zu.xtb	generated_resources	zu	4564150883622494122	"<translation id=""4564150883622494122"">Zonke izandiso</translation>"
other/add-quick-extension-toggle-menu.patch	thorium-added:other/add-quick-extension-toggle-menu.patch	chrome/app/resources/generated_resources_af.xtb	generated_resources	af	7452571742165018478	"<translation id=""7452571742165018478"">Vinnige uitbreidingskakelaars</translation>"
other/add-quick-extension-toggle-menu.patch	thorium-added:other/add-quick-extension-toggle-menu.patch	chrome/app/resources/generated_resources_am.xtb	generated_resources	am	7452571742165018478	"<translation id=""7452571742165018478"">ፈጣን የቅጥያ መቀየሪያዎች</translation>"
other/add-quick-extension-toggle-menu.patch	thorium-added:other/add-quick-extension-toggle-menu.patch	chrome/app/resources/generated_resources_ar.xtb	generated_resources	ar	7452571742165018478	"<translation id=""7452571742165018478"">مفاتيح تبديل الإضافات السريعة</translation>"
other/add-quick-extension-toggle-menu.patch	thorium-added:other/add-quick-extension-toggle-menu.patch	chrome/app/resources/generated_resources_as.xtb	generated_resources	as	7452571742165018478	"<translation id=""7452571742165018478"">দ্ৰুত এক্সটেনচন টগলসমূহ</translation>"
other/add-quick-extension-toggle-menu.patch	thorium-added:other/add-quick-extension-toggle-menu.patch	chrome/app/resources/generated_resources_az.xtb	generated_resources	az	7452571742165018478	"<translation id=""7452571742165018478"">Sürətli artırma keçidləri</translation>"
other/add-quick-extension-toggle-menu.patch	thorium-added:other/add-quick-extension-toggle-menu.patch	chrome/app/resources/generated_resources_be.xtb	generated_resources	be	7452571742165018478	"<translation id=""7452571742165018478"">Хуткія пераключальнікі пашырэнняў</translation>"
other/add-quick-extension-toggle-menu.patch	thorium-added:other/add-quick-extension-toggle-menu.patch	chrome/app/resources/generated_resources_bg.xtb	generated_resources	bg	7452571742165018478	"<translation id=""7452571742165018478"">Бързи превключватели за разширения</translation>"
other/add-quick-extension-toggle-menu.patch	thorium-added:other/add-quick-extension-toggle-menu.patch	chrome/app/resources/generated_resources_bn.xtb	generated_resources	bn	7452571742165018478	"<translation id=""7452571742165018478"">দ্রুত এক্সটেনশন টগল</translation>"
other/add-quick-extension-toggle-menu.patch	thorium-added:other/add-quick-extension-toggle-menu.patch	chrome/app/resources/generated_resources_bs.xtb	generated_resources	bs	7452571742165018478	"<translation id=""7452571742165018478"">Brzi prekidači proširenja</translation>"
other/add-quick-extension-toggle-menu.patch	thorium-added:other/add-quick-extension-toggle-menu.patch	chrome/app/resources/generated_resources_ca.xtb	generated_resources	ca	7452571742165018478	"<translation id=""7452571742165018478"">Commutadors ràpids d'extensions</translation>"
other/add-quick-extension-toggle-menu.patch	thorium-added:other/add-quick-extension-toggle-menu.patch	chrome/app/resources/generated_resources_cs.xtb	generated_resources	cs	7452571742165018478	"<translation id=""7452571742165018478"">Rychlé přepínače rozšíření</translation>"
other/add-quick-extension-toggle-menu.patch	thorium-added:other/add-quick-extension-toggle-menu.patch	chrome/app/resources/generated_resources_cy.xtb	generated_resources	cy	7452571742165018478	"<translation id=""7452571742165018478"">Toglau estyniadau cyflym</translation>"
other/add-quick-extension-toggle-menu.patch	thorium-added:other/add-quick-extension-toggle-menu.patch	chrome/app/resources/generated_resources_da.xtb	generated_resources	da	7452571742165018478	"<translation id=""7452571742165018478"">Hurtige udvidelseskontakter</translation>"
other/add-quick-extension-toggle-menu.patch	thorium-added:other/add-quick-extension-toggle-menu.patch	chrome/app/resources/generated_resources_de.xtb	generated_resources	de	7452571742165018478	"<translation id=""7452571742165018478"">Schnellschalter für Erweiterungen</translation>"
other/add-quick-extension-toggle-menu.patch	thorium-added:other/add-quick-extension-toggle-menu.patch	chrome/app/resources/generated_resources_el.xtb	generated_resources	el	7452571742165018478	"<translation id=""7452571742165018478"">Γρήγοροι διακόπτες επεκτάσεων</translation>"
other/add-quick-extension-toggle-menu.patch	thorium-added:other/add-quick-extension-toggle-menu.patch	chrome/app/resources/generated_resources_en-GB.xtb	generated_resources	en-GB	7452571742165018478	"<translation id=""7452571742165018478"">Quick extension toggles</translation>"
other/add-quick-extension-toggle-menu.patch	thorium-added:other/add-quick-extension-toggle-menu.patch	chrome/app/resources/generated_resources_es.xtb	generated_resources	es	7452571742165018478	"<translation id=""7452571742165018478"">Interruptores rápidos de extensiones</translation>"
other/add-quick-extension-toggle-menu.patch	thorium-added:other/add-quick-extension-toggle-menu.patch	chrome/app/resources/generated_resources_es-419.xtb	generated_resources	es-419	7452571742165018478	"<translation id=""7452571742165018478"">Interruptores rápidos de extensiones</translation>"
other/add-quick-extension-toggle-menu.patch	thorium-added:other/add-quick-extension-toggle-menu.patch	chrome/app/resources/generated_resources_et.xtb	generated_resources	et	7452571742165018478	"<translation id=""7452571742165018478"">Laienduste kiirlülitid</translation>"
other/add-quick-extension-toggle-menu.patch	thorium-added:other/add-quick-extension-toggle-menu.patch	chrome/app/resources/generated_resources_eu.xtb	generated_resources	eu	7452571742165018478	"<translation id=""7452571742165018478"">Luzapenen etengailu azkarrak</translation>"
other/add-quick-extension-toggle-menu.patch	thorium-added:other/add-quick-extension-toggle-menu.patch	chrome/app/resources/generated_resources_fa.xtb	generated_resources	fa	7452571742165018478	"<translation id=""7452571742165018478"">کلیدهای سریع افزونه‌ها</translation>"
other/add-quick-extension-toggle-menu.patch	thorium-added:other/add-quick-extension-toggle-menu.patch	chrome/app/resources/generated_resources_fi.xtb	generated_resources	fi	7452571742165018478	"<translation id=""7452571742165018478"">Laajennusten pikavalitsimet</translation>"
other/add-quick-extension-toggle-menu.patch	thorium-added:other/add-quick-extension-toggle-menu.patch	chrome/app/resources/generated_resources_fil.xtb	generated_resources	fil	7452571742165018478	"<translation id=""7452571742165018478"">Mabilis na mga toggle ng extension</translation>"
other/add-quick-extension-toggle-menu.patch	thorium-added:other/add-quick-extension-toggle-menu.patch	chrome/app/resources/generated_resources_fr.xtb	generated_resources	fr	7452571742165018478	"<translation id=""7452571742165018478"">Boutons d'activation rapides des extensions</translation>"
other/add-quick-extension-toggle-menu.patch	thorium-added:other/add-quick-extension-toggle-menu.patch	chrome/app/resources/generated_resources_fr-CA.xtb	generated_resources	fr-CA	7452571742165018478	"<translation id=""7452571742165018478"">Boutons d'activation rapides des extensions</translation>"
other/add-quick-extension-toggle-menu.patch	thorium-added:other/add-quick-extension-toggle-menu.patch	chrome/app/resources/generated_resources_gl.xtb	generated_resources	gl	7452571742165018478	"<translation id=""7452571742165018478"">Interruptores rápidos de extensións</translation>"
other/add-quick-extension-toggle-menu.patch	thorium-added:other/add-quick-extension-toggle-menu.patch	chrome/app/resources/generated_resources_gu.xtb	generated_resources	gu	7452571742165018478	"<translation id=""7452571742165018478"">ઝડપી એક્સ્ટેંશન ટૉગલ</translation>"
other/add-quick-extension-toggle-menu.patch	thorium-added:other/add-quick-extension-toggle-menu.patch	chrome/app/resources/generated_resources_hi.xtb	generated_resources	hi	7452571742165018478	"<translation id=""7452571742165018478"">झटपट एक्सटेंशन टॉगल</translation>"
other/add-quick-extension-toggle-menu.patch	thorium-added:other/add-quick-extension-toggle-menu.patch	chrome/app/resources/generated_resources_hr.xtb	generated_resources	hr	7452571742165018478	"<translation id=""7452571742165018478"">Brzi prekidači proširenja</translation>"
other/add-quick-extension-toggle-menu.patch	thorium-added:other/add-quick-extension-toggle-menu.patch	chrome/app/resources/generated_resources_hu.xtb	generated_resources	hu	7452571742165018478	"<translation id=""7452571742165018478"">Gyors bővítménykapcsolók</translation>"
other/add-quick-extension-toggle-menu.patch	thorium-added:other/add-quick-extension-toggle-menu.patch	chrome/app/resources/generated_resources_hy.xtb	generated_resources	hy	7452571742165018478	"<translation id=""7452571742165018478"">Ընդլայնումների արագ փոխանջատիչներ</translation>"
other/add-quick-extension-toggle-menu.patch	thorium-added:other/add-quick-extension-toggle-menu.patch	chrome/app/resources/generated_resources_id.xtb	generated_resources	id	7452571742165018478	"<translation id=""7452571742165018478"">Tombol cepat ekstensi</translation>"
other/add-quick-extension-toggle-menu.patch	thorium-added:other/add-quick-extension-toggle-menu.patch	chrome/app/resources/generated_resources_is.xtb	generated_resources	is	7452571742165018478	"<translation id=""7452571742165018478"">Flýtivíxlar fyrir viðbætur</translation>"
other/add-quick-extension-toggle-menu.patch	thorium-added:other/add-quick-extension-toggle-menu.patch	chrome/app/resources/generated_resources_it.xtb	generated_resources	it	7452571742165018478	"<translation id=""7452571742165018478"">Interruttori rapidi delle estensioni</translation>"
other/add-quick-extension-toggle-menu.patch	thorium-added:other/add-quick-extension-toggle-menu.patch	chrome/app/resources/generated_resources_iw.xtb	generated_resources	iw	7452571742165018478	"<translation id=""7452571742165018478"">מתגי תוספים מהירים</translation>"
other/add-quick-extension-toggle-menu.patch	thorium-added:other/add-quick-extension-toggle-menu.patch	chrome/app/resources/generated_resources_ja.xtb	generated_resources	ja	7452571742165018478	"<translation id=""7452571742165018478"">拡張機能のクイック切り替え</translation>"
other/add-quick-extension-toggle-menu.patch	thorium-added:other/add-quick-extension-toggle-menu.patch	chrome/app/resources/generated_resources_ka.xtb	generated_resources	ka	7452571742165018478	"<translation id=""7452571742165018478"">გაფართოებების სწრაფი გადამრთველები</translation>"
other/add-quick-extension-toggle-menu.patch	thorium-added:other/add-quick-extension-toggle-menu.patch	chrome/app/resources/generated_resources_kk.xtb	generated_resources	kk	7452571742165018478	"<translation id=""7452571742165018478"">Кеңейтімдердің жылдам қосқыштары</translation>"
other/add-quick-extension-toggle-menu.patch	thorium-added:other/add-quick-extension-toggle-menu.patch	chrome/app/resources/generated_resources_km.xtb	generated_resources	km	7452571742165018478	"<translation id=""7452571742165018478"">បិទ/បើកផ្នែកបន្ថែមរហ័ស</translation>"
other/add-quick-extension-toggle-menu.patch	thorium-added:other/add-quick-extension-toggle-menu.patch	chrome/app/resources/generated_resources_kn.xtb	generated_resources	kn	7452571742165018478	"<translation id=""7452571742165018478"">ತ್ವರಿತ ವಿಸ್ತರಣೆ ಟಾಗಲ್‌ಗಳು</translation>"
other/add-quick-extension-toggle-menu.patch	thorium-added:other/add-quick-extension-toggle-menu.patch	chrome/app/resources/generated_resources_ko.xtb	generated_resources	ko	7452571742165018478	"<translation id=""7452571742165018478"">확장 프로그램 빠른 전환</translation>"
other/add-quick-extension-toggle-menu.patch	thorium-added:other/add-quick-extension-toggle-menu.patch	chrome/app/resources/generated_resources_ky.xtb	generated_resources	ky	7452571742165018478	"<translation id=""7452571742165018478"">Кеңейтүүлөрдүн тез которгучтары</translation>"
other/add-quick-extension-toggle-menu.patch	thorium-added:other/add-quick-extension-toggle-menu.patch	chrome/app/resources/generated_resources_lo.xtb	generated_resources	lo	7452571742165018478	"<translation id=""7452571742165018478"">ປຸ່ມສະຫຼັບສ່ວນຂະຫຍາຍແບບດ່ວນ</translation>"
other/add-quick-extension-toggle-menu.patch	thorium-added:other/add-quick-extension-toggle-menu.patch	chrome/app/resources/generated_resources_lt.xtb	generated_resources	lt	7452571742165018478	"<translation id=""7452571742165018478"">Spartieji plėtinių jungikliai</translation>"
other/add-quick-extension-toggle-menu.patch	thorium-added:other/add-quick-extension-toggle-menu.patch	chrome/app/resources/generated_resources_lv.xtb	generated_resources	lv	7452571742165018478	"<translation id=""7452571742165018478"">Ātrie paplašinājumu slēdži</translation>"
other/add-quick-extension-toggle-menu.patch	thorium-added:other/add-quick-extension-toggle-menu.patch	chrome/app/resources/generated_resources_mk.xtb	generated_resources	mk	7452571742165018478	"<translation id=""7452571742165018478"">Брзи прекинувачи за екстензии</translation>"
other/add-quick-extension-toggle-menu.patch	thorium-added:other/add-quick-extension-toggle-menu.patch	chrome/app/resources/generated_resources_ml.xtb	generated_resources	ml	7452571742165018478	"<translation id=""7452571742165018478"">ദ്രുത വിപുലീകരണ ടോഗിളുകൾ</translation>"
other/add-quick-extension-toggle-menu.patch	thorium-added:other/add-quick-extension-toggle-menu.patch	chrome/app/resources/generated_resources_mn.xtb	generated_resources	mn	7452571742165018478	"<translation id=""7452571742165018478"">Өргөтгөлийн хурдан унтраалгууд</translation>"
other/add-quick-extension-toggle-menu.patch	thorium-added:other/add-quick-extension-toggle-menu.patch	chrome/app/resources/generated_resources_mr.xtb	generated_resources	mr	7452571742165018478	"<translation id=""7452571742165018478"">जलद एक्स्टेंशन टॉगल</translation>"
other/add-quick-extension-toggle-menu.patch	thorium-added:other/add-quick-extension-toggle-menu.patch	chrome/app/resources/generated_resources_ms.xtb	generated_resources	ms	7452571742165018478	"<translation id=""7452571742165018478"">Togol sambungan pantas</translation>"
other/add-quick-extension-toggle-menu.patch	thorium-added:other/add-quick-extension-toggle-menu.patch	chrome/app/resources/generated_resources_my.xtb	generated_resources	my	7452571742165018478	"<translation id=""7452571742165018478"">အမြန် တိုးချဲ့မှု အဖွင့်/အပိတ်များ</translation>"
other/add-quick-extension-toggle-menu.patch	thorium-added:other/add-quick-extension-toggle-menu.patch	chrome/app/resources/generated_resources_ne.xtb	generated_resources	ne	7452571742165018478	"<translation id=""7452571742165018478"">द्रुत एक्स्टेन्सन टगलहरू</translation>"
other/add-quick-extension-toggle-menu.patch	thorium-added:other/add-quick-extension-toggle-menu.patch	chrome/app/resources/generated_resources_nl.xtb	generated_resources	nl	7452571742165018478	"<translation id=""7452571742165018478"">Snelle schakelaars voor extensies</translation>"
other/add-quick-extension-toggle-menu.patch	thorium-added:other/add-quick-extension-toggle-menu.patch	chrome/app/resources/generated_resources_no.xtb	generated_resources	no	7452571742165018478	"<translation id=""7452571742165018478"">Hurtigbrytere for utvidelser</translation>"
other/add-quick-extension-toggle-menu.patch	thorium-added:other/add-quick-extension-toggle-menu.patch	chrome/app/resources/generated_resources_or.xtb	generated_resources	or	7452571742165018478	"<translation id=""7452571742165018478"">ଦ୍ରୁତ ଏକ୍ସଟେନସନ୍ ଟଗଲ୍‌ଗୁଡ଼ିକ</translation>"
other/add-quick-extension-toggle-menu.patch	thorium-added:other/add-quick-extension-toggle-menu.patch	chrome/app/resources/generated_resources_pa.xtb	generated_resources	pa	7452571742165018478	"<translation id=""7452571742165018478"">ਤੇਜ਼ ਐਕਸਟੈਂਸ਼ਨ ਟੌਗਲ</translation>"
other/add-quick-extension-toggle-menu.patch	thorium-added:other/add-quick-extension-toggle-menu.patch	chrome/app/resources/generated_resources_pl.xtb	generated_resources	pl	7452571742165018478	"<translation id=""7452571742165018478"">Szybkie przełączniki rozszerzeń</translation>"
other/add-quick-extension-toggle-menu.patch	thorium-added:other/add-quick-extension-toggle-menu.patch	chrome/app/resources/generated_resources_pt-BR.xtb	generated_resources	pt-BR	7452571742165018478	"<translation id=""7452571742165018478"">Alternâncias rápidas de extensões</translation>"
other/add-quick-extension-toggle-menu.patch	thorium-added:other/add-quick-extension-toggle-menu.patch	chrome/app/resources/generated_resources_pt-PT.xtb	generated_resources	pt-PT	7452571742165018478	"<translation id=""7452571742165018478"">Comutadores rápidos de extensões</translation>"
other/add-quick-extension-toggle-menu.patch	thorium-added:other/add-quick-extension-toggle-menu.patch	chrome/app/resources/generated_resources_ro.xtb	generated_resources	ro	7452571742165018478	"<translation id=""7452571742165018478"">Comutatoare rapide pentru extensii</translation>"
other/add-quick-extension-toggle-menu.patch	thorium-added:other/add-quick-extension-toggle-menu.patch	chrome/app/resources/generated_resources_ru.xtb	generated_resources	ru	7452571742165018478	"<translation id=""7452571742165018478"">Быстрые переключатели расширений</translation>"
other/add-quick-extension-toggle-menu.patch	thorium-added:other/add-quick-extension-toggle-menu.patch	chrome/app/resources/generated_resources_si.xtb	generated_resources	si	7452571742165018478	"<translation id=""7452571742165018478"">ඉක්මන් දිගු ටොගල්</translation>"
other/add-quick-extension-toggle-menu.patch	thorium-added:other/add-quick-extension-toggle-menu.patch	chrome/app/resources/generated_resources_sk.xtb	generated_resources	sk	7452571742165018478	"<translation id=""7452571742165018478"">Rýchle prepínače rozšírení</translation>"
other/add-quick-extension-toggle-menu.patch	thorium-added:other/add-quick-extension-toggle-menu.patch	chrome/app/resources/generated_resources_sl.xtb	generated_resources	sl	7452571742165018478	"<translation id=""7452571742165018478"">Hitri preklopi razširitev</translation>"
other/add-quick-extension-toggle-menu.patch	thorium-added:other/add-quick-extension-toggle-menu.patch	chrome/app/resources/generated_resources_sq.xtb	generated_resources	sq	7452571742165018478	"<translation id=""7452571742165018478"">Çelësa të shpejtë të shtesave</translation>"
other/add-quick-extension-toggle-menu.patch	thorium-added:other/add-quick-extension-toggle-menu.patch	chrome/app/resources/generated_resources_sr.xtb	generated_resources	sr	7452571742165018478	"<translation id=""7452571742165018478"">Брзи прекидачи додатака</translation>"
other/add-quick-extension-toggle-menu.patch	thorium-added:other/add-quick-extension-toggle-menu.patch	chrome/app/resources/generated_resources_sr-Latn.xtb	generated_resources	sr-Latn	7452571742165018478	"<translation id=""7452571742165018478"">Brzi prekidači dodataka</translation>"
other/add-quick-extension-toggle-menu.patch	thorium-added:other/add-quick-extension-toggle-menu.patch	chrome/app/resources/generated_resources_sv.xtb	generated_resources	sv	7452571742165018478	"<translation id=""7452571742165018478"">Snabbreglage för tillägg</translation>"
other/add-quick-extension-toggle-menu.patch	thorium-added:other/add-quick-extension-toggle-menu.patch	chrome/app/resources/generated_resources_sw.xtb	generated_resources	sw	7452571742165018478	"<translation id=""7452571742165018478"">Vigeuzi vya haraka vya viendelezi</translation>"
other/add-quick-extension-toggle-menu.patch	thorium-added:other/add-quick-extension-toggle-menu.patch	chrome/app/resources/generated_resources_ta.xtb	generated_resources	ta	7452571742165018478	"<translation id=""7452571742165018478"">விரைவு நீட்டிப்பு மாற்றிகள்</translation>"
other/add-quick-extension-toggle-menu.patch	thorium-added:other/add-quick-extension-toggle-menu.patch	chrome/app/resources/generated_resources_te.xtb	generated_resources	te	7452571742165018478	"<translation id=""7452571742165018478"">త్వరిత పొడిగింపు టాగిళ్లు</translation>"
other/add-quick-extension-toggle-menu.patch	thorium-added:other/add-quick-extension-toggle-menu.patch	chrome/app/resources/generated_resources_th.xtb	generated_resources	th	7452571742165018478	"<translation id=""7452571742165018478"">ปุ่มสลับส่วนขยายด่วน</translation>"
other/add-quick-extension-toggle-menu.patch	thorium-added:other/add-quick-extension-toggle-menu.patch	chrome/app/resources/generated_resources_tr.xtb	generated_resources	tr	7452571742165018478	"<translation id=""7452571742165018478"">Hızlı uzantı anahtarları</translation>"
other/add-quick-extension-toggle-menu.patch	thorium-added:other/add-quick-extension-toggle-menu.patch	chrome/app/resources/generated_resources_uk.xtb	generated_resources	uk	7452571742165018478	"<translation id=""7452571742165018478"">Швидкі перемикачі розширень</translation>"
other/add-quick-extension-toggle-menu.patch	thorium-added:other/add-quick-extension-toggle-menu.patch	chrome/app/resources/generated_resources_ur.xtb	generated_resources	ur	7452571742165018478	"<translation id=""7452571742165018478"">ایکسٹینشنز کے فوری ٹوگلز</translation>"
other/add-quick-extension-toggle-menu.patch	thorium-added:other/add-quick-extension-toggle-menu.patch	chrome/app/resources/generated_resources_uz.xtb	generated_resources	uz	7452571742165018478	"<translation id=""7452571742165018478"">Kengaytmalarni tez almashtirish</translation>"
other/add-quick-extension-toggle-menu.patch	thorium-added:other/add-quick-extension-toggle-menu.patch	chrome/app/resources/generated_resources_vi.xtb	generated_resources	vi	7452571742165018478	"<translation id=""7452571742165018478"">Nút bật/tắt nhanh tiện ích</translation>"
other/add-quick-extension-toggle-menu.patch	thorium-added:other/add-quick-extension-toggle-menu.patch	chrome/app/resources/generated_resources_zh-CN.xtb	generated_resources	zh-CN	7452571742165018478	"<translation id=""7452571742165018478"">快速扩展开关</translation>"
other/add-quick-extension-toggle-menu.patch	thorium-added:other/add-quick-extension-toggle-menu.patch	chrome/app/resources/generated_resources_zh-HK.xtb	generated_resources	zh-HK	7452571742165018478	"<translation id=""7452571742165018478"">快速擴充功能開關</translation>"
other/add-quick-extension-toggle-menu.patch	thorium-added:other/add-quick-extension-toggle-menu.patch	chrome/app/resources/generated_resources_zh-TW.xtb	generated_resources	zh-TW	7452571742165018478	"<translation id=""7452571742165018478"">快速擴充功能開關</translation>"
other/add-quick-extension-toggle-menu.patch	thorium-added:other/add-quick-extension-toggle-menu.patch	chrome/app/resources/generated_resources_zu.xtb	generated_resources	zu	7452571742165018478	"<translation id=""7452571742165018478"">Izishintshi ezisheshayo zezandiso</translation>"
other/ftp-support-thorium.patch	chromium-git:1cf8d153a4d17536f322ab8cf0046396e10c2a08:chrome/app/resources/generated_resources_af.xtb	chrome/app/resources/generated_resources_af.xtb	generated_resources	af	3835522725882634757	"<translation id=""3835522725882634757"">Ag, nee! Hierdie bediener stuur tans data wat <ph name=""PRODUCT_NAME"" /> nie kan verstaan nie. <ph name=""BEGIN_LINK"" />Meld asseblief 'n fout aan<ph name=""END_LINK"" />, en sluit die <ph name=""BEGIN2_LINK"" />rou lysinskrywing<ph name=""END2_LINK"" /> in.</translation>"
other/ftp-support-thorium.patch	chromium-git:1cf8d153a4d17536f322ab8cf0046396e10c2a08:chrome/app/resources/generated_resources_am.xtb	chrome/app/resources/generated_resources_am.xtb	generated_resources	am	3835522725882634757	"<translation id=""3835522725882634757"">ኧረ ቴች!  ይህ አገልጋይ <ph name=""PRODUCT_NAME"" /> የማይረዳውን ውሂብ እየላከ ነው። እባክዎ <ph name=""BEGIN_LINK"" />ሳንካ ሪፖርት ያድርጉ<ph name=""END_LINK"" /> እና <ph name=""BEGIN2_LINK"" />ጥሬ ዝርዝሩን<ph name=""END2_LINK"" /> ያካትቱ።</translation>"
other/ftp-support-thorium.patch	chromium-git:1cf8d153a4d17536f322ab8cf0046396e10c2a08:chrome/app/resources/generated_resources_ar.xtb	chrome/app/resources/generated_resources_ar.xtb	generated_resources	ar	3835522725882634757	"<translation id=""3835522725882634757"">عذرًا! يرسل هذا الخادم بيانات لا يستطيع <ph name=""PRODUCT_NAME"" /> استيعابها. يُرجى <ph name=""BEGIN_LINK"" />الإبلاغ عن خطأ<ph name=""END_LINK"" />، وتضمين <ph name=""BEGIN2_LINK"" />رقم الصف<ph name=""END2_LINK"" />.</translation>"
other/ftp-support-thorium.patch	chromium-git:1cf8d153a4d17536f322ab8cf0046396e10c2a08:chrome/app/resources/generated_resources_as.xtb	chrome/app/resources/generated_resources_as.xtb	generated_resources	as	3835522725882634757	"<translation id=""3835522725882634757"">অহ্‌ নহয়! এই ছার্ভাৰটোৱে <ph name=""PRODUCT_NAME"" />এ বুজি নোপোৱা ডেটা পঠিয়াই আছে। অনুগ্ৰহ কৰি<ph name=""BEGIN_LINK"" />বাগটোৰ বিষয়ে অভিযোগ কৰক<ph name=""END_LINK"" /> আৰু <ph name=""BEGIN2_LINK"" />শাৰী সূচীবদ্ধ কৰাটো<ph name=""END2_LINK"" /> অন্তর্ভুক্ত কৰক।</translation>"
other/ftp-support-thorium.patch	chromium-git:1cf8d153a4d17536f322ab8cf0046396e10c2a08:chrome/app/resources/generated_resources_az.xtb	chrome/app/resources/generated_resources_az.xtb	generated_resources	az	3835522725882634757	"<translation id=""3835522725882634757"">Bu server anlamadığı <ph name=""PRODUCT_NAME"" /> datasını göndərir. <ph name=""BEGIN_LINK"" />Baqı xəbər verin<ph name=""END_LINK"" />, və <ph name=""BEGIN2_LINK"" />qaralama testinqini<ph name=""END2_LINK"" /> daxil edin.</translation>"
other/ftp-support-thorium.patch	chromium-git:1cf8d153a4d17536f322ab8cf0046396e10c2a08:chrome/app/resources/generated_resources_be.xtb	chrome/app/resources/generated_resources_be.xtb	generated_resources	be	3835522725882634757	"<translation id=""3835522725882634757"">Памылка. Гэты сервер адпраўляе даныя, якія <ph name=""PRODUCT_NAME"" /> не можа распазнаць. Адпраўце <ph name=""BEGIN_LINK"" />справаздачу аб памылцы<ph name=""END_LINK"" /> і ўключыце ў яе <ph name=""BEGIN2_LINK"" />пералік неапрацаваных даных<ph name=""END2_LINK"" />.</translation>"
other/ftp-support-thorium.patch	chromium-git:1cf8d153a4d17536f322ab8cf0046396e10c2a08:chrome/app/resources/generated_resources_bg.xtb	chrome/app/resources/generated_resources_bg.xtb	generated_resources	bg	3835522725882634757	"<translation id=""3835522725882634757"">Ами сега! Този сървър изпраща данни, които <ph name=""PRODUCT_NAME"" /> не може да разбере. Моля, <ph name=""BEGIN_LINK"" />подайте сигнал за програмна грешка<ph name=""END_LINK"" /> и включете <ph name=""BEGIN2_LINK"" />суровата малка обява<ph name=""END2_LINK"" />.</translation>"
other/ftp-support-thorium.patch	chromium-git:1cf8d153a4d17536f322ab8cf0046396e10c2a08:chrome/app/resources/generated_resources_bn.xtb	chrome/app/resources/generated_resources_bn.xtb	generated_resources	bn	3835522725882634757	"<translation id=""3835522725882634757"">ওহো, না! এই সার্ভারটি ডেটা পাঠাচ্ছে <ph name=""PRODUCT_NAME"" /> বুঝতে পারছে না৷ অনুগ্রহ করে <ph name=""BEGIN_LINK"" />একটি বাগ রিপোর্ট করুন<ph name=""END_LINK"" /> এবং <ph name=""BEGIN2_LINK"" />raw তালিকা<ph name=""END2_LINK"" /> অন্তর্ভুক্ত করুন৷</translation>"
other/ftp-support-thorium.patch	chromium-git:1cf8d153a4d17536f322ab8cf0046396e10c2a08:chrome/app/resources/generated_resources_bs.xtb	chrome/app/resources/generated_resources_bs.xtb	generated_resources	bs	3835522725882634757	"<translation id=""3835522725882634757"">O ne! Ovaj server šalje podatke koje <ph name=""PRODUCT_NAME"" /> ne može razumjeti. <ph name=""BEGIN_LINK"" />Prijavite grešku u programu<ph name=""END_LINK"" /> i uključite <ph name=""BEGIN2_LINK"" /> neobrađeni listing<ph name=""END2_LINK"" />.</translation>"
other/ftp-support-thorium.patch	chromium-git:1cf8d153a4d17536f322ab8cf0046396e10c2a08:chrome/app/resources/generated_resources_ca.xtb	chrome/app/resources/generated_resources_ca.xtb	generated_resources	ca	3835522725882634757	"<translation id=""3835522725882634757"">Aquest servidor envia dades que <ph name=""PRODUCT_NAME"" /> no pot entendre. <ph name=""BEGIN_LINK"" />Informeu d'un error<ph name=""END_LINK"" /> i incloeu la <ph name=""BEGIN2_LINK"" />llista sense format<ph name=""END2_LINK"" />.</translation>"
other/ftp-support-thorium.patch	chromium-git:1cf8d153a4d17536f322ab8cf0046396e10c2a08:chrome/app/resources/generated_resources_cs.xtb	chrome/app/resources/generated_resources_cs.xtb	generated_resources	cs	3835522725882634757	"<translation id=""3835522725882634757"">Tento server odesílá data, kterým aplikace <ph name=""PRODUCT_NAME"" /> nerozumí. <ph name=""BEGIN_LINK"" />Nahlaste chybu<ph name=""END_LINK"" /> a přiložte <ph name=""BEGIN2_LINK"" />nezpracovaný výstup<ph name=""END2_LINK"" />.</translation>"
other/ftp-support-thorium.patch	reviewed-translation:directory-listing:cy	chrome/app/resources/generated_resources_cy.xtb	generated_resources	cy	3835522725882634757	"<translation id=""3835522725882634757"">O na! Mae&#x27;r gweinydd hwn yn anfon data na all <ph name=""PRODUCT_NAME"" /> ei ddeall. <ph name=""BEGIN_LINK"" />rhowch wybod am fyg<ph name=""END_LINK"" /> a chynhwyswch y <ph name=""BEGIN2_LINK"" />rhestr amrwd<ph name=""END2_LINK"" />.</translation>"
other/ftp-support-thorium.patch	chromium-git:1cf8d153a4d17536f322ab8cf0046396e10c2a08:chrome/app/resources/generated_resources_da.xtb	chrome/app/resources/generated_resources_da.xtb	generated_resources	da	3835522725882634757	"<translation id=""3835522725882634757"">Åh nej! Denne server sender data, som <ph name=""PRODUCT_NAME"" /> ikke forstår. <ph name=""BEGIN_LINK"" />Rapporter en fejl<ph name=""END_LINK"" />, og medtag den <ph name=""BEGIN2_LINK"" />uredigerede fortegnelse<ph name=""END2_LINK"" />.</translation>"
other/ftp-support-thorium.patch	chromium-git:1cf8d153a4d17536f322ab8cf0046396e10c2a08:chrome/app/resources/generated_resources_de.xtb	chrome/app/resources/generated_resources_de.xtb	generated_resources	de	3835522725882634757	"<translation id=""3835522725882634757""><ph name=""PRODUCT_NAME"" /> versteht die von diesem Server gesendeten Daten nicht. Bitte <ph name=""BEGIN_LINK"" />melden Sie einen Programmfehler<ph name=""END_LINK"" /> und geben Sie die <ph name=""BEGIN2_LINK"" />Rohdaten<ph name=""END2_LINK"" /> an.</translation>"
other/ftp-support-thorium.patch	chromium-git:1cf8d153a4d17536f322ab8cf0046396e10c2a08:chrome/app/resources/generated_resources_el.xtb	chrome/app/resources/generated_resources_el.xtb	generated_resources	el	3835522725882634757	"<translation id=""3835522725882634757"">Ο διακομιστής αποστέλλει δεδομένα που το <ph name=""PRODUCT_NAME"" /> δεν μπορεί να κατανοήσει. <ph name=""BEGIN_LINK"" />Αναφέρετε ένα σφάλμα<ph name=""END_LINK"" /> και συμπεριλάβατε τη <ph name=""BEGIN2_LINK"" />γενική λίστα<ph name=""END2_LINK"" />.</translation>"
other/ftp-support-thorium.patch	chromium-git:1cf8d153a4d17536f322ab8cf0046396e10c2a08:chrome/app/resources/generated_resources_en-GB.xtb	chrome/app/resources/generated_resources_en-GB.xtb	generated_resources	en-GB	3835522725882634757	"<translation id=""3835522725882634757"">Oh no! This server is sending data that <ph name=""PRODUCT_NAME"" /> can't understand. Please <ph name=""BEGIN_LINK"" />report a bug<ph name=""END_LINK"" /> and include the <ph name=""BEGIN2_LINK"" />raw listing<ph name=""END2_LINK"" />.</translation>"
other/ftp-support-thorium.patch	chromium-git:1cf8d153a4d17536f322ab8cf0046396e10c2a08:chrome/app/resources/generated_resources_es.xtb	chrome/app/resources/generated_resources_es.xtb	generated_resources	es	3835522725882634757	"<translation id=""3835522725882634757"">¡Vaya! Este servidor está enviando datos que <ph name=""PRODUCT_NAME"" /> no comprende. <ph name=""BEGIN_LINK"" />Comunica un error<ph name=""END_LINK"" /> e incluye la <ph name=""BEGIN2_LINK"" />lista sin procesar<ph name=""END2_LINK"" />.</translation>"
other/ftp-support-thorium.patch	chromium-git:1cf8d153a4d17536f322ab8cf0046396e10c2a08:chrome/app/resources/generated_resources_es-419.xtb	chrome/app/resources/generated_resources_es-419.xtb	generated_resources	es-419	3835522725882634757	"<translation id=""3835522725882634757"">¡No! Este servidor está enviando datos que <ph name=""PRODUCT_NAME"" /> no comprende. <ph name=""BEGIN_LINK"" />Informar un error<ph name=""END_LINK"" /> e incluir la <ph name=""BEGIN2_LINK"" />lista sin procesar<ph name=""END2_LINK"" />.</translation>"
other/ftp-support-thorium.patch	chromium-git:1cf8d153a4d17536f322ab8cf0046396e10c2a08:chrome/app/resources/generated_resources_et.xtb	chrome/app/resources/generated_resources_et.xtb	generated_resources	et	3835522725882634757	"<translation id=""3835522725882634757"">Oh häda! See server saadab andmeid, mida <ph name=""PRODUCT_NAME"" /> ei mõista. Palun <ph name=""BEGIN_LINK"" />saatke teade vea kohta<ph name=""END_LINK"" /> ja lisage <ph name=""BEGIN2_LINK"" />töötlemata kirje<ph name=""END2_LINK"" />.</translation>"
other/ftp-support-thorium.patch	chromium-git:1cf8d153a4d17536f322ab8cf0046396e10c2a08:chrome/app/resources/generated_resources_eu.xtb	chrome/app/resources/generated_resources_eu.xtb	generated_resources	eu	3835522725882634757	"<translation id=""3835522725882634757""><ph name=""PRODUCT_NAME"" />-k ezin ditu ulertu zerbitzariak bidalitako datuak. <ph name=""BEGIN_LINK"" />Emaguzu akatsaren berri<ph name=""END_LINK"" /> eta sartu <ph name=""BEGIN2_LINK"" />direktorio-zerrenda prozesatu gabeko testuan<ph name=""END2_LINK"" />.</translation>"
other/ftp-support-thorium.patch	chromium-git:1cf8d153a4d17536f322ab8cf0046396e10c2a08:chrome/app/resources/generated_resources_fa.xtb	chrome/app/resources/generated_resources_fa.xtb	generated_resources	fa	3835522725882634757	"<translation id=""3835522725882634757"">وای نه! این سرور داده‌ای ارسال می‌کند که <ph name=""PRODUCT_NAME"" /> آن را نمی‌ فهمد. لطفاً <ph name=""BEGIN_LINK"" />اشکال را گزارش دهید<ph name=""END_LINK"" />، و <ph name=""BEGIN2_LINK"" />فهرست خام<ph name=""END2_LINK"" /> را منظور کنید.</translation>"
other/ftp-support-thorium.patch	chromium-git:1cf8d153a4d17536f322ab8cf0046396e10c2a08:chrome/app/resources/generated_resources_fi.xtb	chrome/app/resources/generated_resources_fi.xtb	generated_resources	fi	3835522725882634757	"<translation id=""3835522725882634757"">Voi ei! Tämä palvelin lähettää tietoja, joita <ph name=""PRODUCT_NAME"" /> ei ymmärrä. <ph name=""BEGIN_LINK"" />Ilmoita virheestä<ph name=""END_LINK"" /> ja lisää virheilmoituksen mukaan <ph name=""BEGIN2_LINK"" />raw-tiedot<ph name=""END2_LINK"" />.</translation>"
other/ftp-support-thorium.patch	chromium-git:1cf8d153a4d17536f322ab8cf0046396e10c2a08:chrome/app/resources/generated_resources_fil.xtb	chrome/app/resources/generated_resources_fil.xtb	generated_resources	fil	3835522725882634757	"<translation id=""3835522725882634757"">Naku! Nagpapadala ang server na ito ng data <ph name=""PRODUCT_NAME"" /> na hindi maunawaan. Mangyaring <ph name=""BEGIN_LINK"" />mag-ulat ng bug<ph name=""END_LINK"" />, at isama ang <ph name=""BEGIN2_LINK"" />raw na listahan<ph name=""END2_LINK"" />.</translation>"
other/ftp-support-thorium.patch	chromium-git:1cf8d153a4d17536f322ab8cf0046396e10c2a08:chrome/app/resources/generated_resources_fr.xtb	chrome/app/resources/generated_resources_fr.xtb	generated_resources	fr	3835522725882634757	"<translation id=""3835522725882634757"">Ce serveur envoie des données que <ph name=""PRODUCT_NAME"" /> ne comprend pas. Veuillez <ph name=""BEGIN_LINK"" />signaler un bug<ph name=""END_LINK"" /> et inclure la <ph name=""BEGIN2_LINK"" />liste des raw<ph name=""END2_LINK"" />.</translation>"
other/ftp-support-thorium.patch	chromium-git:1cf8d153a4d17536f322ab8cf0046396e10c2a08:chrome/app/resources/generated_resources_fr-CA.xtb	chrome/app/resources/generated_resources_fr-CA.xtb	generated_resources	fr-CA	3835522725882634757	"<translation id=""3835522725882634757"">Oh, non! Ce serveur envoie des données que <ph name=""PRODUCT_NAME"" /> ne peut pas comprendre. Veuillez <ph name=""BEGIN_LINK"" />signaler un bogue<ph name=""END_LINK"" /> et inclure la <ph name=""BEGIN2_LINK"" />liste brute<ph name=""END2_LINK"" />.</translation>"
other/ftp-support-thorium.patch	chromium-git:1cf8d153a4d17536f322ab8cf0046396e10c2a08:chrome/app/resources/generated_resources_gl.xtb	chrome/app/resources/generated_resources_gl.xtb	generated_resources	gl	3835522725882634757	"<translation id=""3835522725882634757"">Este servidor está enviando datos que <ph name=""PRODUCT_NAME"" /> non entende. <ph name=""BEGIN_LINK"" />Informa dun erro<ph name=""END_LINK"" /> e inclúe a <ph name=""BEGIN2_LINK"" />lista sen formato<ph name=""END2_LINK"" />.</translation>"
other/ftp-support-thorium.patch	chromium-git:1cf8d153a4d17536f322ab8cf0046396e10c2a08:chrome/app/resources/generated_resources_gu.xtb	chrome/app/resources/generated_resources_gu.xtb	generated_resources	gu	3835522725882634757	"<translation id=""3835522725882634757"">ઓહ નો! આ સર્વર ડેટા મોકલી રહ્યું છે તે <ph name=""PRODUCT_NAME"" /> સમજી શકતું નથી. કૃપા કરીને <ph name=""BEGIN_LINK"" />બગની જાણ કરો<ph name=""END_LINK"" />, અને <ph name=""BEGIN2_LINK"" />રૉ સૂચિ<ph name=""END2_LINK"" /> શામેલ કરો.</translation>"
other/ftp-support-thorium.patch	chromium-git:1cf8d153a4d17536f322ab8cf0046396e10c2a08:chrome/app/resources/generated_resources_hi.xtb	chrome/app/resources/generated_resources_hi.xtb	generated_resources	hi	3835522725882634757	"<translation id=""3835522725882634757"">ओह, नहीं! यह सर्वर ऐसे डेटा भेज रहा है, जो <ph name=""PRODUCT_NAME"" /> नहीं समझ सकता. कृपया <ph name=""BEGIN_LINK"" />किसी गड़बड़ी की रिपोर्ट करें<ph name=""END_LINK"" />, और <ph name=""BEGIN2_LINK"" />कम पूरी हुई सूची<ph name=""END2_LINK"" /> शामिल करें.</translation>"
other/ftp-support-thorium.patch	chromium-git:1cf8d153a4d17536f322ab8cf0046396e10c2a08:chrome/app/resources/generated_resources_hr.xtb	chrome/app/resources/generated_resources_hr.xtb	generated_resources	hr	3835522725882634757	"<translation id=""3835522725882634757"">O, ne! Poslužitelj šalje podatke koje <ph name=""PRODUCT_NAME"" /> ne razumije. <ph name=""BEGIN_LINK"" />Prijavite bug<ph name=""END_LINK"" /> i uključite <ph name=""BEGIN2_LINK"" />neobrađeni popis<ph name=""END2_LINK"" />.</translation>"
other/ftp-support-thorium.patch	chromium-git:1cf8d153a4d17536f322ab8cf0046396e10c2a08:chrome/app/resources/generated_resources_hu.xtb	chrome/app/resources/generated_resources_hu.xtb	generated_resources	hu	3835522725882634757	"<translation id=""3835522725882634757"">Hoppá! A szerver olyan adatokat küld, amelyeket a <ph name=""PRODUCT_NAME"" /> nem tud értelmezni. Kérjük, <ph name=""BEGIN_LINK"" />jelentse a programhibát<ph name=""END_LINK"" />, és mellékelje a <ph name=""BEGIN2_LINK"" />nyers listát<ph name=""END2_LINK"" />.</translation>"
other/ftp-support-thorium.patch	chromium-git:1cf8d153a4d17536f322ab8cf0046396e10c2a08:chrome/app/resources/generated_resources_hy.xtb	chrome/app/resources/generated_resources_hy.xtb	generated_resources	hy	3835522725882634757	"<translation id=""3835522725882634757"">Այս սերվերից ուղարկվող տվյալների ձևաչափն անծանոթ է <ph name=""PRODUCT_NAME"" />-ին: <ph name=""BEGIN_LINK"" />Հաղորդեք վրիպակի մասին<ph name=""END_LINK"" /> և կցեք <ph name=""BEGIN2_LINK"" />չմշակված ցուցակը<ph name=""END2_LINK"" />:</translation>"
other/ftp-support-thorium.patch	chromium-git:1cf8d153a4d17536f322ab8cf0046396e10c2a08:chrome/app/resources/generated_resources_id.xtb	chrome/app/resources/generated_resources_id.xtb	generated_resources	id	3835522725882634757	"<translation id=""3835522725882634757"">Aduh! Server ini mengirimkan data <ph name=""PRODUCT_NAME"" /> yang tidak bisa dipahami. <ph name=""BEGIN_LINK"" />Laporkan bug<ph name=""END_LINK"" />, dan sertakan <ph name=""BEGIN2_LINK"" />cantuman mentah<ph name=""END2_LINK"" />.</translation>"
other/ftp-support-thorium.patch	chromium-git:1cf8d153a4d17536f322ab8cf0046396e10c2a08:chrome/app/resources/generated_resources_is.xtb	chrome/app/resources/generated_resources_is.xtb	generated_resources	is	3835522725882634757	"<translation id=""3835522725882634757"">Fari það hoppandi! Þessi þjónn er að senda gögn sem <ph name=""PRODUCT_NAME"" /> skilur ekki. <ph name=""BEGIN_LINK"" />Tilkynntu um villu<ph name=""END_LINK"" /> og láttu <ph name=""BEGIN2_LINK"" />ósniðnu gögnin<ph name=""END2_LINK"" /> fylgja.</translation>"
other/ftp-support-thorium.patch	chromium-git:1cf8d153a4d17536f322ab8cf0046396e10c2a08:chrome/app/resources/generated_resources_it.xtb	chrome/app/resources/generated_resources_it.xtb	generated_resources	it	3835522725882634757	"<translation id=""3835522725882634757"">Spiacenti, questo server sta inviando dati che <ph name=""PRODUCT_NAME"" /> non è in grado di comprendere. <ph name=""BEGIN_LINK"" />Segnala un bug<ph name=""END_LINK"" /> e includi l'<ph name=""BEGIN2_LINK"" />elenco non elaborato<ph name=""END2_LINK"" />.</translation>"
other/ftp-support-thorium.patch	chromium-git:1cf8d153a4d17536f322ab8cf0046396e10c2a08:chrome/app/resources/generated_resources_iw.xtb	chrome/app/resources/generated_resources_iw.xtb	generated_resources	iw	3835522725882634757	"<translation id=""3835522725882634757"">אוי, לא! שרת זה שולח נתונים ש-<ph name=""PRODUCT_NAME"" /> לא יכול להבין. <ph name=""BEGIN_LINK"" />יש לדווח על באג<ph name=""END_LINK"" /> ולכלול את <ph name=""BEGIN2_LINK"" />הרישום הגולמי<ph name=""END2_LINK"" />.</translation>"
other/ftp-support-thorium.patch	chromium-git:1cf8d153a4d17536f322ab8cf0046396e10c2a08:chrome/app/resources/generated_resources_ja.xtb	chrome/app/resources/generated_resources_ja.xtb	generated_resources	ja	3835522725882634757	"<translation id=""3835522725882634757"">このサーバーから、<ph name=""PRODUCT_NAME"" /> が認識できないデータが送信されています。<ph name=""BEGIN_LINK"" />バグを報告<ph name=""END_LINK"" />してください。報告には<ph name=""BEGIN2_LINK"" />未加工のリスト<ph name=""END2_LINK"" />を含めてください。</translation>"
other/ftp-support-thorium.patch	chromium-git:1cf8d153a4d17536f322ab8cf0046396e10c2a08:chrome/app/resources/generated_resources_ka.xtb	chrome/app/resources/generated_resources_ka.xtb	generated_resources	ka	3835522725882634757	"<translation id=""3835522725882634757"">უი! სერვერი აგზავნის მონაცემებს, რომლებსაც <ph name=""PRODUCT_NAME"" /> ვერ აღიქვამს. <ph name=""BEGIN_LINK"" />გამოგვიგზავნეთ მოხსენება შეცდომის შესახებ<ph name=""END_LINK"" /> და ჩაამატეთ <ph name=""BEGIN2_LINK"" />დაუმუშავებელი ელემენტების სია<ph name=""END2_LINK"" />.</translation>"
other/ftp-support-thorium.patch	chromium-git:1cf8d153a4d17536f322ab8cf0046396e10c2a08:chrome/app/resources/generated_resources_kk.xtb	chrome/app/resources/generated_resources_kk.xtb	generated_resources	kk	3835522725882634757	"<translation id=""3835522725882634757"">Бұл сервер <ph name=""PRODUCT_NAME"" /> түсінбейтін деректерді жіберуде. <ph name=""BEGIN_LINK"" />Қате туралы хабарлап<ph name=""END_LINK"" />, есепке <ph name=""BEGIN2_LINK"" />өңделмеген дерек тізімін енгізіңіз<ph name=""END2_LINK"" />.</translation>"
other/ftp-support-thorium.patch	chromium-git:1cf8d153a4d17536f322ab8cf0046396e10c2a08:chrome/app/resources/generated_resources_km.xtb	chrome/app/resources/generated_resources_km.xtb	generated_resources	km	3835522725882634757	"<translation id=""3835522725882634757"">អូ ទេ! ម៉ាស៊ីនមេនេះកំពុងផ្ញើទិន្នន័យ <ph name=""PRODUCT_NAME"" /> ដែលមិនអាចយល់បាន។ សូម <ph name=""BEGIN_LINK"" />រាយការណ៍កំហុស<ph name=""END_LINK"" /> ហើយរាប់បញ្ចូល <ph name=""BEGIN2_LINK"" />បញ្ជីដើម<ph name=""END2_LINK"" />។</translation>"
other/ftp-support-thorium.patch	chromium-git:1cf8d153a4d17536f322ab8cf0046396e10c2a08:chrome/app/resources/generated_resources_kn.xtb	chrome/app/resources/generated_resources_kn.xtb	generated_resources	kn	3835522725882634757	"<translation id=""3835522725882634757"">ಓಹ್, ಇಲ್ಲ! <ph name=""PRODUCT_NAME"" /> ಅರ್ಥ ಮಾಡಿಕೊಳ್ಳದ ಡೇಟಾವನ್ನು ಈ ಸರ್ವರ್ ಕಳುಹಿಸುತ್ತಿದೆ. ದಯವಿಟ್ಟು <ph name=""BEGIN_LINK"" />ಬಗ್ ವರದಿ ಮಾಡಿ<ph name=""END_LINK"" />, ಮತ್ತು <ph name=""BEGIN2_LINK"" />ಅಪರಿಷ್ಕೃತ ಪಟ್ಟಿ ಮಾಡುವಿಕೆ<ph name=""END2_LINK"" /> ಯನ್ನು ಒಳಪಡಿಸಿಕೊಳ್ಳಿ.</translation>"
other/ftp-support-thorium.patch	chromium-git:1cf8d153a4d17536f322ab8cf0046396e10c2a08:chrome/app/resources/generated_resources_ko.xtb	chrome/app/resources/generated_resources_ko.xtb	generated_resources	ko	3835522725882634757	"<translation id=""3835522725882634757"">이 서버가 <ph name=""PRODUCT_NAME"" />에서 이해할 수 없는 데이터를 전송합니다. <ph name=""BEGIN_LINK"" />버그를 신고<ph name=""END_LINK"" />하고 <ph name=""BEGIN2_LINK"" />원본 목록<ph name=""END2_LINK"" />을 포함하세요.</translation>"
other/ftp-support-thorium.patch	chromium-git:1cf8d153a4d17536f322ab8cf0046396e10c2a08:chrome/app/resources/generated_resources_ky.xtb	chrome/app/resources/generated_resources_ky.xtb	generated_resources	ky	3835522725882634757	"<translation id=""3835522725882634757"">О, кокуй! Бул сервер <ph name=""PRODUCT_NAME"" /> түшүнбөгөн дайындарды жөнөтүп жатат. <ph name=""BEGIN_LINK"" />Ката жөнүндө кабар берип<ph name=""END_LINK"" />, <ph name=""BEGIN2_LINK"" />чийки тизмени<ph name=""END2_LINK"" /> кошуп коюңуз.</translation>"
other/ftp-support-thorium.patch	chromium-git:1cf8d153a4d17536f322ab8cf0046396e10c2a08:chrome/app/resources/generated_resources_lo.xtb	chrome/app/resources/generated_resources_lo.xtb	generated_resources	lo	3835522725882634757	"<translation id=""3835522725882634757"">ໂອ, ບໍ່! ເຊີບເວີນີ້ກໍາລັງສົ່ງຂໍ້ມູນ <ph name=""PRODUCT_NAME"" /> ບໍ່ສາມາດເຂົ້າໃຈໄດ້. ກະລຸນາ <ph name=""BEGIN_LINK"" />ລາຍງານບັນຫາ<ph name=""END_LINK"" />, ແລະລວມເອົາ <ph name=""BEGIN2_LINK"" />ການເຮັດລາຍຊື່ດິບ<ph name=""END2_LINK"" />ນໍາ.</translation>"
other/ftp-support-thorium.patch	chromium-git:1cf8d153a4d17536f322ab8cf0046396e10c2a08:chrome/app/resources/generated_resources_lt.xtb	chrome/app/resources/generated_resources_lt.xtb	generated_resources	lt	3835522725882634757	"<translation id=""3835522725882634757"">O ne! Šis serveris siunčia duomenis, kurių „<ph name=""PRODUCT_NAME"" />“ nesupranta. <ph name=""BEGIN_LINK"" />Pateikite ataskaitą apie riktą<ph name=""END_LINK"" /> ir įtraukite <ph name=""BEGIN2_LINK"" />neapdorotą sąrašą<ph name=""END2_LINK"" />.</translation>"
other/ftp-support-thorium.patch	chromium-git:1cf8d153a4d17536f322ab8cf0046396e10c2a08:chrome/app/resources/generated_resources_lv.xtb	chrome/app/resources/generated_resources_lv.xtb	generated_resources	lv	3835522725882634757	"<translation id=""3835522725882634757"">Ak, nē! Šis serveris nosūta datus, ko <ph name=""PRODUCT_NAME"" /> nesaprot. Lūdzu, <ph name=""BEGIN_LINK"" />ziņojiet par blusu<ph name=""END_LINK"" /> un pievienojiet <ph name=""BEGIN2_LINK"" />neapstrādātu satura sarakstu<ph name=""END2_LINK"" />.</translation>"
other/ftp-support-thorium.patch	chromium-git:1cf8d153a4d17536f322ab8cf0046396e10c2a08:chrome/app/resources/generated_resources_mk.xtb	chrome/app/resources/generated_resources_mk.xtb	generated_resources	mk	3835522725882634757	"<translation id=""3835522725882634757"">О, не! Овој сервер испраќа податоци што <ph name=""PRODUCT_NAME"" /> не може да ги разбере. <ph name=""BEGIN_LINK"" />Пријавете грешка<ph name=""END_LINK"" /> и вклучете го <ph name=""BEGIN2_LINK"" />необработеното листање<ph name=""END2_LINK"" />.</translation>"
other/ftp-support-thorium.patch	chromium-git:1cf8d153a4d17536f322ab8cf0046396e10c2a08:chrome/app/resources/generated_resources_ml.xtb	chrome/app/resources/generated_resources_ml.xtb	generated_resources	ml	3835522725882634757	"<translation id=""3835522725882634757"">ക്ഷമിക്കണം! ഈ സെർവർ അയയ്‌ക്കുന്ന ഡാറ്റ <ph name=""PRODUCT_NAME"" /> മനസിലാക്കാനാവുന്നില്ല. <ph name=""BEGIN2_LINK"" />റോ ലിസ്‌റ്റിംഗ്<ph name=""END2_LINK"" /> ഉൾപ്പെടെയുള്ള <ph name=""BEGIN_LINK"" />ബഗ് റിപ്പോർട്ട് ചെയ്യുക<ph name=""END_LINK"" />.</translation>"
other/ftp-support-thorium.patch	chromium-git:1cf8d153a4d17536f322ab8cf0046396e10c2a08:chrome/app/resources/generated_resources_mn.xtb	chrome/app/resources/generated_resources_mn.xtb	generated_resources	mn	3835522725882634757	"<translation id=""3835522725882634757"">Өө үгүй ээ! Энэ сервер нь ойлгомжгүй <ph name=""PRODUCT_NAME"" /> өгөгдөл илгээж байна. <ph name=""BEGIN_LINK"" />-ийг эхлүүлж, алдааг мэдэгдэж <ph name=""END_LINK"" />  <ph name=""BEGIN2_LINK"" /> жагсаалтыг гаргана уу <ph name=""END2_LINK"" /> .</translation>"
other/ftp-support-thorium.patch	chromium-git:1cf8d153a4d17536f322ab8cf0046396e10c2a08:chrome/app/resources/generated_resources_mr.xtb	chrome/app/resources/generated_resources_mr.xtb	generated_resources	mr	3835522725882634757	"<translation id=""3835522725882634757"">ओहो! हा सर्व्हर <ph name=""PRODUCT_NAME"" /> ला समजणार नाही असा डेटा पाठवत आहे. कृपया <ph name=""BEGIN_LINK"" />एक बग नोंदवा<ph name=""END_LINK"" /> आणि <ph name=""BEGIN2_LINK"" />मूळ सूची<ph name=""END2_LINK"" /> समाविष्ट करा.</translation>"
other/ftp-support-thorium.patch	chromium-git:1cf8d153a4d17536f322ab8cf0046396e10c2a08:chrome/app/resources/generated_resources_ms.xtb	chrome/app/resources/generated_resources_ms.xtb	generated_resources	ms	3835522725882634757	"<translation id=""3835522725882634757"">Oh, tidak! Pelayan ini menghantar data <ph name=""PRODUCT_NAME"" /> tidak dapat difahami. Sila <ph name=""BEGIN_LINK"" />laporkan pepijat<ph name=""END_LINK"" />, dan sertakan <ph name=""BEGIN2_LINK"" />penyenaraian kasar<ph name=""END2_LINK"" />.</translation>"
other/ftp-support-thorium.patch	chromium-git:1cf8d153a4d17536f322ab8cf0046396e10c2a08:chrome/app/resources/generated_resources_my.xtb	chrome/app/resources/generated_resources_my.xtb	generated_resources	my	3835522725882634757	"<translation id=""3835522725882634757"">ဒုက္ခပါပဲ၊ ဆာဗာက ပို့ပေးတဲ့ ဒေတာကို <ph name=""PRODUCT_NAME"" /> က နားလည်မရနိုင်ဘူး။ ကျေးဇူးပြုပြီး <ph name=""BEGIN_LINK"" />ဘာဂ်ကို အစီရင်ခံပါ<ph name=""END_LINK"" />၊ ပြီးတော့ <ph name=""BEGIN2_LINK"" />စာရင်းကြမ်းပြုလုပ်ရေး<ph name=""END2_LINK"" />ကို ထည့်သွင်းပေးပါ။</translation>"
other/ftp-support-thorium.patch	chromium-git:1cf8d153a4d17536f322ab8cf0046396e10c2a08:chrome/app/resources/generated_resources_ne.xtb	chrome/app/resources/generated_resources_ne.xtb	generated_resources	ne	3835522725882634757	"<translation id=""3835522725882634757"">लौ न! सर्भरले <ph name=""PRODUCT_NAME"" /> ले बुझ्न नसक्ने लगत पठाइरहेको छ। कृपया <ph name=""BEGIN_LINK"" />बग प्रतिवेदन गर्नुहोस्<ph name=""END_LINK"" />, र <ph name=""BEGIN2_LINK"" />भद्दा सूची<ph name=""END2_LINK"" /> समावेश गर्नुहोस्।</translation>"
other/ftp-support-thorium.patch	chromium-git:1cf8d153a4d17536f322ab8cf0046396e10c2a08:chrome/app/resources/generated_resources_nl.xtb	chrome/app/resources/generated_resources_nl.xtb	generated_resources	nl	3835522725882634757	"<translation id=""3835522725882634757"">O nee! Deze server verzendt gegevens die <ph name=""PRODUCT_NAME"" /> niet begrijpt. <ph name=""BEGIN_LINK"" />Meld een fout<ph name=""END_LINK"" /> en voeg de <ph name=""BEGIN2_LINK"" />onbewerkte vermelding<ph name=""END2_LINK"" /> toe.</translation>"
other/ftp-support-thorium.patch	chromium-git:1cf8d153a4d17536f322ab8cf0046396e10c2a08:chrome/app/resources/generated_resources_no.xtb	chrome/app/resources/generated_resources_no.xtb	generated_resources	no	3835522725882634757	"<translation id=""3835522725882634757""><ph name=""PRODUCT_NAME"" /> forstår ikke dataene som tjeneren sender. <ph name=""BEGIN_LINK"" />Rapportér feilen<ph name=""END_LINK"" />, og ta med <ph name=""BEGIN2_LINK"" />rålisten<ph name=""END2_LINK"" />.</translation>"
other/ftp-support-thorium.patch	chromium-git:1cf8d153a4d17536f322ab8cf0046396e10c2a08:chrome/app/resources/generated_resources_or.xtb	chrome/app/resources/generated_resources_or.xtb	generated_resources	or	3835522725882634757	"<translation id=""3835522725882634757"">ଓହୋଃ ନାହିଁ! ଏହି ସର୍ଭର ଏପରି ଡାଟା ପଠାଉଛି ଯାହା<ph name=""PRODUCT_NAME"" /> ବୁଝିପାରୁନାହିଁ। ଦୟାକରି <ph name=""BEGIN_LINK"" />ଏକ ବଗ୍‌ର ରିପୋର୍ଟ କରନ୍ତୁ<ph name=""END_LINK"" /> ଏବଂ <ph name=""BEGIN2_LINK"" />ମୂଳ ତାଲିକା<ph name=""END2_LINK"" />କୁ ସାମିଲ୍ କରନ୍ତୁ।</translation>"
other/ftp-support-thorium.patch	chromium-git:1cf8d153a4d17536f322ab8cf0046396e10c2a08:chrome/app/resources/generated_resources_pa.xtb	chrome/app/resources/generated_resources_pa.xtb	generated_resources	pa	3835522725882634757	"<translation id=""3835522725882634757"">ਓਹੋ! ਇਹ ਸਰਵਰ ਅਜਿਹਾ ਡਾਟਾ ਭੇਜ ਰਿਹਾ ਹੈ ਜਿਸਨੂੰ <ph name=""PRODUCT_NAME"" /> ਸਮਝ ਨਹੀਂ ਸਕਦਾ। ਕਿਰਪਾ ਕਰਕੇ <ph name=""BEGIN_LINK"" />ਇੱਕ ਬੱਗ ਰਿਪੋਰਟ ਕਰੋ਼<ph name=""END_LINK"" /> ਅਤੇ <ph name=""BEGIN2_LINK"" />ਅਧੂਰੀ ਲਿਸਟਿੰਗ<ph name=""END2_LINK"" /> ਸ਼ਾਮਲ ਕਰੋ।</translation>"
other/ftp-support-thorium.patch	chromium-git:1cf8d153a4d17536f322ab8cf0046396e10c2a08:chrome/app/resources/generated_resources_pl.xtb	chrome/app/resources/generated_resources_pl.xtb	generated_resources	pl	3835522725882634757	"<translation id=""3835522725882634757"">O nie! Ten serwer wysyła dane, których aplikacja <ph name=""PRODUCT_NAME"" /> nie rozumie. <ph name=""BEGIN_LINK"" />Zgłoś błąd<ph name=""END_LINK"" /> i dołącz <ph name=""BEGIN2_LINK"" />nieprzetworzony wykaz<ph name=""END2_LINK"" />.</translation>"
other/ftp-support-thorium.patch	chromium-git:1cf8d153a4d17536f322ab8cf0046396e10c2a08:chrome/app/resources/generated_resources_pt-BR.xtb	chrome/app/resources/generated_resources_pt-BR.xtb	generated_resources	pt-BR	3835522725882634757	"<translation id=""3835522725882634757"">Ah, não! Este servidor está enviando dados que o <ph name=""PRODUCT_NAME"" /> não consegue entender. <ph name=""BEGIN_LINK"" />Informe um bug<ph name=""END_LINK"" /> e inclua a <ph name=""BEGIN2_LINK"" />listagem bruta<ph name=""END2_LINK"" />.</translation>"
other/ftp-support-thorium.patch	chromium-git:1cf8d153a4d17536f322ab8cf0046396e10c2a08:chrome/app/resources/generated_resources_pt-PT.xtb	chrome/app/resources/generated_resources_pt-PT.xtb	generated_resources	pt-PT	3835522725882634757	"<translation id=""3835522725882634757"">Oh, não! Este servidor está a enviar dados que o <ph name=""PRODUCT_NAME"" /> não consegue entender. <ph name=""BEGIN_LINK"" />Comunique um erro<ph name=""END_LINK"" /> e inclua a <ph name=""BEGIN2_LINK"" />lista não processada<ph name=""END2_LINK"" />.</translation>"
other/ftp-support-thorium.patch	chromium-git:1cf8d153a4d17536f322ab8cf0046396e10c2a08:chrome/app/resources/generated_resources_ro.xtb	chrome/app/resources/generated_resources_ro.xtb	generated_resources	ro	3835522725882634757	"<translation id=""3835522725882634757"">Oh, nu! Acest server trimite date pe care <ph name=""PRODUCT_NAME"" /> nu le poate înțelege. <ph name=""BEGIN_LINK"" />Raportează o eroare<ph name=""END_LINK"" /> și include <ph name=""BEGIN2_LINK"" />afișarea datelor neprelucrate<ph name=""END2_LINK"" />.</translation>"
other/ftp-support-thorium.patch	chromium-git:1cf8d153a4d17536f322ab8cf0046396e10c2a08:chrome/app/resources/generated_resources_ru.xtb	chrome/app/resources/generated_resources_ru.xtb	generated_resources	ru	3835522725882634757	"<translation id=""3835522725882634757"">Этот сервер отправляет данные в неизвестном <ph name=""PRODUCT_NAME"" /> формате. <ph name=""BEGIN_LINK"" />Сообщите об ошибке<ph name=""END_LINK"" /> и включите в отчет <ph name=""BEGIN2_LINK"" />служебные данные<ph name=""END2_LINK"" />.</translation>"
other/ftp-support-thorium.patch	chromium-git:1cf8d153a4d17536f322ab8cf0046396e10c2a08:chrome/app/resources/generated_resources_si.xtb	chrome/app/resources/generated_resources_si.xtb	generated_resources	si	3835522725882634757	"<translation id=""3835522725882634757"">අයියෝ! මෙම සර්වරය දත්ත යවන  <ph name=""PRODUCT_NAME"" /> දත්ත වටහා ගත නොහැකිය. කරුණාකර <ph name=""BEGIN_LINK"" /> දෝෂයක් වාර්තා කර<ph name=""END_LINK"" />, ඊට <ph name=""BEGIN2_LINK"" />සංස්කරණය නොකළ ලැයිස්තු<ph name=""END2_LINK"" /> ආයාත කරන්න.</translation>"
other/ftp-support-thorium.patch	chromium-git:1cf8d153a4d17536f322ab8cf0046396e10c2a08:chrome/app/resources/generated_resources_sk.xtb	chrome/app/resources/generated_resources_sk.xtb	generated_resources	sk	3835522725882634757	"<translation id=""3835522725882634757"">Tento server odosiela údaje, ktoré sú pre prehliadač <ph name=""PRODUCT_NAME"" /> nezrozumiteľné. <ph name=""BEGIN_LINK"" />Nahláste chybu<ph name=""END_LINK"" /> a priložte <ph name=""BEGIN2_LINK"" />nespracovaný záznam<ph name=""END2_LINK"" />.</translation>"
other/ftp-support-thorium.patch	chromium-git:1cf8d153a4d17536f322ab8cf0046396e10c2a08:chrome/app/resources/generated_resources_sl.xtb	chrome/app/resources/generated_resources_sl.xtb	generated_resources	sl	3835522725882634757	"<translation id=""3835522725882634757"">Joj! Ta strežnik pošilja podatke, ki jih <ph name=""PRODUCT_NAME"" /> ne razume. <ph name=""BEGIN_LINK"" />Prijavite napako<ph name=""END_LINK"" /> in zraven pošljite <ph name=""BEGIN2_LINK"" />neobdelan seznam<ph name=""END2_LINK"" />.</translation>"
other/ftp-support-thorium.patch	chromium-git:1cf8d153a4d17536f322ab8cf0046396e10c2a08:chrome/app/resources/generated_resources_sq.xtb	chrome/app/resources/generated_resources_sq.xtb	generated_resources	sq	3835522725882634757	"<translation id=""3835522725882634757"">Oh, jo! Ky server po dërgon të dhëna që <ph name=""PRODUCT_NAME"" /> nuk mund t'i kuptojë. <ph name=""BEGIN_LINK"" />Raporto gabimin<ph name=""END_LINK"" /> dhe përfshi <ph name=""BEGIN2_LINK"" />listimin e papërpunuar<ph name=""END2_LINK"" />.</translation>"
other/ftp-support-thorium.patch	chromium-git:1cf8d153a4d17536f322ab8cf0046396e10c2a08:chrome/app/resources/generated_resources_sr.xtb	chrome/app/resources/generated_resources_sr.xtb	generated_resources	sr	3835522725882634757	"<translation id=""3835522725882634757"">О, не! Овај сервер шаље податке које <ph name=""PRODUCT_NAME"" /> не разуме. <ph name=""BEGIN_LINK"" />Пријавите грешку<ph name=""END_LINK"" /> и уз њу пошаљите <ph name=""BEGIN2_LINK"" />основну листу<ph name=""END2_LINK"" />.</translation>"
other/ftp-support-thorium.patch	chromium-git:1cf8d153a4d17536f322ab8cf0046396e10c2a08:chrome/app/resources/generated_resources_sr-Latn.xtb	chrome/app/resources/generated_resources_sr-Latn.xtb	generated_resources	sr-Latn	3835522725882634757	"<translation id=""3835522725882634757"">O, ne! Ovaj server šalje podatke koje <ph name=""PRODUCT_NAME"" /> ne razume. <ph name=""BEGIN_LINK"" />Prijavite grešku<ph name=""END_LINK"" /> i uz nju pošaljite <ph name=""BEGIN2_LINK"" />osnovnu listu<ph name=""END2_LINK"" />.</translation>"
other/ftp-support-thorium.patch	chromium-git:1cf8d153a4d17536f322ab8cf0046396e10c2a08:chrome/app/resources/generated_resources_sv.xtb	chrome/app/resources/generated_resources_sv.xtb	generated_resources	sv	3835522725882634757	"<translation id=""3835522725882634757"">Åh nej! Servern skickar data som <ph name=""PRODUCT_NAME"" /> inte förstår. <ph name=""BEGIN_LINK"" />Rapportera ett fel<ph name=""END_LINK"" /> och inkludera <ph name=""BEGIN2_LINK"" />de ursprungliga uppgifterna<ph name=""END2_LINK"" />.</translation>"
other/ftp-support-thorium.patch	chromium-git:1cf8d153a4d17536f322ab8cf0046396e10c2a08:chrome/app/resources/generated_resources_sw.xtb	chrome/app/resources/generated_resources_sw.xtb	generated_resources	sw	3835522725882634757	"<translation id=""3835522725882634757"">Loo...lo! Seva hii inatuma data ambayo <ph name=""PRODUCT_NAME"" /> haiwezi kuelewa. Tafadhali <ph name=""BEGIN_LINK"" />ripoti hitilafu<ph name=""END_LINK"" />, na ujumuishe <ph name=""BEGIN2_LINK"" />kipengee ghafi<ph name=""END2_LINK"" />.</translation>"
other/ftp-support-thorium.patch	chromium-git:1cf8d153a4d17536f322ab8cf0046396e10c2a08:chrome/app/resources/generated_resources_ta.xtb	chrome/app/resources/generated_resources_ta.xtb	generated_resources	ta	3835522725882634757	"<translation id=""3835522725882634757"">அச்சச்சோ!!! <ph name=""PRODUCT_NAME"" /> ஆல் புரிந்துகொள்ள முடியாத தரவைச் சேவையகம் அனுப்பிக்கொண்டிருக்கிறது. தயவுசெய்து <ph name=""BEGIN_LINK"" />பிழை எனப் புகாரளித்து<ph name=""END_LINK"" />, <ph name=""BEGIN2_LINK"" />மாற்றப்படாத பட்டியலைச்<ph name=""END2_LINK"" /> சேர்த்திடுங்கள்.</translation>"
other/ftp-support-thorium.patch	chromium-git:1cf8d153a4d17536f322ab8cf0046396e10c2a08:chrome/app/resources/generated_resources_te.xtb	chrome/app/resources/generated_resources_te.xtb	generated_resources	te	3835522725882634757	"<translation id=""3835522725882634757"">అరెరె! ఈ సర్వర్ పంపిస్తున్న <ph name=""PRODUCT_NAME"" /> డేటా అర్థంకాలేదు. దయచేసి <ph name=""BEGIN_LINK"" />బగ్‌ను నివేదించి<ph name=""END_LINK"" />, <ph name=""BEGIN2_LINK"" />ప్రత్యేక జాబితా<ph name=""END2_LINK"" />ను కలిగి ఉండండి.</translation>"
other/ftp-support-thorium.patch	chromium-git:1cf8d153a4d17536f322ab8cf0046396e10c2a08:chrome/app/resources/generated_resources_th.xtb	chrome/app/resources/generated_resources_th.xtb	generated_resources	th	3835522725882634757	"<translation id=""3835522725882634757"">แย่แล้ว! เซิร์ฟเวอร์นี้กำลังส่งข้อมูลที่ <ph name=""PRODUCT_NAME"" /> ไม่เข้าใจ โปรด<ph name=""BEGIN_LINK"" />รายงานข้อบกพร่อง<ph name=""END_LINK"" /> และรวม<ph name=""BEGIN2_LINK"" />รายการที่ยังไม่ผ่านกระบวนการ<ph name=""END2_LINK"" />ไว้ด้วย</translation>"
other/ftp-support-thorium.patch	chromium-git:1cf8d153a4d17536f322ab8cf0046396e10c2a08:chrome/app/resources/generated_resources_tr.xtb	chrome/app/resources/generated_resources_tr.xtb	generated_resources	tr	3835522725882634757	"<translation id=""3835522725882634757"">Hata! Bu sunucu, verileri <ph name=""PRODUCT_NAME"" /> tarafından anlaşılamayacak şekilde gönderiyor. Lütfen <ph name=""BEGIN_LINK"" />bir hata bildiriminde bulunun<ph name=""END_LINK"" /> ve <ph name=""BEGIN2_LINK"" />işlenmemiş girişi<ph name=""END2_LINK"" /> bildirime ekleyin.</translation>"
other/ftp-support-thorium.patch	chromium-git:1cf8d153a4d17536f322ab8cf0046396e10c2a08:chrome/app/resources/generated_resources_uk.xtb	chrome/app/resources/generated_resources_uk.xtb	generated_resources	uk	3835522725882634757	"<translation id=""3835522725882634757"">Сервер надсилає дані, які <ph name=""PRODUCT_NAME"" /> не може зрозуміти. <ph name=""BEGIN_LINK"" />Повідомте про помилку<ph name=""END_LINK"" />, включивши <ph name=""BEGIN2_LINK"" />необроблений список файлів<ph name=""END2_LINK"" />.</translation>"
other/ftp-support-thorium.patch	chromium-git:1cf8d153a4d17536f322ab8cf0046396e10c2a08:chrome/app/resources/generated_resources_ur.xtb	chrome/app/resources/generated_resources_ur.xtb	generated_resources	ur	3835522725882634757	"<translation id=""3835522725882634757"">ارے، نہیں! یہ سرور ایسا ڈیٹا بھیج رہا ہے جو <ph name=""PRODUCT_NAME"" /> نہیں سمجھ سکتا۔ براہ کرم <ph name=""BEGIN_LINK"" />ایک بگ کی اطلاع دیں<ph name=""END_LINK"" /> اور <ph name=""BEGIN2_LINK"" />خام فہرست<ph name=""END2_LINK"" /> کو شامل کریں۔</translation>"
other/ftp-support-thorium.patch	chromium-git:1cf8d153a4d17536f322ab8cf0046396e10c2a08:chrome/app/resources/generated_resources_uz.xtb	chrome/app/resources/generated_resources_uz.xtb	generated_resources	uz	3835522725882634757	"<translation id=""3835522725882634757"">Bu server ma’lumotlarni noma’lum <ph name=""PRODUCT_NAME"" /> formatida jo‘natmoqda. <ph name=""BEGIN_LINK"" />Xatolik haqida xabar yuboring<ph name=""END_LINK"" /> va hisobotingizga <ph name=""BEGIN2_LINK"" />xizmat ma’lumotlarini<ph name=""END2_LINK"" /> biriktiring.</translation>"
other/ftp-support-thorium.patch	chromium-git:1cf8d153a4d17536f322ab8cf0046396e10c2a08:chrome/app/resources/generated_resources_vi.xtb	chrome/app/resources/generated_resources_vi.xtb	generated_resources	vi	3835522725882634757	"<translation id=""3835522725882634757"">Ồ, không! Máy chủ này đang gửi dữ liệu <ph name=""PRODUCT_NAME"" /> không thể hiểu được. Vui lòng <ph name=""BEGIN_LINK"" />báo cáo lỗi<ph name=""END_LINK"" /> và đưa vào <ph name=""BEGIN2_LINK"" />danh sách mới<ph name=""END2_LINK"" />.</translation>"
other/ftp-support-thorium.patch	chromium-git:1cf8d153a4d17536f322ab8cf0046396e10c2a08:chrome/app/resources/generated_resources_zh-CN.xtb	chrome/app/resources/generated_resources_zh-CN.xtb	generated_resources	zh-CN	3835522725882634757	"<translation id=""3835522725882634757"">糟糕！<ph name=""PRODUCT_NAME"" />无法解读服务器所发送的数据。请<ph name=""BEGIN_LINK"" />报告错误<ph name=""END_LINK"" />，并附上<ph name=""BEGIN2_LINK"" />原始列表<ph name=""END2_LINK"" />。</translation>"
other/ftp-support-thorium.patch	chromium-git:1cf8d153a4d17536f322ab8cf0046396e10c2a08:chrome/app/resources/generated_resources_zh-HK.xtb	chrome/app/resources/generated_resources_zh-HK.xtb	generated_resources	zh-HK	3835522725882634757	"<translation id=""3835522725882634757"">糟糕！這個伺服器傳送了「<ph name=""PRODUCT_NAME"" />」無法判讀的數據。請<ph name=""BEGIN_LINK"" />報告錯誤<ph name=""END_LINK"" />，同時提供<ph name=""BEGIN2_LINK"" />原始清單<ph name=""END2_LINK"" />。</translation>"
other/ftp-support-thorium.patch	chromium-git:1cf8d153a4d17536f322ab8cf0046396e10c2a08:chrome/app/resources/generated_resources_zh-TW.xtb	chrome/app/resources/generated_resources_zh-TW.xtb	generated_resources	zh-TW	3835522725882634757	"<translation id=""3835522725882634757"">糟糕！這個伺服器傳送了「<ph name=""PRODUCT_NAME"" />」無法判讀的資料。請<ph name=""BEGIN_LINK"" />回報錯誤<ph name=""END_LINK"" />，同時提供<ph name=""BEGIN2_LINK"" />原始清單<ph name=""END2_LINK"" />。</translation>"
other/ftp-support-thorium.patch	chromium-git:1cf8d153a4d17536f322ab8cf0046396e10c2a08:chrome/app/resources/generated_resources_zu.xtb	chrome/app/resources/generated_resources_zu.xtb	generated_resources	zu	3835522725882634757	"<translation id=""3835522725882634757"">Kwaze kakubi! Le seva ithumela idatha i-<ph name=""PRODUCT_NAME"" /> engayiqondi. Sicela <ph name=""BEGIN_LINK"" />ubike isiphazamisi<ph name=""END_LINK"" />, futhi ufake phakathi <ph name=""BEGIN2_LINK"" />ukufaka kuhlu okungahluziwe<ph name=""END2_LINK"" />.</translation>"
other/multi-language-translate.patch	git:ccca743b96f33f5b55c33cd463335a85118d18e4:other/multi-language-translate.patch#keep:reviewed_legacy_addition	components/strings/components_chromium_strings_af.xtb	components_chromium_strings	af	7690933224612299375	"<translation id=""7690933224612299375"">Thorium word moontlik gemaak deur die <ph name=""BEGIN_LINK_CHROMIUM"" />Chromium<ph name=""END_LINK_CHROMIUM"" />-oopbronprojek en ander <ph name=""BEGIN_LINK_OSS"" />oopbronsagteware<ph name=""END_LINK_OSS"" />.</translation>"
other/multi-language-translate.patch	git:ccca743b96f33f5b55c33cd463335a85118d18e4:other/multi-language-translate.patch#keep:reviewed_legacy_addition	components/strings/components_chromium_strings_am.xtb	components_chromium_strings	am	7690933224612299375	"<translation id=""7690933224612299375"">Thorium በ<ph name=""BEGIN_LINK_CHROMIUM"" />Chromium<ph name=""END_LINK_CHROMIUM"" />  ክፍት ምንጭ ፕሮጀክት እና በሌላ <ph name=""BEGIN_LINK_OSS"" />ክፍት ምንጭ ሶፍትዌር<ph name=""END_LINK_OSS"" /> እውን ሊሆን ችሏል።</translation>"
other/multi-language-translate.patch	git:ccca743b96f33f5b55c33cd463335a85118d18e4:other/multi-language-translate.patch#keep:reviewed_legacy_addition	components/strings/components_chromium_strings_ar.xtb	components_chromium_strings	ar	7690933224612299375	"<translation id=""7690933224612299375"">‏أصبح Thorium الآن متاحًا بفضل المشروع المفتوح المصدر <ph name=""BEGIN_LINK_CHROMIUM"" />Chromium<ph name=""END_LINK_CHROMIUM"" /> و<ph name=""BEGIN_LINK_OSS"" />برامج أخرى مفتوحة المصدر<ph name=""END_LINK_OSS"" />.</translation>"
other/multi-language-translate.patch	git:ccca743b96f33f5b55c33cd463335a85118d18e4:other/multi-language-translate.patch#keep:reviewed_legacy_addition	components/strings/components_chromium_strings_as.xtb	components_chromium_strings	as	7690933224612299375	"<translation id=""7690933224612299375"">Thoriumক <ph name=""BEGIN_LINK_CHROMIUM"" />Chromium<ph name=""END_LINK_CHROMIUM"" />ৰ মুক্ত উৎসৰ প্ৰ'জেক্ট আৰু অন্য <ph name=""BEGIN_LINK_OSS"" />মুক্ত উৎসৰ ছফ্টৱেৰে<ph name=""END_LINK_OSS"" /> ব্যৱহাৰযোগ্য কৰি তুলিছে।</translation>"
other/multi-language-translate.patch	git:ccca743b96f33f5b55c33cd463335a85118d18e4:other/multi-language-translate.patch#keep:reviewed_legacy_addition	components/strings/components_chromium_strings_az.xtb	components_chromium_strings	az	7690933224612299375	"<translation id=""7690933224612299375"">Thorium <ph name=""BEGIN_LINK_CHROMIUM"" />Chromium<ph name=""END_LINK_CHROMIUM"" /> açıq mənbə layihəsi və digər <ph name=""BEGIN_LINK_OSS"" />açıq mənbə proqram təminatları tərəfindən<ph name=""END_LINK_OSS"" /> əlçatan edilib.</translation>"
other/multi-language-translate.patch	git:ccca743b96f33f5b55c33cd463335a85118d18e4:other/multi-language-translate.patch#keep:reviewed_legacy_addition	components/strings/components_chromium_strings_be.xtb	components_chromium_strings	be	7690933224612299375	"<translation id=""7690933224612299375"">Thorium працуе дзякуючы праекту <ph name=""BEGIN_LINK_CHROMIUM"" />Chromium<ph name=""END_LINK_CHROMIUM"" /> з адкрытым зыходным кодам і іншаму <ph name=""BEGIN_LINK_OSS"" />праграмнаму забеспячэнню з адкрытым зыходным кодам<ph name=""END_LINK_OSS"" />.</translation>"
other/multi-language-translate.patch	git:ccca743b96f33f5b55c33cd463335a85118d18e4:other/multi-language-translate.patch#keep:reviewed_legacy_addition	components/strings/components_chromium_strings_bg.xtb	components_chromium_strings	bg	7690933224612299375	"<translation id=""7690933224612299375"">Thorium е възможен благодарение на проекта с отворен код <ph name=""BEGIN_LINK_CHROMIUM"" />Chromium<ph name=""END_LINK_CHROMIUM"" /> и на друг <ph name=""BEGIN_LINK_OSS"" />софтуер с отворен код<ph name=""END_LINK_OSS"" />.</translation>"
other/multi-language-translate.patch	git:ccca743b96f33f5b55c33cd463335a85118d18e4:other/multi-language-translate.patch#keep:reviewed_legacy_addition	components/strings/components_chromium_strings_bn.xtb	components_chromium_strings	bn	7690933224612299375	"<translation id=""7690933224612299375"">Thorium  <ph name=""BEGIN_LINK_CHROMIUM"" /> Chromium<ph name=""END_LINK_CHROMIUM"" /> ওপেন সোর্স প্রকল্প এবং অন্যান্য <ph name=""BEGIN_LINK_OSS"" />ওপেন সোর্স সফ্টওয়্যার<ph name=""END_LINK_OSS"" /> দিয়ে করা সম্ভব হয়েছে৷</translation>"
other/multi-language-translate.patch	git:ccca743b96f33f5b55c33cd463335a85118d18e4:other/multi-language-translate.patch#keep:reviewed_legacy_addition	components/strings/components_chromium_strings_bs.xtb	components_chromium_strings	bs	7690933224612299375	"<translation id=""7690933224612299375"">Thorium je dostupan zahvaljujući <ph name=""BEGIN_LINK_CHROMIUM"" />Chromium<ph name=""END_LINK_CHROMIUM"" /> projektu otvorenog koda i drugom <ph name=""BEGIN_LINK_OSS"" />softveru otvorenog koda<ph name=""END_LINK_OSS"" />.</translation>"
other/multi-language-translate.patch	git:ccca743b96f33f5b55c33cd463335a85118d18e4:other/multi-language-translate.patch#keep:reviewed_legacy_addition	components/strings/components_chromium_strings_ca.xtb	components_chromium_strings	ca	7690933224612299375	"<translation id=""7690933224612299375"">Thorium és possible gràcies al projecte de codi obert de <ph name=""BEGIN_LINK_CHROMIUM"" />Chromium<ph name=""END_LINK_CHROMIUM"" /> i a altre <ph name=""BEGIN_LINK_OSS"" />programari lliure<ph name=""END_LINK_OSS"" />.</translation>"
other/multi-language-translate.patch	git:ccca743b96f33f5b55c33cd463335a85118d18e4:other/multi-language-translate.patch#keep:reviewed_legacy_addition	components/strings/components_chromium_strings_cs.xtb	components_chromium_strings	cs	7690933224612299375	"<translation id=""7690933224612299375"">Thorium staví na projektu s otevřeným zdrojovým kódem <ph name=""BEGIN_LINK_CHROMIUM"" />Chromium<ph name=""END_LINK_CHROMIUM"" /> a využívá i další <ph name=""BEGIN_LINK_OSS"" />software s otevřeným zdrojovým kódem<ph name=""END_LINK_OSS"" />.</translation>"
other/multi-language-translate.patch	git:ccca743b96f33f5b55c33cd463335a85118d18e4:other/multi-language-translate.patch#keep:reviewed_legacy_addition	components/strings/components_chromium_strings_cy.xtb	components_chromium_strings	cy	7690933224612299375	"<translation id=""7690933224612299375"">Mae Thorium yn bosib oherwydd prosiect ffynhonnell agored <ph name=""BEGIN_LINK_CHROMIUM"" />Chromium<ph name=""END_LINK_CHROMIUM"" /> a <ph name=""BEGIN_LINK_OSS"" />meddalwedd ffynhonnell agored<ph name=""END_LINK_OSS"" /> eraill.</translation>"
other/multi-language-translate.patch	git:ccca743b96f33f5b55c33cd463335a85118d18e4:other/multi-language-translate.patch#keep:reviewed_legacy_addition	components/strings/components_chromium_strings_da.xtb	components_chromium_strings	da	7690933224612299375	"<translation id=""7690933224612299375"">Thorium er realiseret ved hjælp af <ph name=""BEGIN_LINK_CHROMIUM"" />Chromium<ph name=""END_LINK_CHROMIUM"" />-open source-projektet og anden <ph name=""BEGIN_LINK_OSS"" />open source-software<ph name=""END_LINK_OSS"" />.</translation>"
other/multi-language-translate.patch	git:ccca743b96f33f5b55c33cd463335a85118d18e4:other/multi-language-translate.patch#keep:reviewed_legacy_addition	components/strings/components_chromium_strings_de.xtb	components_chromium_strings	de	7690933224612299375	"<translation id=""7690933224612299375"">Thorium wird durch das Open-Source-Projekt <ph name=""BEGIN_LINK_CHROMIUM"" />Chromium<ph name=""END_LINK_CHROMIUM"" /> und andere <ph name=""BEGIN_LINK_OSS"" />Open-Source-Software<ph name=""END_LINK_OSS"" /> ermöglicht.</translation>"
other/multi-language-translate.patch	git:ccca743b96f33f5b55c33cd463335a85118d18e4:other/multi-language-translate.patch#keep:reviewed_legacy_addition	components/strings/components_chromium_strings_el.xtb	components_chromium_strings	el	7690933224612299375	"<translation id=""7690933224612299375"">Το Thorium υλοποιήθηκε με τη βοήθεια του έργου ανοικτού κώδικα <ph name=""BEGIN_LINK_CHROMIUM"" />Chromium<ph name=""END_LINK_CHROMIUM"" /> και άλλου <ph name=""BEGIN_LINK_OSS"" />λογισμικού ανοικτού κώδικα<ph name=""END_LINK_OSS"" />.</translation>"
other/multi-language-translate.patch	git:ccca743b96f33f5b55c33cd463335a85118d18e4:other/multi-language-translate.patch#keep:reviewed_legacy_addition	components/strings/components_chromium_strings_en-GB.xtb	components_chromium_strings	en-GB	7690933224612299375	"<translation id=""7690933224612299375"">Thorium is made possible by the <ph name=""BEGIN_LINK_CHROMIUM"" />Chromium<ph name=""END_LINK_CHROMIUM"" /> open source project and other <ph name=""BEGIN_LINK_OSS"" />open source software<ph name=""END_LINK_OSS"" />.</translation>"
other/multi-language-translate.patch	git:ccca743b96f33f5b55c33cd463335a85118d18e4:other/multi-language-translate.patch#keep:reviewed_legacy_addition	components/strings/components_chromium_strings_es.xtb	components_chromium_strings	es	7690933224612299375	"<translation id=""7690933224612299375"">Thorium se ha creado gracias al proyecto de software libre <ph name=""BEGIN_LINK_CHROMIUM"" />Chromium<ph name=""END_LINK_CHROMIUM"" /> y a otro <ph name=""BEGIN_LINK_OSS"" />software libre<ph name=""END_LINK_OSS"" />.</translation>"
other/multi-language-translate.patch	git:ccca743b96f33f5b55c33cd463335a85118d18e4:other/multi-language-translate.patch#keep:reviewed_legacy_addition	components/strings/components_chromium_strings_es-419.xtb	components_chromium_strings	es-419	7690933224612299375	"<translation id=""7690933224612299375"">Thorium es posible gracias al proyecto de código abierto <ph name=""BEGIN_LINK_CHROMIUM"" />Chromium<ph name=""END_LINK_CHROMIUM"" /> y otro <ph name=""BEGIN_LINK_OSS"" />software de código abierto<ph name=""END_LINK_OSS"" />.</translation>"
other/multi-language-translate.patch	git:ccca743b96f33f5b55c33cd463335a85118d18e4:other/multi-language-translate.patch#keep:reviewed_legacy_addition	components/strings/components_chromium_strings_et.xtb	components_chromium_strings	et	7690933224612299375	"<translation id=""7690933224612299375"">Thoriumi aluseks on avatud lähtekoodiga projekt <ph name=""BEGIN_LINK_CHROMIUM"" />Chromium<ph name=""END_LINK_CHROMIUM"" /> ja muu <ph name=""BEGIN_LINK_OSS"" />avatud lähtekoodiga tarkvara<ph name=""END_LINK_OSS"" />.</translation>"
other/multi-language-translate.patch	git:ccca743b96f33f5b55c33cd463335a85118d18e4:other/multi-language-translate.patch#keep:reviewed_legacy_addition	components/strings/components_chromium_strings_eu.xtb	components_chromium_strings	eu	7690933224612299375	"<translation id=""7690933224612299375"">Kode irekiko <ph name=""BEGIN_LINK_CHROMIUM"" />Chromium<ph name=""END_LINK_CHROMIUM"" /> proiektuari esker eta <ph name=""BEGIN_LINK_OSS"" />kode irekiko softwareari<ph name=""END_LINK_OSS"" /> esker da posible Thorium arakatzailea.</translation>"
other/multi-language-translate.patch	git:ccca743b96f33f5b55c33cd463335a85118d18e4:other/multi-language-translate.patch#keep:reviewed_legacy_addition	components/strings/components_chromium_strings_fa.xtb	components_chromium_strings	fa	7690933224612299375	"<translation id=""7690933224612299375"">‏Thorium با پروژه منبع باز <ph name=""BEGIN_LINK_CHROMIUM"" />Chromium <ph name=""END_LINK_CHROMIUM"" /> و سایر <ph name=""BEGIN_LINK_OSS"" />نرم‌افزار منبع باز<ph name=""END_LINK_OSS"" /> امکان‌پذیر است.</translation>"
other/multi-language-translate.patch	git:ccca743b96f33f5b55c33cd463335a85118d18e4:other/multi-language-translate.patch#keep:reviewed_legacy_addition	components/strings/components_chromium_strings_fi.xtb	components_chromium_strings	fi	7690933224612299375	"<translation id=""7690933224612299375"">Thoriumin ovat tehneet mahdolliseksi <ph name=""BEGIN_LINK_CHROMIUM"" />Chromium<ph name=""END_LINK_CHROMIUM"" />-projekti ja muut <ph name=""BEGIN_LINK_OSS"" />avoimen lähdekoodin ohjelmistot<ph name=""END_LINK_OSS"" />.</translation>"
other/multi-language-translate.patch	git:ccca743b96f33f5b55c33cd463335a85118d18e4:other/multi-language-translate.patch#keep:reviewed_legacy_addition	components/strings/components_chromium_strings_fil.xtb	components_chromium_strings	fil	7690933224612299375	"<translation id=""7690933224612299375"">Nagiging posible ang Thorium sa pamamagitan ng proyekto sa open source ng <ph name=""BEGIN_LINK_CHROMIUM"" />Chromium<ph name=""END_LINK_CHROMIUM"" /> at iba pang <ph name=""BEGIN_LINK_OSS"" />open source na software<ph name=""END_LINK_OSS"" />.</translation>"
other/multi-language-translate.patch	git:ccca743b96f33f5b55c33cd463335a85118d18e4:other/multi-language-translate.patch#keep:reviewed_legacy_addition	components/strings/components_chromium_strings_fr.xtb	components_chromium_strings	fr	7690933224612299375	"<translation id=""7690933224612299375"">Thorium fonctionne grâce au projet Open Source <ph name=""BEGIN_LINK_CHROMIUM"" />Chromium<ph name=""END_LINK_CHROMIUM"" /> et à <ph name=""BEGIN_LINK_OSS"" />d'autres logiciels libres<ph name=""END_LINK_OSS"" />.</translation>"
other/multi-language-translate.patch	git:ccca743b96f33f5b55c33cd463335a85118d18e4:other/multi-language-translate.patch#keep:reviewed_legacy_addition	components/strings/components_chromium_strings_fr-CA.xtb	components_chromium_strings	fr-CA	7690933224612299375	"<translation id=""7690933224612299375"">Thorium fonctionne grâce au projet de code source ouvert <ph name=""BEGIN_LINK_CHROMIUM"" />Chromium<ph name=""END_LINK_CHROMIUM"" /> et à d'autres <ph name=""BEGIN_LINK_OSS"" />logiciels libres<ph name=""END_LINK_OSS"" />.</translation>"
other/multi-language-translate.patch	git:ccca743b96f33f5b55c33cd463335a85118d18e4:other/multi-language-translate.patch#keep:reviewed_legacy_addition	components/strings/components_chromium_strings_gl.xtb	components_chromium_strings	gl	7690933224612299375	"<translation id=""7690933224612299375"">Thorium creouse grazas ao proxecto de código aberto <ph name=""BEGIN_LINK_CHROMIUM"" />Chromium<ph name=""END_LINK_CHROMIUM"" /> e a outro <ph name=""BEGIN_LINK_OSS"" />software de código aberto<ph name=""END_LINK_OSS"" />.</translation>"
other/multi-language-translate.patch	git:ccca743b96f33f5b55c33cd463335a85118d18e4:other/multi-language-translate.patch#keep:reviewed_legacy_addition	components/strings/components_chromium_strings_gu.xtb	components_chromium_strings	gu	7690933224612299375	"<translation id=""7690933224612299375"">Thorium એ <ph name=""BEGIN_LINK_CHROMIUM"" />Chromium<ph name=""END_LINK_CHROMIUM"" /> ઓપન સ્રોત પ્રોજેક્ટ અને અન્ય <ph name=""BEGIN_LINK_OSS"" />ઓપન સ્રોત સૉફ્ટવેર<ph name=""END_LINK_OSS"" /> દ્વારા શક્ય બનાવ્યું છે.</translation>"
other/multi-language-translate.patch	reviewed-translation:thorium-acknowledgement:hi	components/strings/components_chromium_strings_hi.xtb	components_chromium_strings	hi	7690933224612299375	"<translation id=""7690933224612299375"">थोरियम को <ph name=""BEGIN_LINK_CHROMIUM"" />क्रोमियम<ph name=""END_LINK_CHROMIUM"" /> ओपन सोर्स प्रोजेक्ट और अन्य <ph name=""BEGIN_LINK_OSS"" />ओपन सोर्स सॉफ्टवेयर<ph name=""END_LINK_OSS"" /> द्वारा संभव बनाया गया है।</translation>"
other/multi-language-translate.patch	git:ccca743b96f33f5b55c33cd463335a85118d18e4:other/multi-language-translate.patch#keep:reviewed_legacy_addition	components/strings/components_chromium_strings_hr.xtb	components_chromium_strings	hr	7690933224612299375	"<translation id=""7690933224612299375"">Thorium omogućuju projekt utemeljen na otvorenom kôdu <ph name=""BEGIN_LINK_CHROMIUM"" />Chromium<ph name=""END_LINK_CHROMIUM"" /> i drugi <ph name=""BEGIN_LINK_OSS"" />softveri utemeljeni na otvorenom kôdu<ph name=""END_LINK_OSS"" />.</translation>"
other/multi-language-translate.patch	git:ccca743b96f33f5b55c33cd463335a85118d18e4:other/multi-language-translate.patch#keep:reviewed_legacy_addition	components/strings/components_chromium_strings_hu.xtb	components_chromium_strings	hu	7690933224612299375	"<translation id=""7690933224612299375"">A Thorium a <ph name=""BEGIN_LINK_CHROMIUM"" />Chromium<ph name=""END_LINK_CHROMIUM"" /> nyílt forráskódú projektnek és további <ph name=""BEGIN_LINK_OSS"" />nyílt forráskódú szoftvereknek<ph name=""END_LINK_OSS"" /> köszönhetően jött létre.</translation>"
other/multi-language-translate.patch	git:ccca743b96f33f5b55c33cd463335a85118d18e4:other/multi-language-translate.patch#keep:reviewed_legacy_addition	components/strings/components_chromium_strings_hy.xtb	components_chromium_strings	hy	7690933224612299375	"<translation id=""7690933224612299375"">Thorium-ը ստեղծվել է շնորհիվ <ph name=""BEGIN_LINK_CHROMIUM"" />Chromium<ph name=""END_LINK_CHROMIUM"" /> բաց կոդով նախագծի և այլ <ph name=""BEGIN_LINK_OSS"" />բաց կոդով ծրագրակազմերի<ph name=""END_LINK_OSS"" />:</translation>"
other/multi-language-translate.patch	git:ccca743b96f33f5b55c33cd463335a85118d18e4:other/multi-language-translate.patch#keep:reviewed_legacy_addition	components/strings/components_chromium_strings_id.xtb	components_chromium_strings	id	7690933224612299375	"<translation id=""7690933224612299375"">Thorium tercipta berkat proyek sumber terbuka <ph name=""BEGIN_LINK_CHROMIUM"" />Chromium<ph name=""END_LINK_CHROMIUM"" /> dan berbagai <ph name=""BEGIN_LINK_OSS"" />software sumber terbuka<ph name=""END_LINK_OSS"" /> lainnya.</translation>"
other/multi-language-translate.patch	git:ccca743b96f33f5b55c33cd463335a85118d18e4:other/multi-language-translate.patch#keep:reviewed_legacy_addition	components/strings/components_chromium_strings_is.xtb	components_chromium_strings	is	7690933224612299375	"<translation id=""7690933224612299375"">Opna kóðaverkefnið <ph name=""BEGIN_LINK_CHROMIUM"" />Chromium<ph name=""END_LINK_CHROMIUM"" /> og annar <ph name=""BEGIN_LINK_OSS"" />opinn hugbúnaður<ph name=""END_LINK_OSS"" /> gerir Thorium mögulegt.</translation>"
other/multi-language-translate.patch	git:ccca743b96f33f5b55c33cd463335a85118d18e4:other/multi-language-translate.patch#keep:reviewed_legacy_addition	components/strings/components_chromium_strings_it.xtb	components_chromium_strings	it	7690933224612299375	"<translation id=""7690933224612299375"">La realizzazione di Thorium è stata possibile grazie al progetto open source <ph name=""BEGIN_LINK_CHROMIUM"" />Chromium<ph name=""END_LINK_CHROMIUM"" /> e ad altri <ph name=""BEGIN_LINK_OSS"" />software open source<ph name=""END_LINK_OSS"" />.</translation>"
other/multi-language-translate.patch	git:ccca743b96f33f5b55c33cd463335a85118d18e4:other/multi-language-translate.patch#keep:reviewed_legacy_addition	components/strings/components_chromium_strings_iw.xtb	components_chromium_strings	iw	7690933224612299375	"<translation id=""7690933224612299375"">‏Thorium קיים הודות לפרויקט הקוד הפתוח של <ph name=""BEGIN_LINK_CHROMIUM"" /> Chromium‏<ph name=""END_LINK_CHROMIUM"" /> ו<ph name=""BEGIN_LINK_OSS"" />תוכנות קוד פתוח<ph name=""END_LINK_OSS"" /> אחרות.</translation>"
other/multi-language-translate.patch	git:ccca743b96f33f5b55c33cd463335a85118d18e4:other/multi-language-translate.patch#keep:reviewed_legacy_addition	components/strings/components_chromium_strings_ja.xtb	components_chromium_strings	ja	7690933224612299375	"<translation id=""7690933224612299375"">Thorium は <ph name=""BEGIN_LINK_CHROMIUM"" />Chromium<ph name=""END_LINK_CHROMIUM"" /> オープンソース プロジェクトやその他の<ph name=""BEGIN_LINK_OSS"" />オープンソース ソフトウェア<ph name=""END_LINK_OSS"" />によって実現しました。</translation>"
other/multi-language-translate.patch	git:ccca743b96f33f5b55c33cd463335a85118d18e4:other/multi-language-translate.patch#keep:reviewed_legacy_addition	components/strings/components_chromium_strings_ka.xtb	components_chromium_strings	ka	7690933224612299375	"<translation id=""7690933224612299375"">Thorium არსებობს <ph name=""BEGIN_LINK_CHROMIUM"" />Chromium<ph name=""END_LINK_CHROMIUM"" /> ღია წყაროს პროექტის და სხვა <ph name=""BEGIN_LINK_OSS"" />ღია წყაროს პროგრამული უზრუნველყოფის<ph name=""END_LINK_OSS"" /> წყალობით.</translation>"
other/multi-language-translate.patch	git:ccca743b96f33f5b55c33cd463335a85118d18e4:other/multi-language-translate.patch#keep:reviewed_legacy_addition	components/strings/components_chromium_strings_kk.xtb	components_chromium_strings	kk	7690933224612299375	"<translation id=""7690933224612299375"">Thorium қолданбасына <ph name=""BEGIN_LINK_CHROMIUM"" />Chromium<ph name=""END_LINK_CHROMIUM"" /> ашық бастапқы код жобасы мен басқа <ph name=""BEGIN_LINK_OSS"" />ашық бастапқы код бағдарламалық жасақтамасы<ph name=""END_LINK_OSS"" /> арқылы қол жеткізілді.</translation>"
other/multi-language-translate.patch	git:ccca743b96f33f5b55c33cd463335a85118d18e4:other/multi-language-translate.patch#keep:reviewed_legacy_addition	components/strings/components_chromium_strings_km.xtb	components_chromium_strings	km	7690933224612299375	"<translation id=""7690933224612299375"">Thorium អាចបង្កើតឡើងបានដោយគម្រោងប្រភពបើកចំហរ <ph name=""BEGIN_LINK_CHROMIUM"" />Chromium<ph name=""END_LINK_CHROMIUM"" /> និង <ph name=""BEGIN_LINK_OSS"" />កម្មវិធីប្រភពបើកចំហរ<ph name=""END_LINK_OSS"" /> ផ្សេងទៀត។</translation>"
other/multi-language-translate.patch	git:ccca743b96f33f5b55c33cd463335a85118d18e4:other/multi-language-translate.patch#keep:reviewed_legacy_addition	components/strings/components_chromium_strings_kn.xtb	components_chromium_strings	kn	7690933224612299375	"<translation id=""7690933224612299375""><ph name=""BEGIN_LINK_CHROMIUM"" />Chromium<ph name=""END_LINK_CHROMIUM"" /> ಓಪನ್ ಸೋರ್ಸ್ ಯೋಜನೆ ಮತ್ತು ಇತರ <ph name=""BEGIN_LINK_OSS"" />ಓಪನ್ ಸೋರ್ಸ್ ಸಾಫ್ಟ್‌ವೇರ್<ph name=""END_LINK_OSS"" /> ನಿಂದ Thorium ಅನ್ನು ಮಾಡಲು ಸಾಧ್ಯ.</translation>"
other/multi-language-translate.patch	git:ccca743b96f33f5b55c33cd463335a85118d18e4:other/multi-language-translate.patch#keep:reviewed_legacy_addition	components/strings/components_chromium_strings_ko.xtb	components_chromium_strings	ko	7690933224612299375	"<translation id=""7690933224612299375"">Thorium은 <ph name=""BEGIN_LINK_CHROMIUM"" />Chromium<ph name=""END_LINK_CHROMIUM"" /> 오픈소스 프로젝트를 비롯한 여러 <ph name=""BEGIN_LINK_OSS"" />오픈소스 소프트웨어<ph name=""END_LINK_OSS"" />에 기초해 만들어진 브라우저입니다.</translation>"
other/multi-language-translate.patch	git:ccca743b96f33f5b55c33cd463335a85118d18e4:other/multi-language-translate.patch#keep:reviewed_legacy_addition	components/strings/components_chromium_strings_ky.xtb	components_chromium_strings	ky	7690933224612299375	"<translation id=""7690933224612299375"">Thorium <ph name=""BEGIN_LINK_CHROMIUM"" />Chromium<ph name=""END_LINK_CHROMIUM"" /> ачык булак долбоору жана башка <ph name=""BEGIN_LINK_OSS"" />ачык программа<ph name=""END_LINK_OSS"" /> аркылуу мүмкүн болду.</translation>"
other/multi-language-translate.patch	git:ccca743b96f33f5b55c33cd463335a85118d18e4:other/multi-language-translate.patch#keep:reviewed_legacy_addition	components/strings/components_chromium_strings_lo.xtb	components_chromium_strings	lo	7690933224612299375	"<translation id=""7690933224612299375"">Thorium ເຮັດໃຫ້ເປັນໄປໄດ້ໂດຍ <ph name=""BEGIN_LINK_CHROMIUM"" />Chromium<ph name=""END_LINK_CHROMIUM"" /> ໂຄງການ open source ແລະ <ph name=""BEGIN_LINK_OSS"" />ຊອບແວ open source<ph name=""END_LINK_OSS"" /> ອື່ນໆ.</translation>"
other/multi-language-translate.patch	git:ccca743b96f33f5b55c33cd463335a85118d18e4:other/multi-language-translate.patch#keep:reviewed_legacy_addition	components/strings/components_chromium_strings_lt.xtb	components_chromium_strings	lt	7690933224612299375	"<translation id=""7690933224612299375"">„Thorium“ pasiekiama naudojant <ph name=""BEGIN_LINK_CHROMIUM"" />„Chromium“<ph name=""END_LINK_CHROMIUM"" /> atvirojo šaltinio projektą ir kitą <ph name=""BEGIN_LINK_OSS"" />atvirojo šaltinio programinę įrangą<ph name=""END_LINK_OSS"" />.</translation>"
other/multi-language-translate.patch	git:ccca743b96f33f5b55c33cd463335a85118d18e4:other/multi-language-translate.patch#keep:reviewed_legacy_addition	components/strings/components_chromium_strings_lv.xtb	components_chromium_strings	lv	7690933224612299375	"<translation id=""7690933224612299375"">Thorium ir kļuvis iespējams, pateicoties <ph name=""BEGIN_LINK_CHROMIUM"" />Chromium<ph name=""END_LINK_CHROMIUM"" /> atklātā pirmkoda projektam un citai <ph name=""BEGIN_LINK_OSS"" />atklātā pirmkoda programmatūrai<ph name=""END_LINK_OSS"" />.</translation>"
other/multi-language-translate.patch	git:ccca743b96f33f5b55c33cd463335a85118d18e4:other/multi-language-translate.patch#keep:reviewed_legacy_addition	components/strings/components_chromium_strings_mk.xtb	components_chromium_strings	mk	7690933224612299375	"<translation id=""7690933224612299375"">Thorium е овозможен од проектот со отворен код <ph name=""BEGIN_LINK_CHROMIUM"" />Chromium<ph name=""END_LINK_CHROMIUM"" /> и друг <ph name=""BEGIN_LINK_OSS"" />софтвер со отворен код<ph name=""END_LINK_OSS"" />.</translation>"
other/multi-language-translate.patch	git:ccca743b96f33f5b55c33cd463335a85118d18e4:other/multi-language-translate.patch#keep:reviewed_legacy_addition	components/strings/components_chromium_strings_ml.xtb	components_chromium_strings	ml	7690933224612299375	"<translation id=""7690933224612299375"">Thorium സാധ്യമായത് <ph name=""BEGIN_LINK_CHROMIUM"" />Chromium<ph name=""END_LINK_CHROMIUM"" /> ഓപ്പൺ സോഴ്‌സ് പ്രോജക്റ്റും മറ്റ് <ph name=""BEGIN_LINK_OSS"" />ഓപ്പൺ സോഴ്‌സ് സോഫ്റ്റ്‌വെയറും<ph name=""END_LINK_OSS"" /> ഉപയോഗിച്ചാണ്</translation>"
other/multi-language-translate.patch	git:ccca743b96f33f5b55c33cd463335a85118d18e4:other/multi-language-translate.patch#keep:reviewed_legacy_addition	components/strings/components_chromium_strings_mn.xtb	components_chromium_strings	mn	7690933224612299375	"<translation id=""7690933224612299375"">Thorium-ыг <ph name=""BEGIN_LINK_CHROMIUM"" />-аас ажиллуулж байна. Chromium нь <ph name=""END_LINK_CHROMIUM"" /> нээлттэй эхийн төсөл болон бусад <ph name=""BEGIN_LINK_OSS"" /> нээлттэй эхийн программ хангамжийг нээнэ <ph name=""END_LINK_OSS"" /> .</translation>"
other/multi-language-translate.patch	git:ccca743b96f33f5b55c33cd463335a85118d18e4:other/multi-language-translate.patch#keep:reviewed_legacy_addition	components/strings/components_chromium_strings_mr.xtb	components_chromium_strings	mr	7690933224612299375	"<translation id=""7690933224612299375"">Thorium हे <ph name=""BEGIN_LINK_CHROMIUM"" />Chromium<ph name=""END_LINK_CHROMIUM"" /> खुला स्रोत प्रकल्प आणि इतर <ph name=""BEGIN_LINK_OSS"" />खुले स्रोत सॉफ्टवेअर<ph name=""END_LINK_OSS"" /> द्वारे बनवणे शक्य झाले.</translation>"
other/multi-language-translate.patch	git:ccca743b96f33f5b55c33cd463335a85118d18e4:other/multi-language-translate.patch#keep:reviewed_legacy_addition	components/strings/components_chromium_strings_ms.xtb	components_chromium_strings	ms	7690933224612299375	"<translation id=""7690933224612299375"">Thorium berjaya dilaksanakan melalui projek sumber terbuka <ph name=""BEGIN_LINK_CHROMIUM"" />Chromium<ph name=""END_LINK_CHROMIUM"" /> dan <ph name=""BEGIN_LINK_OSS"" />perisian sumber terbuka<ph name=""END_LINK_OSS"" /> yang lain.</translation>"
other/multi-language-translate.patch	git:ccca743b96f33f5b55c33cd463335a85118d18e4:other/multi-language-translate.patch#keep:reviewed_legacy_addition	components/strings/components_chromium_strings_my.xtb	components_chromium_strings	my	7690933224612299375	"<translation id=""7690933224612299375"">Thorium အား <ph name=""BEGIN_LINK_CHROMIUM"" />Chromium<ph name=""END_LINK_CHROMIUM"" /> ပွင့်လင်းအရင်းမြစ် စီမံကိန်းနှင့် အခြား <ph name=""BEGIN_LINK_OSS"" />ပွင့်လင်း အရင်းမြစ် ဆော့ဝဲ<ph name=""END_LINK_OSS"" /> မှပြုလုပ်ထားပါသည်။</translation>"
other/multi-language-translate.patch	reviewed-translation:thorium-acknowledgement:ne	components/strings/components_chromium_strings_ne.xtb	components_chromium_strings	ne	7690933224612299375	"<translation id=""7690933224612299375"">थोरियम <ph name=""BEGIN_LINK_CHROMIUM"" />क्रोमियम<ph name=""END_LINK_CHROMIUM"" /> खुला स्रोत परियोजना र अन्य <ph name=""BEGIN_LINK_OSS"" />खुला स्रोत सफ्टवेयर<ph name=""END_LINK_OSS"" /> द्वारा सम्भव भएको हो।</translation>"
other/multi-language-translate.patch	git:ccca743b96f33f5b55c33cd463335a85118d18e4:other/multi-language-translate.patch#keep:reviewed_legacy_addition	components/strings/components_chromium_strings_nl.xtb	components_chromium_strings	nl	7690933224612299375	"<translation id=""7690933224612299375"">Thorium wordt mogelijk gemaakt door het <ph name=""BEGIN_LINK_CHROMIUM"" />Chromium<ph name=""END_LINK_CHROMIUM"" /> open-sourceproject en andere <ph name=""BEGIN_LINK_OSS"" />open-sourcesoftware<ph name=""END_LINK_OSS"" />.</translation>"
other/multi-language-translate.patch	git:ccca743b96f33f5b55c33cd463335a85118d18e4:other/multi-language-translate.patch#keep:reviewed_legacy_addition	components/strings/components_chromium_strings_no.xtb	components_chromium_strings	no	7690933224612299375	"<translation id=""7690933224612299375"">Thorium er gjort mulig av åpen kilde-prosjektet <ph name=""BEGIN_LINK_CHROMIUM"" />Chromium<ph name=""END_LINK_CHROMIUM"" /> og annen <ph name=""BEGIN_LINK_OSS"" />åpen kilde-programvare<ph name=""END_LINK_OSS"" />.</translation>"
other/multi-language-translate.patch	git:ccca743b96f33f5b55c33cd463335a85118d18e4:other/multi-language-translate.patch#keep:reviewed_legacy_addition	components/strings/components_chromium_strings_or.xtb	components_chromium_strings	or	7690933224612299375	"<translation id=""7690933224612299375""><ph name=""BEGIN_LINK_CHROMIUM"" />Chromium<ph name=""END_LINK_CHROMIUM"" /> ଭଳି ମୁକ୍ତ ଉତ୍ସ ପ୍ରୋଜେକ୍ଟ ଏବଂ ଅନ୍ୟ <ph name=""BEGIN_LINK_OSS"" />ମୁକ୍ତ ଉତ୍ସ ସଫ୍ଟୱେର୍<ph name=""END_LINK_OSS"" /> ଦ୍ୱାରା Thoriumକୁ ତିଆରି କରିବା ସମ୍ଭବ କରାଯାଇଛି।</translation>"
other/multi-language-translate.patch	git:ccca743b96f33f5b55c33cd463335a85118d18e4:other/multi-language-translate.patch#keep:reviewed_legacy_addition	components/strings/components_chromium_strings_pa.xtb	components_chromium_strings	pa	7690933224612299375	"<translation id=""7690933224612299375"">Thorium ਨੂੰ <ph name=""BEGIN_LINK_CHROMIUM"" />Chromium<ph name=""END_LINK_CHROMIUM"" /> ਖੁੱਲ੍ਹੇ ਸਰੋਤ ਪ੍ਰੋਜੈਕਟ ਅਤੇ ਹੋਰ <ph name=""BEGIN_LINK_OSS"" />ਖੁੱਲ੍ਹੇ ਸਰੋਤ ਸਾਫ਼ਟਵੇਅਰ<ph name=""END_LINK_OSS"" /> ਵੱਲੋਂ ਸੰਭਵ ਬਣਾਇਆ ਗਿਆ ਹੈ।</translation>"
other/multi-language-translate.patch	git:ccca743b96f33f5b55c33cd463335a85118d18e4:other/multi-language-translate.patch#keep:reviewed_legacy_addition	components/strings/components_chromium_strings_pl.xtb	components_chromium_strings	pl	7690933224612299375	"<translation id=""7690933224612299375"">Stworzenie Thorium było możliwe dzięki projektowi open source <ph name=""BEGIN_LINK_CHROMIUM"" />Chromium<ph name=""END_LINK_CHROMIUM"" /> i innym <ph name=""BEGIN_LINK_OSS"" />programom o otwartym kodzie źródłowym<ph name=""END_LINK_OSS"" />.</translation>"
other/multi-language-translate.patch	git:ccca743b96f33f5b55c33cd463335a85118d18e4:other/multi-language-translate.patch#keep:reviewed_legacy_addition	components/strings/components_chromium_strings_pt-BR.xtb	components_chromium_strings	pt-BR	7690933224612299375	"<translation id=""7690933224612299375"">O Thorium tornou-se possível graças ao projeto de código aberto <ph name=""BEGIN_LINK_CHROMIUM"" />Chromium<ph name=""END_LINK_CHROMIUM"" /> e outros <ph name=""BEGIN_LINK_OSS"" />softwares de código aberto<ph name=""END_LINK_OSS"" />.</translation>"
other/multi-language-translate.patch	git:ccca743b96f33f5b55c33cd463335a85118d18e4:other/multi-language-translate.patch#keep:reviewed_legacy_addition	components/strings/components_chromium_strings_pt-PT.xtb	components_chromium_strings	pt-PT	7690933224612299375	"<translation id=""7690933224612299375"">O lançamento do Thorium foi possível devido ao projeto de código aberto do <ph name=""BEGIN_LINK_CHROMIUM"" />Chromium<ph name=""END_LINK_CHROMIUM"" /> e outro <ph name=""BEGIN_LINK_OSS"" />software de código aberto<ph name=""END_LINK_OSS"" />.</translation>"
other/multi-language-translate.patch	git:ccca743b96f33f5b55c33cd463335a85118d18e4:other/multi-language-translate.patch#keep:reviewed_legacy_addition	components/strings/components_chromium_strings_ro.xtb	components_chromium_strings	ro	7690933224612299375	"<translation id=""7690933224612299375"">Thorium există mulțumită proiectului open source <ph name=""BEGIN_LINK_CHROMIUM"" />Chromium<ph name=""END_LINK_CHROMIUM"" /> și a altor <ph name=""BEGIN_LINK_OSS"" />produse software open source<ph name=""END_LINK_OSS"" />.</translation>"
other/multi-language-translate.patch	git:ccca743b96f33f5b55c33cd463335a85118d18e4:other/multi-language-translate.patch#keep:reviewed_legacy_addition	components/strings/components_chromium_strings_ru.xtb	components_chromium_strings	ru	7690933224612299375	"<translation id=""7690933224612299375"">Thorium обязан своим появлением проекту с открытым исходным кодом <ph name=""BEGIN_LINK_CHROMIUM"" />Chromium<ph name=""END_LINK_CHROMIUM"" /> и другому <ph name=""BEGIN_LINK_OSS"" />программному обеспечению с открытым исходным кодом<ph name=""END_LINK_OSS"" />.</translation>"
other/multi-language-translate.patch	git:ccca743b96f33f5b55c33cd463335a85118d18e4:other/multi-language-translate.patch#keep:reviewed_legacy_addition	components/strings/components_chromium_strings_si.xtb	components_chromium_strings	si	7690933224612299375	"<translation id=""7690933224612299375"">Thorium <ph name=""BEGIN_LINK_CHROMIUM"" />Chromium<ph name=""END_LINK_CHROMIUM"" /> විවෘත මූලාශ්‍ර ව්‍යාපෘතිය සහ වෙනත් <ph name=""BEGIN_LINK_OSS"" />විවෘත මූලාශ්‍ර මෘදුකාංග<ph name=""END_LINK_OSS"" /> මගින් නිපදවීමට හැකි විය.</translation>"
other/multi-language-translate.patch	git:ccca743b96f33f5b55c33cd463335a85118d18e4:other/multi-language-translate.patch#keep:reviewed_legacy_addition	components/strings/components_chromium_strings_sk.xtb	components_chromium_strings	sk	7690933224612299375	"<translation id=""7690933224612299375"">Prehliadač Thorium mohol vzniknúť vďaka projektu s otvoreným zdrojom <ph name=""BEGIN_LINK_CHROMIUM"" />Chromium<ph name=""END_LINK_CHROMIUM"" /> a ďalšiemu <ph name=""BEGIN_LINK_OSS"" />softvéru s otvoreným zdrojom<ph name=""END_LINK_OSS"" /> .</translation>"
other/multi-language-translate.patch	git:ccca743b96f33f5b55c33cd463335a85118d18e4:other/multi-language-translate.patch#keep:reviewed_legacy_addition	components/strings/components_chromium_strings_sl.xtb	components_chromium_strings	sl	7690933224612299375	"<translation id=""7690933224612299375"">Thorium omogočata odprtokodni projekt <ph name=""BEGIN_LINK_CHROMIUM"" />Chromium<ph name=""END_LINK_CHROMIUM"" /> in druga <ph name=""BEGIN_LINK_OSS"" />odprtokodna programska oprema<ph name=""END_LINK_OSS"" />.</translation>"
other/multi-language-translate.patch	git:ccca743b96f33f5b55c33cd463335a85118d18e4:other/multi-language-translate.patch#keep:reviewed_legacy_addition	components/strings/components_chromium_strings_sq.xtb	components_chromium_strings	sq	7690933224612299375	"<translation id=""7690933224612299375"">Thorium është bërë i mundur nga projekti me burim të hapur <ph name=""BEGIN_LINK_CHROMIUM"" />Chromium<ph name=""END_LINK_CHROMIUM"" /> dhe <ph name=""BEGIN_LINK_OSS"" />softuerë të tjerë me burim të hapur<ph name=""END_LINK_OSS"" />.</translation>"
other/multi-language-translate.patch	git:ccca743b96f33f5b55c33cd463335a85118d18e4:other/multi-language-translate.patch#keep:reviewed_legacy_addition	components/strings/components_chromium_strings_sr.xtb	components_chromium_strings	sr	7690933224612299375	"<translation id=""7690933224612299375"">Thorium омогућавају <ph name=""BEGIN_LINK_CHROMIUM"" />Chromium<ph name=""END_LINK_CHROMIUM"" /> пројекат отвореног кода и други <ph name=""BEGIN_LINK_OSS"" />софтвер отвореног кода<ph name=""END_LINK_OSS"" />.</translation>"
other/multi-language-translate.patch	git:ccca743b96f33f5b55c33cd463335a85118d18e4:other/multi-language-translate.patch#keep:reviewed_legacy_addition	components/strings/components_chromium_strings_sr-Latn.xtb	components_chromium_strings	sr-Latn	7690933224612299375	"<translation id=""7690933224612299375"">Thorium omogućavaju <ph name=""BEGIN_LINK_CHROMIUM"" />Chromium<ph name=""END_LINK_CHROMIUM"" /> projekat otvorenog koda i drugi <ph name=""BEGIN_LINK_OSS"" />softver otvorenog koda<ph name=""END_LINK_OSS"" />.</translation>"
other/multi-language-translate.patch	git:ccca743b96f33f5b55c33cd463335a85118d18e4:other/multi-language-translate.patch#keep:reviewed_legacy_addition	components/strings/components_chromium_strings_sv.xtb	components_chromium_strings	sv	7690933224612299375	"<translation id=""7690933224612299375"">Thorium finns tack vare projektet <ph name=""BEGIN_LINK_CHROMIUM"" />Chromium<ph name=""END_LINK_CHROMIUM"" /> med öppen källkod och <ph name=""BEGIN_LINK_OSS"" />andra program med öppen källkod<ph name=""END_LINK_OSS"" />.</translation>"
other/multi-language-translate.patch	git:ccca743b96f33f5b55c33cd463335a85118d18e4:other/multi-language-translate.patch#keep:reviewed_legacy_addition	components/strings/components_chromium_strings_sw.xtb	components_chromium_strings	sw	7690933224612299375	"<translation id=""7690933224612299375"">Thorium imerahisishwa na mradi wa programu huria ya <ph name=""BEGIN_LINK_CHROMIUM"" />Chromium<ph name=""END_LINK_CHROMIUM"" /> na programu nyingine <ph name=""BEGIN_LINK_OSS"" />huria<ph name=""END_LINK_OSS"" />.</translation>"
other/multi-language-translate.patch	git:ccca743b96f33f5b55c33cd463335a85118d18e4:other/multi-language-translate.patch#keep:reviewed_legacy_addition	components/strings/components_chromium_strings_ta.xtb	components_chromium_strings	ta	7690933224612299375	"<translation id=""7690933224612299375""><ph name=""BEGIN_LINK_CHROMIUM"" />Chromium<ph name=""END_LINK_CHROMIUM"" /> ஓப்பன் சோர்ஸ் திட்டபணி மற்றும் பிற <ph name=""BEGIN_LINK_OSS"" />ஓப்பன் சோர்ஸ் மென்பொருட்களால்<ph name=""END_LINK_OSS"" /> Thorium ஐ உருவாக்குவது சாத்தியமானது.</translation>"
other/multi-language-translate.patch	git:ccca743b96f33f5b55c33cd463335a85118d18e4:other/multi-language-translate.patch#keep:reviewed_legacy_addition	components/strings/components_chromium_strings_te.xtb	components_chromium_strings	te	7690933224612299375	"<translation id=""7690933224612299375"">Thorium అనేది <ph name=""BEGIN_LINK_CHROMIUM"" />Chromium<ph name=""END_LINK_CHROMIUM"" /> ఓపెన్ సోర్స్ ప్రాజెక్ట్ మరియు ఇతర <ph name=""BEGIN_LINK_OSS"" />ఓపెన్ సోర్స్ సాఫ్ట్‌వేర్<ph name=""END_LINK_OSS"" />లపై ఎంతగానో ఆధారపడుతుంది.</translation>"
other/multi-language-translate.patch	git:ccca743b96f33f5b55c33cd463335a85118d18e4:other/multi-language-translate.patch#keep:reviewed_legacy_addition	components/strings/components_chromium_strings_th.xtb	components_chromium_strings	th	7690933224612299375	"<translation id=""7690933224612299375"">Thorium เกิดขึ้นได้ด้วยการสนับสนุนจากโครงการโอเพนซอร์ส <ph name=""BEGIN_LINK_CHROMIUM"" />Chromium<ph name=""END_LINK_CHROMIUM"" /> และ<ph name=""BEGIN_LINK_OSS"" />ซอฟต์แวร์โอเพนซอร์ส<ph name=""END_LINK_OSS"" />อื่นๆ</translation>"
other/multi-language-translate.patch	git:ccca743b96f33f5b55c33cd463335a85118d18e4:other/multi-language-translate.patch#keep:reviewed_legacy_addition	components/strings/components_chromium_strings_tr.xtb	components_chromium_strings	tr	7690933224612299375	"<translation id=""7690933224612299375"">Thorium, <ph name=""BEGIN_LINK_CHROMIUM"" />Chromium<ph name=""END_LINK_CHROMIUM"" /> açık kaynak projesi ve diğer <ph name=""BEGIN_LINK_OSS"" />açık kaynak yazılımlar<ph name=""END_LINK_OSS"" /> ile hazırlanmıştır.</translation>"
other/multi-language-translate.patch	git:ccca743b96f33f5b55c33cd463335a85118d18e4:other/multi-language-translate.patch#keep:reviewed_legacy_addition	components/strings/components_chromium_strings_uk.xtb	components_chromium_strings	uk	7690933224612299375	"<translation id=""7690933224612299375"">Thorium став можливим завдяки проекту з відкритим кодом <ph name=""BEGIN_LINK_CHROMIUM"" />Chromium<ph name=""END_LINK_CHROMIUM"" /> та іншому <ph name=""BEGIN_LINK_OSS"" />програмному забезпеченню з відкритим кодом<ph name=""END_LINK_OSS"" />.</translation>"
other/multi-language-translate.patch	git:ccca743b96f33f5b55c33cd463335a85118d18e4:other/multi-language-translate.patch#keep:reviewed_legacy_addition	components/strings/components_chromium_strings_ur.xtb	components_chromium_strings	ur	7690933224612299375	"<translation id=""7690933224612299375"">‏Thorium کو ‎<ph name=""BEGIN_LINK_CHROMIUM"" />Chromium<ph name=""END_LINK_CHROMIUM"" />‎ اوپن سورس پروجیکٹ اور دیگر <ph name=""BEGIN_LINK_OSS"" />اوپن سورس سافٹ ویئر<ph name=""END_LINK_OSS"" /> کے ذریعے ممکن بنایا گیا ہے۔</translation>"
other/multi-language-translate.patch	git:ccca743b96f33f5b55c33cd463335a85118d18e4:other/multi-language-translate.patch#keep:reviewed_legacy_addition	components/strings/components_chromium_strings_uz.xtb	components_chromium_strings	uz	7690933224612299375	"<translation id=""7690933224612299375"">Thorium yaratilishida <ph name=""BEGIN_LINK_CHROMIUM"" />Chromium<ph name=""END_LINK_CHROMIUM"" /> ochiq kodli loyiha va boshqa <ph name=""BEGIN_LINK_OSS"" />ochiq kodli dasturiy ta’minotning<ph name=""END_LINK_OSS"" /> katta o‘rni bor.</translation>"
other/multi-language-translate.patch	git:ccca743b96f33f5b55c33cd463335a85118d18e4:other/multi-language-translate.patch#keep:reviewed_legacy_addition	components/strings/components_chromium_strings_vi.xtb	components_chromium_strings	vi	7690933224612299375	"<translation id=""7690933224612299375"">Thorium trở nên khả thi là nhờ dự án nguồn mở <ph name=""BEGIN_LINK_CHROMIUM"" />Chromium<ph name=""END_LINK_CHROMIUM"" /> và các <ph name=""BEGIN_LINK_OSS"" />phần mềm nguồn mở<ph name=""END_LINK_OSS"" /> khác.</translation>"
other/multi-language-translate.patch	git:ccca743b96f33f5b55c33cd463335a85118d18e4:other/multi-language-translate.patch#keep:reviewed_legacy_addition	components/strings/components_chromium_strings_zh-CN.xtb	components_chromium_strings	zh-CN	7690933224612299375	"<translation id=""7690933224612299375"">Thorium 的诞生离不开 <ph name=""BEGIN_LINK_CHROMIUM"" />Chromium<ph name=""END_LINK_CHROMIUM"" /> 开放源代码项目以及其他<ph name=""BEGIN_LINK_OSS"" />开放源代码软件<ph name=""END_LINK_OSS"" />。</translation>"
other/multi-language-translate.patch	git:ccca743b96f33f5b55c33cd463335a85118d18e4:other/multi-language-translate.patch#keep:reviewed_legacy_addition	components/strings/components_chromium_strings_zh-HK.xtb	components_chromium_strings	zh-HK	7690933224612299375	"<translation id=""7690933224612299375"">Thorium 的開發有賴 <ph name=""BEGIN_LINK_CHROMIUM"" />Chromium<ph name=""END_LINK_CHROMIUM"" /> 開放原始碼計劃和其他<ph name=""BEGIN_LINK_OSS"" />開放原始碼軟件<ph name=""END_LINK_OSS"" />。</translation>"
other/multi-language-translate.patch	git:ccca743b96f33f5b55c33cd463335a85118d18e4:other/multi-language-translate.patch#keep:reviewed_legacy_addition	components/strings/components_chromium_strings_zh-TW.xtb	components_chromium_strings	zh-TW	7690933224612299375	"<translation id=""7690933224612299375"">Thorium 的開發有賴 <ph name=""BEGIN_LINK_CHROMIUM"" />Chromium<ph name=""END_LINK_CHROMIUM"" /> 開放原始碼計劃和其他<ph name=""BEGIN_LINK_OSS"" />開發原始碼軟體<ph name=""END_LINK_OSS"" />。</translation>"
other/multi-language-translate.patch	git:ccca743b96f33f5b55c33cd463335a85118d18e4:other/multi-language-translate.patch#keep:reviewed_legacy_addition	components/strings/components_chromium_strings_zu.xtb	components_chromium_strings	zu	7690933224612299375	"<translation id=""7690933224612299375"">I-Thorium yenziwa ukuthi ibe khona yi-<ph name=""BEGIN_LINK_CHROMIUM"" />Chromium<ph name=""END_LINK_CHROMIUM"" /> iphrojekthi yomthombo ovulekile kanye nenye <ph name=""BEGIN_LINK_OSS"" />isofthiwe yomthombo ovulekile<ph name=""END_LINK_OSS"" />.</translation>"
other/open_in_same_tab.patch	derived-reviewed:other/open_in_same_tab.patch:lowercase-81-locale-variant	chrome/app/resources/generated_resources_af.xtb	generated_resources	af	4112568233565426272	"<translation id=""4112568233565426272"">Maak skakel in huidige oortjie oop</translation>"
other/open_in_same_tab.patch	derived-reviewed:other/open_in_same_tab.patch:lowercase-81-locale-variant	chrome/app/resources/generated_resources_am.xtb	generated_resources	am	4112568233565426272	"<translation id=""4112568233565426272"">አገናኙን በ&amp;አሁኑ ትር ክፈት</translation>"
other/open_in_same_tab.patch	git:ccca743b96f33f5b55c33cd463335a85118d18e4:other/multi-language-translate.patch#keep:other/open_in_same_tab.patch	chrome/app/resources/generated_resources_ar.xtb	generated_resources	ar	4112568233565426272	"<translation id=""4112568233565426272"">فتح الرابط في &amp;علامة التبويب الحالية</translation>"
other/open_in_same_tab.patch	derived-reviewed:other/open_in_same_tab.patch:lowercase-81-locale-variant	chrome/app/resources/generated_resources_as.xtb	generated_resources	as	4112568233565426272	"<translation id=""4112568233565426272"">লিংক বৰ্তমান &amp;টেবত খোলক</translation>"
other/open_in_same_tab.patch	derived-reviewed:other/open_in_same_tab.patch:lowercase-81-locale-variant	chrome/app/resources/generated_resources_az.xtb	generated_resources	az	4112568233565426272	"<translation id=""4112568233565426272"">Linki cari paneldə açın</translation>"
other/open_in_same_tab.patch	derived-reviewed:other/open_in_same_tab.patch:lowercase-81-locale-variant	chrome/app/resources/generated_resources_be.xtb	generated_resources	be	4112568233565426272	"<translation id=""4112568233565426272"">Адкрыць спасылку ў &amp;бягучай укладцы</translation>"
other/open_in_same_tab.patch	derived-reviewed:other/open_in_same_tab.patch:lowercase-81-locale-variant	chrome/app/resources/generated_resources_bg.xtb	generated_resources	bg	4112568233565426272	"<translation id=""4112568233565426272"">О&amp;тваряне на връзката в текущия раздел</translation>"
other/open_in_same_tab.patch	derived-reviewed:other/open_in_same_tab.patch:lowercase-81-locale-variant	chrome/app/resources/generated_resources_bn.xtb	generated_resources	bn	4112568233565426272	"<translation id=""4112568233565426272"">বর্তমান ট্যাবে লিঙ্ক খুলুন</translation>"
other/open_in_same_tab.patch	derived-reviewed:other/open_in_same_tab.patch:lowercase-81-locale-variant	chrome/app/resources/generated_resources_bs.xtb	generated_resources	bs	4112568233565426272	"<translation id=""4112568233565426272"">Otvori link u teku&amp;ćoj kartici</translation>"
other/open_in_same_tab.patch	derived-reviewed:other/open_in_same_tab.patch:lowercase-81-locale-variant	chrome/app/resources/generated_resources_ca.xtb	generated_resources	ca	4112568233565426272	"<translation id=""4112568233565426272"">Obre l'enlla&amp;ç en la pestanya actual</translation>"
other/open_in_same_tab.patch	git:ccca743b96f33f5b55c33cd463335a85118d18e4:other/multi-language-translate.patch#keep:other/open_in_same_tab.patch	chrome/app/resources/generated_resources_cs.xtb	generated_resources	cs	4112568233565426272	"<translation id=""4112568233565426272"">Otevří&amp;t odkaz v aktuální kartě</translation>"
other/open_in_same_tab.patch	derived-reviewed:other/open_in_same_tab.patch:lowercase-81-locale-variant	chrome/app/resources/generated_resources_cy.xtb	generated_resources	cy	4112568233565426272	"<translation id=""4112568233565426272"">Agor dolen mewn y tab &amp;cyfredol</translation>"
other/open_in_same_tab.patch	derived-reviewed:other/open_in_same_tab.patch:lowercase-81-locale-variant	chrome/app/resources/generated_resources_da.xtb	generated_resources	da	4112568233565426272	"<translation id=""4112568233565426272"">Åbn link i aktuel &amp;fane</translation>"
other/open_in_same_tab.patch	git:ccca743b96f33f5b55c33cd463335a85118d18e4:other/multi-language-translate.patch#keep:other/open_in_same_tab.patch	chrome/app/resources/generated_resources_de.xtb	generated_resources	de	4112568233565426272	"<translation id=""4112568233565426272"">Link in aktuellem Tab öffnen</translation>"
other/open_in_same_tab.patch	derived-reviewed:other/open_in_same_tab.patch:lowercase-81-locale-variant	chrome/app/resources/generated_resources_el.xtb	generated_resources	el	4112568233565426272	"<translation id=""4112568233565426272"">Άνοιγμα συνδέσμου στην τρέχουσα καρτέ&amp;λα</translation>"
other/open_in_same_tab.patch	derived-reviewed:other/open_in_same_tab.patch:lowercase-81-locale-variant	chrome/app/resources/generated_resources_en-GB.xtb	generated_resources	en-GB	4112568233565426272	"<translation id=""4112568233565426272"">Open Link in &amp;Current Tab</translation>"
other/open_in_same_tab.patch	git:ccca743b96f33f5b55c33cd463335a85118d18e4:other/multi-language-translate.patch#keep:other/open_in_same_tab.patch	chrome/app/resources/generated_resources_es.xtb	generated_resources	es	4112568233565426272	"<translation id=""4112568233565426272"">Abrir enlace en una &amp;pestaña actual</translation>"
other/open_in_same_tab.patch	derived-reviewed:other/open_in_same_tab.patch:lowercase-81-locale-variant	chrome/app/resources/generated_resources_es-419.xtb	generated_resources	es-419	4112568233565426272	"<translation id=""4112568233565426272"">Abrir vínculo en la pes&amp;taña actual</translation>"
other/open_in_same_tab.patch	git:ccca743b96f33f5b55c33cd463335a85118d18e4:other/multi-language-translate.patch#keep:other/open_in_same_tab.patch	chrome/app/resources/generated_resources_et.xtb	generated_resources	et	4112568233565426272	"<translation id=""4112568233565426272"">Ava &amp;link praegusel vahelehel</translation>"
other/open_in_same_tab.patch	derived-reviewed:other/open_in_same_tab.patch:lowercase-81-locale-variant	chrome/app/resources/generated_resources_eu.xtb	generated_resources	eu	4112568233565426272	"<translation id=""4112568233565426272"">Ireki esteka uneko &amp;fitxan</translation>"
other/open_in_same_tab.patch	git:ccca743b96f33f5b55c33cd463335a85118d18e4:other/multi-language-translate.patch#keep:other/open_in_same_tab.patch	chrome/app/resources/generated_resources_fa.xtb	generated_resources	fa	4112568233565426272	"<translation id=""4112568233565426272"">باز کردن پیوند در &amp;برگه فعلی</translation>"
other/open_in_same_tab.patch	derived-reviewed:other/open_in_same_tab.patch:lowercase-81-locale-variant	chrome/app/resources/generated_resources_fi.xtb	generated_resources	fi	4112568233565426272	"<translation id=""4112568233565426272"">Avaa linkki nykyisessä &amp;välilehdessä</translation>"
other/open_in_same_tab.patch	derived-reviewed:other/open_in_same_tab.patch:lowercase-81-locale-variant	chrome/app/resources/generated_resources_fil.xtb	generated_resources	fil	4112568233565426272	"<translation id=""4112568233565426272"">Buksan ang link sa kasalukuyang &amp;tab</translation>"
other/open_in_same_tab.patch	derived-reviewed:other/open_in_same_tab.patch:lowercase-81-locale-variant	chrome/app/resources/generated_resources_fr.xtb	generated_resources	fr	4112568233565426272	"<translation id=""4112568233565426272"">Ouvrir le lien dans l'ongle&amp;t actuel</translation>"
other/open_in_same_tab.patch	derived-reviewed:other/open_in_same_tab.patch:lowercase-81-locale-variant	chrome/app/resources/generated_resources_fr-CA.xtb	generated_resources	fr-CA	4112568233565426272	"<translation id=""4112568233565426272"">Ouvrir le lien dans l'ongle&amp;t actuel</translation>"
other/open_in_same_tab.patch	derived-reviewed:other/open_in_same_tab.patch:lowercase-81-locale-variant	chrome/app/resources/generated_resources_gl.xtb	generated_resources	gl	4112568233565426272	"<translation id=""4112568233565426272"">Abrir ligazón na pes&amp;tana actual</translation>"
other/open_in_same_tab.patch	derived-reviewed:other/open_in_same_tab.patch:lowercase-81-locale-variant	chrome/app/resources/generated_resources_gu.xtb	generated_resources	gu	4112568233565426272	"<translation id=""4112568233565426272"">લિંક &amp;વર્તમાન ટૅબમાં ખોલો</translation>"
other/open_in_same_tab.patch	derived-reviewed:other/open_in_same_tab.patch:lowercase-81-locale-variant	chrome/app/resources/generated_resources_hi.xtb	generated_resources	hi	4112568233565426272	"<translation id=""4112568233565426272"">लिंक को मौजूदा &amp;टैब में खोलें</translation>"
other/open_in_same_tab.patch	derived-reviewed:other/open_in_same_tab.patch:lowercase-81-locale-variant	chrome/app/resources/generated_resources_hr.xtb	generated_resources	hr	4112568233565426272	"<translation id=""4112568233565426272"">Otvori vezu u trenutnoj &amp;kartici</translation>"
other/open_in_same_tab.patch	derived-reviewed:other/open_in_same_tab.patch:lowercase-81-locale-variant	chrome/app/resources/generated_resources_hu.xtb	generated_resources	hu	4112568233565426272	"<translation id=""4112568233565426272"">Link megnyitása jelenlegi &amp;lapon</translation>"
other/open_in_same_tab.patch	derived-reviewed:other/open_in_same_tab.patch:lowercase-81-locale-variant	chrome/app/resources/generated_resources_hy.xtb	generated_resources	hy	4112568233565426272	"<translation id=""4112568233565426272"">Բացել հղումը ընթա&amp;ցիկ ներդիրով</translation>"
other/open_in_same_tab.patch	git:ccca743b96f33f5b55c33cd463335a85118d18e4:other/multi-language-translate.patch#keep:other/open_in_same_tab.patch	chrome/app/resources/generated_resources_id.xtb	generated_resources	id	4112568233565426272	"<translation id=""4112568233565426272"">Buka Tautan di &amp;Tab Saat Ini</translation>"
other/open_in_same_tab.patch	derived-reviewed:other/open_in_same_tab.patch:lowercase-81-locale-variant	chrome/app/resources/generated_resources_is.xtb	generated_resources	is	4112568233565426272	"<translation id=""4112568233565426272"">Opna &amp;tengil í núverandi flipa</translation>"
other/open_in_same_tab.patch	derived-reviewed:other/open_in_same_tab.patch:lowercase-81-locale-variant	chrome/app/resources/generated_resources_it.xtb	generated_resources	it	4112568233565426272	"<translation id=""4112568233565426272"">Apri link nella &amp;scheda corrente</translation>"
other/open_in_same_tab.patch	derived-reviewed:other/open_in_same_tab.patch:lowercase-81-locale-variant	chrome/app/resources/generated_resources_iw.xtb	generated_resources	iw	4112568233565426272	"<translation id=""4112568233565426272"">פתיחת קישור &amp;בכרטיסייה הנוכחית</translation>"
other/open_in_same_tab.patch	git:ccca743b96f33f5b55c33cd463335a85118d18e4:other/multi-language-translate.patch#keep:other/open_in_same_tab.patch	chrome/app/resources/generated_resources_ja.xtb	generated_resources	ja	4112568233565426272	"<translation id=""4112568233565426272"">現在のタブで開く(&amp;C)</translation>"
other/open_in_same_tab.patch	derived-reviewed:other/open_in_same_tab.patch:lowercase-81-locale-variant	chrome/app/resources/generated_resources_ka.xtb	generated_resources	ka	4112568233565426272	"<translation id=""4112568233565426272"">ბმულის გახსნა მიმდინარე &amp;ჩანართში</translation>"
other/open_in_same_tab.patch	derived-reviewed:other/open_in_same_tab.patch:lowercase-81-locale-variant	chrome/app/resources/generated_resources_kk.xtb	generated_resources	kk	4112568233565426272	"<translation id=""4112568233565426272"">Сілтемені ағымдағы &amp;қойындыда ашу</translation>"
other/open_in_same_tab.patch	derived-reviewed:other/open_in_same_tab.patch:lowercase-81-locale-variant	chrome/app/resources/generated_resources_km.xtb	generated_resources	km	4112568233565426272	"<translation id=""4112568233565426272"">បើកតំណនៅក្នុងផ្ទាំងបច្ចុប្បន្ន</translation>"
other/open_in_same_tab.patch	derived-reviewed:other/open_in_same_tab.patch:lowercase-81-locale-variant	chrome/app/resources/generated_resources_kn.xtb	generated_resources	kn	4112568233565426272	"<translation id=""4112568233565426272"">ಪ್ರಸ್ತುತ &amp;ಟ್ಯಾಬ್‌ನಲ್ಲಿ ಲಿಂಕ್ ತೆರೆಯಿರಿ</translation>"
other/open_in_same_tab.patch	git:ccca743b96f33f5b55c33cd463335a85118d18e4:other/multi-language-translate.patch#keep:other/open_in_same_tab.patch	chrome/app/resources/generated_resources_ko.xtb	generated_resources	ko	4112568233565426272	"<translation id=""4112568233565426272"">현재 탭에서 링크 열기(&amp;C)</translation>"
other/open_in_same_tab.patch	derived-reviewed:other/open_in_same_tab.patch:lowercase-81-locale-variant	chrome/app/resources/generated_resources_ky.xtb	generated_resources	ky	4112568233565426272	"<translation id=""4112568233565426272"">Шилтемени учурдагы &amp;өтмөктө ачуу</translation>"
other/open_in_same_tab.patch	derived-reviewed:other/open_in_same_tab.patch:lowercase-81-locale-variant	chrome/app/resources/generated_resources_lo.xtb	generated_resources	lo	4112568233565426272	"<translation id=""4112568233565426272"">ເປີດລິ້ງຢູ່ໃນແຖບປັດຈຸບັນ</translation>"
other/open_in_same_tab.patch	derived-reviewed:other/open_in_same_tab.patch:lowercase-81-locale-variant	chrome/app/resources/generated_resources_lt.xtb	generated_resources	lt	4112568233565426272	"<translation id=""4112568233565426272"">Atidaryti nuorodą dabartiniame &amp;skirtuke</translation>"
other/open_in_same_tab.patch	git:ccca743b96f33f5b55c33cd463335a85118d18e4:other/multi-language-translate.patch#keep:other/open_in_same_tab.patch	chrome/app/resources/generated_resources_lv.xtb	generated_resources	lv	4112568233565426272	"<translation id=""4112568233565426272"">Atvēr&amp;t saiti pašreizējā cilnē</translation>"
other/open_in_same_tab.patch	derived-reviewed:other/open_in_same_tab.patch:lowercase-81-locale-variant	chrome/app/resources/generated_resources_mk.xtb	generated_resources	mk	4112568233565426272	"<translation id=""4112568233565426272"">Отвори ја врската во тековната &amp;картичка</translation>"
other/open_in_same_tab.patch	derived-reviewed:other/open_in_same_tab.patch:lowercase-81-locale-variant	chrome/app/resources/generated_resources_ml.xtb	generated_resources	ml	4112568233565426272	"<translation id=""4112568233565426272"">നിലവിലെ &amp;ടാബിൽ ലിങ്ക് തുറക്കുക</translation>"
other/open_in_same_tab.patch	derived-reviewed:other/open_in_same_tab.patch:lowercase-81-locale-variant	chrome/app/resources/generated_resources_mn.xtb	generated_resources	mn	4112568233565426272	"<translation id=""4112568233565426272"">Одоогийн цонхонд холбоосыг нээ</translation>"
other/open_in_same_tab.patch	derived-reviewed:other/open_in_same_tab.patch:lowercase-81-locale-variant	chrome/app/resources/generated_resources_mr.xtb	generated_resources	mr	4112568233565426272	"<translation id=""4112568233565426272"">सध्याच्या &amp;टॅबमध्ये लिंक उघडा</translation>"
other/open_in_same_tab.patch	derived-reviewed:other/open_in_same_tab.patch:lowercase-81-locale-variant	chrome/app/resources/generated_resources_ms.xtb	generated_resources	ms	4112568233565426272	"<translation id=""4112568233565426272"">Buka pautan dalam &amp;tab semasa</translation>"
other/open_in_same_tab.patch	derived-reviewed:other/open_in_same_tab.patch:lowercase-81-locale-variant	chrome/app/resources/generated_resources_my.xtb	generated_resources	my	4112568233565426272	"<translation id=""4112568233565426272"">လင့်ကို ရှိပြီးသား &amp;တဘ်ထဲမှာ ဖွင့်ရန်</translation>"
other/open_in_same_tab.patch	derived-reviewed:other/open_in_same_tab.patch:lowercase-81-locale-variant	chrome/app/resources/generated_resources_ne.xtb	generated_resources	ne	4112568233565426272	"<translation id=""4112568233565426272"">लिङलाई &amp;हालको ट्याबमा खिल्नुहोस्</translation>"
other/open_in_same_tab.patch	derived-reviewed:other/open_in_same_tab.patch:lowercase-81-locale-variant	chrome/app/resources/generated_resources_nl.xtb	generated_resources	nl	4112568233565426272	"<translation id=""4112568233565426272"">Link openen in huidig &amp;tabblad</translation>"
other/open_in_same_tab.patch	derived-reviewed:other/open_in_same_tab.patch:lowercase-81-locale-variant	chrome/app/resources/generated_resources_no.xtb	generated_resources	no	4112568233565426272	"<translation id=""4112568233565426272"">Åpne linken i gjeldende &amp;fane</translation>"
other/open_in_same_tab.patch	derived-reviewed:other/open_in_same_tab.patch:lowercase-81-locale-variant	chrome/app/resources/generated_resources_or.xtb	generated_resources	or	4112568233565426272	"<translation id=""4112568233565426272"">ପ୍ରଚଳିତ ଟ୍ୟାବ&amp;ରେ ଲିଙ୍କ ଖୋଲନ୍ତୁ</translation>"
other/open_in_same_tab.patch	derived-reviewed:other/open_in_same_tab.patch:lowercase-81-locale-variant	chrome/app/resources/generated_resources_pa.xtb	generated_resources	pa	4112568233565426272	"<translation id=""4112568233565426272"">ਮੌਜੂਦਾ &amp;ਟੈਬ ਵਿੱਚ ਲਿੰਕ ਖੋਲ੍ਹੋ</translation>"
other/open_in_same_tab.patch	derived-reviewed:other/open_in_same_tab.patch:lowercase-81-locale-variant	chrome/app/resources/generated_resources_pl.xtb	generated_resources	pl	4112568233565426272	"<translation id=""4112568233565426272"">Otwórz link w bieżącej &amp;karcie</translation>"
other/open_in_same_tab.patch	derived-reviewed:other/open_in_same_tab.patch:lowercase-81-locale-variant	chrome/app/resources/generated_resources_pt-BR.xtb	generated_resources	pt-BR	4112568233565426272	"<translation id=""4112568233565426272"">Abrir link na &amp;guia atual</translation>"
other/open_in_same_tab.patch	derived-reviewed:other/open_in_same_tab.patch:lowercase-81-locale-variant	chrome/app/resources/generated_resources_pt-PT.xtb	generated_resources	pt-PT	4112568233565426272	"<translation id=""4112568233565426272"">Abrir link no &amp;separador atual</translation>"
other/open_in_same_tab.patch	derived-reviewed:other/open_in_same_tab.patch:lowercase-81-locale-variant	chrome/app/resources/generated_resources_ro.xtb	generated_resources	ro	4112568233565426272	"<translation id=""4112568233565426272"">Deschide linkul în fila &amp;curentă</translation>"
other/open_in_same_tab.patch	git:ccca743b96f33f5b55c33cd463335a85118d18e4:other/multi-language-translate.patch#keep:other/open_in_same_tab.patch	chrome/app/resources/generated_resources_ru.xtb	generated_resources	ru	4112568233565426272	"<translation id=""4112568233565426272"">Открыть ссылку в текущей вкладке</translation>"
other/open_in_same_tab.patch	derived-reviewed:other/open_in_same_tab.patch:lowercase-81-locale-variant	chrome/app/resources/generated_resources_si.xtb	generated_resources	si	4112568233565426272	"<translation id=""4112568233565426272"">සබැඳිය වත&amp;මාන ටැබයේ විවෘත කරන්න</translation>"
other/open_in_same_tab.patch	derived-reviewed:other/open_in_same_tab.patch:lowercase-81-locale-variant	chrome/app/resources/generated_resources_sk.xtb	generated_resources	sk	4112568233565426272	"<translation id=""4112568233565426272"">Otvoriť odkaz na aktuálnej &amp;karte</translation>"
other/open_in_same_tab.patch	derived-reviewed:other/open_in_same_tab.patch:lowercase-81-locale-variant	chrome/app/resources/generated_resources_sl.xtb	generated_resources	sl	4112568233565426272	"<translation id=""4112568233565426272"">Odpri povezavo v trenutnem &amp;zavihku</translation>"
other/open_in_same_tab.patch	derived-reviewed:other/open_in_same_tab.patch:lowercase-81-locale-variant	chrome/app/resources/generated_resources_sq.xtb	generated_resources	sq	4112568233565426272	"<translation id=""4112568233565426272"">Hape lidhjen në skedën aktuale</translation>"
other/open_in_same_tab.patch	derived-reviewed:other/open_in_same_tab.patch:lowercase-81-locale-variant	chrome/app/resources/generated_resources_sr.xtb	generated_resources	sr	4112568233565426272	"<translation id=""4112568233565426272"">Отвори линк на тренутној &amp;картици</translation>"
other/open_in_same_tab.patch	derived-reviewed:other/open_in_same_tab.patch:lowercase-81-locale-variant	chrome/app/resources/generated_resources_sr-Latn.xtb	generated_resources	sr-Latn	4112568233565426272	"<translation id=""4112568233565426272"">Otvori link na trenutnoj &amp;kartici</translation>"
other/open_in_same_tab.patch	derived-reviewed:other/open_in_same_tab.patch:lowercase-81-locale-variant	chrome/app/resources/generated_resources_sv.xtb	generated_resources	sv	4112568233565426272	"<translation id=""4112568233565426272"">Öppna länk i aktuell &amp;flik</translation>"
other/open_in_same_tab.patch	derived-reviewed:other/open_in_same_tab.patch:lowercase-81-locale-variant	chrome/app/resources/generated_resources_sw.xtb	generated_resources	sw	4112568233565426272	"<translation id=""4112568233565426272"">Fungua kiungo katika &amp;kichupo cha sasa</translation>"
other/open_in_same_tab.patch	derived-reviewed:other/open_in_same_tab.patch:lowercase-81-locale-variant	chrome/app/resources/generated_resources_ta.xtb	generated_resources	ta	4112568233565426272	"<translation id=""4112568233565426272"">இணைப்பை தற்போ&amp;தைய தாவலில் திற</translation>"
other/open_in_same_tab.patch	derived-reviewed:other/open_in_same_tab.patch:lowercase-81-locale-variant	chrome/app/resources/generated_resources_te.xtb	generated_resources	te	4112568233565426272	"<translation id=""4112568233565426272"">ప్రస్తుత &amp;ట్యాబ్‌లో లింక్‌ను తెరువు</translation>"
other/open_in_same_tab.patch	derived-reviewed:other/open_in_same_tab.patch:lowercase-81-locale-variant	chrome/app/resources/generated_resources_th.xtb	generated_resources	th	4112568233565426272	"<translation id=""4112568233565426272"">เปิดลิงก์ในแ&amp;ท็บปัจจุบัน</translation>"
other/open_in_same_tab.patch	derived-reviewed:other/open_in_same_tab.patch:lowercase-81-locale-variant	chrome/app/resources/generated_resources_tr.xtb	generated_resources	tr	4112568233565426272	"<translation id=""4112568233565426272"">Bağlan&amp;tıyı mevcut sekmede aç</translation>"
other/open_in_same_tab.patch	derived-reviewed:other/open_in_same_tab.patch:lowercase-81-locale-variant	chrome/app/resources/generated_resources_uk.xtb	generated_resources	uk	4112568233565426272	"<translation id=""4112568233565426272"">Відкрити посилання в &amp;поточній вкладці</translation>"
other/open_in_same_tab.patch	derived-reviewed:other/open_in_same_tab.patch:lowercase-81-locale-variant	chrome/app/resources/generated_resources_ur.xtb	generated_resources	ur	4112568233565426272	"<translation id=""4112568233565426272"">لنک کو موجودہ &amp;ٹیب میں کھولیں</translation>"
other/open_in_same_tab.patch	derived-reviewed:other/open_in_same_tab.patch:lowercase-81-locale-variant	chrome/app/resources/generated_resources_uz.xtb	generated_resources	uz	4112568233565426272	"<translation id=""4112568233565426272"">&amp;Havolani joriy ichki oynada ochish</translation>"
other/open_in_same_tab.patch	git:ccca743b96f33f5b55c33cd463335a85118d18e4:other/multi-language-translate.patch#keep:other/open_in_same_tab.patch	chrome/app/resources/generated_resources_vi.xtb	generated_resources	vi	4112568233565426272	"<translation id=""4112568233565426272"">Mở đường liên kết trong &amp;thẻ hiện tại</translation>"
other/open_in_same_tab.patch	git:ccca743b96f33f5b55c33cd463335a85118d18e4:other/multi-language-translate.patch#keep:other/open_in_same_tab.patch	chrome/app/resources/generated_resources_zh-CN.xtb	generated_resources	zh-CN	4112568233565426272	"<translation id=""4112568233565426272"">在当前标签页中打开链接(&amp;C)</translation>"
other/open_in_same_tab.patch	git:ccca743b96f33f5b55c33cd463335a85118d18e4:other/multi-language-translate.patch#keep:other/open_in_same_tab.patch	chrome/app/resources/generated_resources_zh-HK.xtb	generated_resources	zh-HK	4112568233565426272	"<translation id=""4112568233565426272"">在目前分頁中開啟連結(&amp;C)</translation>"
other/open_in_same_tab.patch	git:ccca743b96f33f5b55c33cd463335a85118d18e4:other/multi-language-translate.patch#keep:other/open_in_same_tab.patch	chrome/app/resources/generated_resources_zh-TW.xtb	generated_resources	zh-TW	4112568233565426272	"<translation id=""4112568233565426272"">在目前分頁中開啟連結(&amp;C)</translation>"
other/open_in_same_tab.patch	derived-reviewed:other/open_in_same_tab.patch:lowercase-81-locale-variant	chrome/app/resources/generated_resources_zu.xtb	generated_resources	zu	4112568233565426272	"<translation id=""4112568233565426272"">Vula isixhumanisi kuthebhu yangoku</translation>"
other/open_in_same_tab.patch	git:ccca743b96f33f5b55c33cd463335a85118d18e4:other/multi-language-translate.patch#keep:other/open_in_same_tab.patch	chrome/app/resources/generated_resources_af.xtb	generated_resources	af	8401732857558278804	"<translation id=""8401732857558278804"">Maak skakel in huidige oortjie oop</translation>"
other/open_in_same_tab.patch	git:ccca743b96f33f5b55c33cd463335a85118d18e4:other/multi-language-translate.patch#keep:other/open_in_same_tab.patch	chrome/app/resources/generated_resources_am.xtb	generated_resources	am	8401732857558278804	"<translation id=""8401732857558278804"">አገናኙን በ&amp;አሁኑ ትር ክፈት</translation>"
other/open_in_same_tab.patch	git:ccca743b96f33f5b55c33cd463335a85118d18e4:other/multi-language-translate.patch#keep:other/open_in_same_tab.patch	chrome/app/resources/generated_resources_ar.xtb	generated_resources	ar	8401732857558278804	"<translation id=""8401732857558278804"">فتح الرابط في &amp;علامة التبويب الحالية</translation>"
other/open_in_same_tab.patch	git:ccca743b96f33f5b55c33cd463335a85118d18e4:other/multi-language-translate.patch#keep:other/open_in_same_tab.patch	chrome/app/resources/generated_resources_as.xtb	generated_resources	as	8401732857558278804	"<translation id=""8401732857558278804"">লিংক বৰ্তমান &amp;টেবত খোলক</translation>"
other/open_in_same_tab.patch	git:ccca743b96f33f5b55c33cd463335a85118d18e4:other/multi-language-translate.patch#keep:other/open_in_same_tab.patch	chrome/app/resources/generated_resources_az.xtb	generated_resources	az	8401732857558278804	"<translation id=""8401732857558278804"">Linki cari paneldə açın</translation>"
other/open_in_same_tab.patch	git:ccca743b96f33f5b55c33cd463335a85118d18e4:other/multi-language-translate.patch#keep:other/open_in_same_tab.patch	chrome/app/resources/generated_resources_be.xtb	generated_resources	be	8401732857558278804	"<translation id=""8401732857558278804"">Адкрыць спасылку ў &amp;бягучай укладцы</translation>"
other/open_in_same_tab.patch	git:ccca743b96f33f5b55c33cd463335a85118d18e4:other/multi-language-translate.patch#keep:other/open_in_same_tab.patch	chrome/app/resources/generated_resources_bg.xtb	generated_resources	bg	8401732857558278804	"<translation id=""8401732857558278804"">О&amp;тваряне на връзката в текущия раздел</translation>"
other/open_in_same_tab.patch	git:ccca743b96f33f5b55c33cd463335a85118d18e4:other/multi-language-translate.patch#keep:other/open_in_same_tab.patch	chrome/app/resources/generated_resources_bn.xtb	generated_resources	bn	8401732857558278804	"<translation id=""8401732857558278804"">বর্তমান ট্যাবে লিঙ্ক খুলুন</translation>"
other/open_in_same_tab.patch	git:ccca743b96f33f5b55c33cd463335a85118d18e4:other/multi-language-translate.patch#keep:other/open_in_same_tab.patch	chrome/app/resources/generated_resources_bs.xtb	generated_resources	bs	8401732857558278804	"<translation id=""8401732857558278804"">Otvori link u teku&amp;ćoj kartici</translation>"
other/open_in_same_tab.patch	git:ccca743b96f33f5b55c33cd463335a85118d18e4:other/multi-language-translate.patch#keep:other/open_in_same_tab.patch	chrome/app/resources/generated_resources_ca.xtb	generated_resources	ca	8401732857558278804	"<translation id=""8401732857558278804"">Obre l'enlla&amp;ç en la pestanya actual</translation>"
other/open_in_same_tab.patch	git:ccca743b96f33f5b55c33cd463335a85118d18e4:other/multi-language-translate.patch#keep:other/open_in_same_tab.patch	chrome/app/resources/generated_resources_cs.xtb	generated_resources	cs	8401732857558278804	"<translation id=""8401732857558278804"">Otevřít odkaz na aktuální kar&amp;tě</translation>"
other/open_in_same_tab.patch	git:ccca743b96f33f5b55c33cd463335a85118d18e4:other/multi-language-translate.patch#keep:other/open_in_same_tab.patch	chrome/app/resources/generated_resources_cy.xtb	generated_resources	cy	8401732857558278804	"<translation id=""8401732857558278804"">Agor dolen mewn y tab &amp;cyfredol</translation>"
other/open_in_same_tab.patch	git:ccca743b96f33f5b55c33cd463335a85118d18e4:other/multi-language-translate.patch#keep:other/open_in_same_tab.patch	chrome/app/resources/generated_resources_da.xtb	generated_resources	da	8401732857558278804	"<translation id=""8401732857558278804"">Åbn link i aktuel &amp;fane</translation>"
other/open_in_same_tab.patch	git:ccca743b96f33f5b55c33cd463335a85118d18e4:other/multi-language-translate.patch#keep:other/open_in_same_tab.patch	chrome/app/resources/generated_resources_de.xtb	generated_resources	de	8401732857558278804	"<translation id=""8401732857558278804"">Link im aktuellen &amp;Tab öffnen</translation>"
other/open_in_same_tab.patch	git:ccca743b96f33f5b55c33cd463335a85118d18e4:other/multi-language-translate.patch#keep:other/open_in_same_tab.patch	chrome/app/resources/generated_resources_el.xtb	generated_resources	el	8401732857558278804	"<translation id=""8401732857558278804"">Άνοιγμα συνδέσμου στην τρέχουσα καρτέ&amp;λα</translation>"
other/open_in_same_tab.patch	git:ccca743b96f33f5b55c33cd463335a85118d18e4:other/multi-language-translate.patch#keep:other/open_in_same_tab.patch	chrome/app/resources/generated_resources_en-GB.xtb	generated_resources	en-GB	8401732857558278804	"<translation id=""8401732857558278804"">Open link in current &amp;tab</translation>"
other/open_in_same_tab.patch	git:ccca743b96f33f5b55c33cd463335a85118d18e4:other/multi-language-translate.patch#keep:other/open_in_same_tab.patch	chrome/app/resources/generated_resources_es.xtb	generated_resources	es	8401732857558278804	"<translation id=""8401732857558278804"">Abrir enlace en la pes&amp;taña actual</translation>"
other/open_in_same_tab.patch	git:ccca743b96f33f5b55c33cd463335a85118d18e4:other/multi-language-translate.patch#keep:other/open_in_same_tab.patch	chrome/app/resources/generated_resources_es-419.xtb	generated_resources	es-419	8401732857558278804	"<translation id=""8401732857558278804"">Abrir vínculo en la pes&amp;taña actual</translation>"
other/open_in_same_tab.patch	git:ccca743b96f33f5b55c33cd463335a85118d18e4:other/multi-language-translate.patch#keep:other/open_in_same_tab.patch	chrome/app/resources/generated_resources_et.xtb	generated_resources	et	8401732857558278804	"<translation id=""8401732857558278804"">Ava link praegusel &amp;vahelehel</translation>"
other/open_in_same_tab.patch	git:ccca743b96f33f5b55c33cd463335a85118d18e4:other/multi-language-translate.patch#keep:other/open_in_same_tab.patch	chrome/app/resources/generated_resources_eu.xtb	generated_resources	eu	8401732857558278804	"<translation id=""8401732857558278804"">Ireki esteka uneko &amp;fitxan</translation>"
other/open_in_same_tab.patch	git:ccca743b96f33f5b55c33cd463335a85118d18e4:other/multi-language-translate.patch#keep:other/open_in_same_tab.patch	chrome/app/resources/generated_resources_fa.xtb	generated_resources	fa	8401732857558278804	"<translation id=""8401732857558278804"">باز کردن پیوند در &amp;برگه فعلی</translation>"
other/open_in_same_tab.patch	git:ccca743b96f33f5b55c33cd463335a85118d18e4:other/multi-language-translate.patch#keep:other/open_in_same_tab.patch	chrome/app/resources/generated_resources_fi.xtb	generated_resources	fi	8401732857558278804	"<translation id=""8401732857558278804"">Avaa linkki nykyisessä &amp;välilehdessä</translation>"
other/open_in_same_tab.patch	git:ccca743b96f33f5b55c33cd463335a85118d18e4:other/multi-language-translate.patch#keep:other/open_in_same_tab.patch	chrome/app/resources/generated_resources_fil.xtb	generated_resources	fil	8401732857558278804	"<translation id=""8401732857558278804"">Buksan ang link sa kasalukuyang &amp;tab</translation>"
other/open_in_same_tab.patch	git:ccca743b96f33f5b55c33cd463335a85118d18e4:other/multi-language-translate.patch#keep:other/open_in_same_tab.patch	chrome/app/resources/generated_resources_fr.xtb	generated_resources	fr	8401732857558278804	"<translation id=""8401732857558278804"">Ouvrir le lien dans l'ongle&amp;t actuel</translation>"
other/open_in_same_tab.patch	git:ccca743b96f33f5b55c33cd463335a85118d18e4:other/multi-language-translate.patch#keep:other/open_in_same_tab.patch	chrome/app/resources/generated_resources_fr-CA.xtb	generated_resources	fr-CA	8401732857558278804	"<translation id=""8401732857558278804"">Ouvrir le lien dans l'ongle&amp;t actuel</translation>"
other/open_in_same_tab.patch	git:ccca743b96f33f5b55c33cd463335a85118d18e4:other/multi-language-translate.patch#keep:other/open_in_same_tab.patch	chrome/app/resources/generated_resources_gl.xtb	generated_resources	gl	8401732857558278804	"<translation id=""8401732857558278804"">Abrir ligazón na pes&amp;tana actual</translation>"
other/open_in_same_tab.patch	git:ccca743b96f33f5b55c33cd463335a85118d18e4:other/multi-language-translate.patch#keep:other/open_in_same_tab.patch	chrome/app/resources/generated_resources_gu.xtb	generated_resources	gu	8401732857558278804	"<translation id=""8401732857558278804"">લિંક &amp;વર્તમાન ટૅબમાં ખોલો</translation>"
other/open_in_same_tab.patch	git:ccca743b96f33f5b55c33cd463335a85118d18e4:other/multi-language-translate.patch#keep:other/open_in_same_tab.patch	chrome/app/resources/generated_resources_hi.xtb	generated_resources	hi	8401732857558278804	"<translation id=""8401732857558278804"">लिंक को मौजूदा &amp;टैब में खोलें</translation>"
other/open_in_same_tab.patch	git:ccca743b96f33f5b55c33cd463335a85118d18e4:other/multi-language-translate.patch#keep:other/open_in_same_tab.patch	chrome/app/resources/generated_resources_hr.xtb	generated_resources	hr	8401732857558278804	"<translation id=""8401732857558278804"">Otvori vezu u trenutnoj &amp;kartici</translation>"
other/open_in_same_tab.patch	git:ccca743b96f33f5b55c33cd463335a85118d18e4:other/multi-language-translate.patch#keep:other/open_in_same_tab.patch	chrome/app/resources/generated_resources_hu.xtb	generated_resources	hu	8401732857558278804	"<translation id=""8401732857558278804"">Link megnyitása jelenlegi &amp;lapon</translation>"
other/open_in_same_tab.patch	git:ccca743b96f33f5b55c33cd463335a85118d18e4:other/multi-language-translate.patch#keep:other/open_in_same_tab.patch	chrome/app/resources/generated_resources_hy.xtb	generated_resources	hy	8401732857558278804	"<translation id=""8401732857558278804"">Բացել հղումը ընթա&amp;ցիկ ներդիրով</translation>"
other/open_in_same_tab.patch	git:ccca743b96f33f5b55c33cd463335a85118d18e4:other/multi-language-translate.patch#keep:other/open_in_same_tab.patch	chrome/app/resources/generated_resources_id.xtb	generated_resources	id	8401732857558278804	"<translation id=""8401732857558278804"">Buka link di &amp;tab saat ini</translation>"
other/open_in_same_tab.patch	git:ccca743b96f33f5b55c33cd463335a85118d18e4:other/multi-language-translate.patch#keep:other/open_in_same_tab.patch	chrome/app/resources/generated_resources_is.xtb	generated_resources	is	8401732857558278804	"<translation id=""8401732857558278804"">Opna &amp;tengil í núverandi flipa</translation>"
other/open_in_same_tab.patch	git:ccca743b96f33f5b55c33cd463335a85118d18e4:other/multi-language-translate.patch#keep:other/open_in_same_tab.patch	chrome/app/resources/generated_resources_it.xtb	generated_resources	it	8401732857558278804	"<translation id=""8401732857558278804"">Apri link nella &amp;scheda corrente</translation>"
other/open_in_same_tab.patch	git:ccca743b96f33f5b55c33cd463335a85118d18e4:other/multi-language-translate.patch#keep:other/open_in_same_tab.patch	chrome/app/resources/generated_resources_iw.xtb	generated_resources	iw	8401732857558278804	"<translation id=""8401732857558278804"">פתיחת קישור &amp;בכרטיסייה הנוכחית</translation>"
other/open_in_same_tab.patch	git:ccca743b96f33f5b55c33cd463335a85118d18e4:other/multi-language-translate.patch#keep:other/open_in_same_tab.patch	chrome/app/resources/generated_resources_ja.xtb	generated_resources	ja	8401732857558278804	"<translation id=""8401732857558278804"">現在のタブで開く(&amp;C)</translation>"
other/open_in_same_tab.patch	git:ccca743b96f33f5b55c33cd463335a85118d18e4:other/multi-language-translate.patch#keep:other/open_in_same_tab.patch	chrome/app/resources/generated_resources_ka.xtb	generated_resources	ka	8401732857558278804	"<translation id=""8401732857558278804"">ბმულის გახსნა მიმდინარე &amp;ჩანართში</translation>"
other/open_in_same_tab.patch	git:ccca743b96f33f5b55c33cd463335a85118d18e4:other/multi-language-translate.patch#keep:other/open_in_same_tab.patch	chrome/app/resources/generated_resources_kk.xtb	generated_resources	kk	8401732857558278804	"<translation id=""8401732857558278804"">Сілтемені ағымдағы &amp;қойындыда ашу</translation>"
other/open_in_same_tab.patch	git:ccca743b96f33f5b55c33cd463335a85118d18e4:other/multi-language-translate.patch#keep:other/open_in_same_tab.patch	chrome/app/resources/generated_resources_km.xtb	generated_resources	km	8401732857558278804	"<translation id=""8401732857558278804"">បើកតំណនៅក្នុងផ្ទាំងបច្ចុប្បន្ន</translation>"
other/open_in_same_tab.patch	git:ccca743b96f33f5b55c33cd463335a85118d18e4:other/multi-language-translate.patch#keep:other/open_in_same_tab.patch	chrome/app/resources/generated_resources_kn.xtb	generated_resources	kn	8401732857558278804	"<translation id=""8401732857558278804"">ಪ್ರಸ್ತುತ &amp;ಟ್ಯಾಬ್‌ನಲ್ಲಿ ಲಿಂಕ್ ತೆರೆಯಿರಿ</translation>"
other/open_in_same_tab.patch	git:ccca743b96f33f5b55c33cd463335a85118d18e4:other/multi-language-translate.patch#keep:other/open_in_same_tab.patch	chrome/app/resources/generated_resources_ko.xtb	generated_resources	ko	8401732857558278804	"<translation id=""8401732857558278804"">현재 탭에서 링크 열기(&amp;C)</translation>"
other/open_in_same_tab.patch	git:ccca743b96f33f5b55c33cd463335a85118d18e4:other/multi-language-translate.patch#keep:other/open_in_same_tab.patch	chrome/app/resources/generated_resources_ky.xtb	generated_resources	ky	8401732857558278804	"<translation id=""8401732857558278804"">Шилтемени учурдагы &amp;өтмөктө ачуу</translation>"
other/open_in_same_tab.patch	git:ccca743b96f33f5b55c33cd463335a85118d18e4:other/multi-language-translate.patch#keep:other/open_in_same_tab.patch	chrome/app/resources/generated_resources_lo.xtb	generated_resources	lo	8401732857558278804	"<translation id=""8401732857558278804"">ເປີດລິ້ງຢູ່ໃນແຖບປັດຈຸບັນ</translation>"
other/open_in_same_tab.patch	git:ccca743b96f33f5b55c33cd463335a85118d18e4:other/multi-language-translate.patch#keep:other/open_in_same_tab.patch	chrome/app/resources/generated_resources_lt.xtb	generated_resources	lt	8401732857558278804	"<translation id=""8401732857558278804"">Atidaryti nuorodą dabartiniame &amp;skirtuke</translation>"
other/open_in_same_tab.patch	git:ccca743b96f33f5b55c33cd463335a85118d18e4:other/multi-language-translate.patch#keep:other/open_in_same_tab.patch	chrome/app/resources/generated_resources_lv.xtb	generated_resources	lv	8401732857558278804	"<translation id=""8401732857558278804"">Atvērt saiti pašreizējā cilnē</translation>"
other/open_in_same_tab.patch	git:ccca743b96f33f5b55c33cd463335a85118d18e4:other/multi-language-translate.patch#keep:other/open_in_same_tab.patch	chrome/app/resources/generated_resources_mk.xtb	generated_resources	mk	8401732857558278804	"<translation id=""8401732857558278804"">Отвори ја врската во тековната &amp;картичка</translation>"
other/open_in_same_tab.patch	git:ccca743b96f33f5b55c33cd463335a85118d18e4:other/multi-language-translate.patch#keep:other/open_in_same_tab.patch	chrome/app/resources/generated_resources_ml.xtb	generated_resources	ml	8401732857558278804	"<translation id=""8401732857558278804"">നിലവിലെ &amp;ടാബിൽ ലിങ്ക് തുറക്കുക</translation>"
other/open_in_same_tab.patch	git:ccca743b96f33f5b55c33cd463335a85118d18e4:other/multi-language-translate.patch#keep:other/open_in_same_tab.patch	chrome/app/resources/generated_resources_mn.xtb	generated_resources	mn	8401732857558278804	"<translation id=""8401732857558278804"">Одоогийн цонхонд холбоосыг нээ</translation>"
other/open_in_same_tab.patch	git:ccca743b96f33f5b55c33cd463335a85118d18e4:other/multi-language-translate.patch#keep:other/open_in_same_tab.patch	chrome/app/resources/generated_resources_mr.xtb	generated_resources	mr	8401732857558278804	"<translation id=""8401732857558278804"">सध्याच्या &amp;टॅबमध्ये लिंक उघडा</translation>"
other/open_in_same_tab.patch	git:ccca743b96f33f5b55c33cd463335a85118d18e4:other/multi-language-translate.patch#keep:other/open_in_same_tab.patch	chrome/app/resources/generated_resources_ms.xtb	generated_resources	ms	8401732857558278804	"<translation id=""8401732857558278804"">Buka pautan dalam &amp;tab semasa</translation>"
other/open_in_same_tab.patch	git:ccca743b96f33f5b55c33cd463335a85118d18e4:other/multi-language-translate.patch#keep:other/open_in_same_tab.patch	chrome/app/resources/generated_resources_my.xtb	generated_resources	my	8401732857558278804	"<translation id=""8401732857558278804"">လင့်ကို ရှိပြီးသား &amp;တဘ်ထဲမှာ ဖွင့်ရန်</translation>"
other/open_in_same_tab.patch	git:ccca743b96f33f5b55c33cd463335a85118d18e4:other/multi-language-translate.patch#keep:other/open_in_same_tab.patch	chrome/app/resources/generated_resources_ne.xtb	generated_resources	ne	8401732857558278804	"<translation id=""8401732857558278804"">लिङलाई &amp;हालको ट्याबमा खिल्नुहोस्</translation>"
other/open_in_same_tab.patch	git:ccca743b96f33f5b55c33cd463335a85118d18e4:other/multi-language-translate.patch#keep:other/open_in_same_tab.patch	chrome/app/resources/generated_resources_nl.xtb	generated_resources	nl	8401732857558278804	"<translation id=""8401732857558278804"">Link openen in huidig &amp;tabblad</translation>"
other/open_in_same_tab.patch	git:ccca743b96f33f5b55c33cd463335a85118d18e4:other/multi-language-translate.patch#keep:other/open_in_same_tab.patch	chrome/app/resources/generated_resources_no.xtb	generated_resources	no	8401732857558278804	"<translation id=""8401732857558278804"">Åpne linken i gjeldende &amp;fane</translation>"
other/open_in_same_tab.patch	git:ccca743b96f33f5b55c33cd463335a85118d18e4:other/multi-language-translate.patch#keep:other/open_in_same_tab.patch	chrome/app/resources/generated_resources_or.xtb	generated_resources	or	8401732857558278804	"<translation id=""8401732857558278804"">ପ୍ରଚଳିତ ଟ୍ୟାବ&amp;ରେ ଲିଙ୍କ ଖୋଲନ୍ତୁ</translation>"
other/open_in_same_tab.patch	git:ccca743b96f33f5b55c33cd463335a85118d18e4:other/multi-language-translate.patch#keep:other/open_in_same_tab.patch	chrome/app/resources/generated_resources_pa.xtb	generated_resources	pa	8401732857558278804	"<translation id=""8401732857558278804"">ਮੌਜੂਦਾ &amp;ਟੈਬ ਵਿੱਚ ਲਿੰਕ ਖੋਲ੍ਹੋ</translation>"
other/open_in_same_tab.patch	git:ccca743b96f33f5b55c33cd463335a85118d18e4:other/multi-language-translate.patch#keep:other/open_in_same_tab.patch	chrome/app/resources/generated_resources_pl.xtb	generated_resources	pl	8401732857558278804	"<translation id=""8401732857558278804"">Otwórz link w bieżącej &amp;karcie</translation>"
other/open_in_same_tab.patch	git:ccca743b96f33f5b55c33cd463335a85118d18e4:other/multi-language-translate.patch#keep:other/open_in_same_tab.patch	chrome/app/resources/generated_resources_pt-BR.xtb	generated_resources	pt-BR	8401732857558278804	"<translation id=""8401732857558278804"">Abrir link na &amp;guia atual</translation>"
other/open_in_same_tab.patch	git:ccca743b96f33f5b55c33cd463335a85118d18e4:other/multi-language-translate.patch#keep:other/open_in_same_tab.patch	chrome/app/resources/generated_resources_pt-PT.xtb	generated_resources	pt-PT	8401732857558278804	"<translation id=""8401732857558278804"">Abrir link no &amp;separador atual</translation>"
other/open_in_same_tab.patch	git:ccca743b96f33f5b55c33cd463335a85118d18e4:other/multi-language-translate.patch#keep:other/open_in_same_tab.patch	chrome/app/resources/generated_resources_ro.xtb	generated_resources	ro	8401732857558278804	"<translation id=""8401732857558278804"">Deschide linkul în fila &amp;curentă</translation>"
other/open_in_same_tab.patch	git:ccca743b96f33f5b55c33cd463335a85118d18e4:other/multi-language-translate.patch#keep:other/open_in_same_tab.patch	chrome/app/resources/generated_resources_ru.xtb	generated_resources	ru	8401732857558278804	"<translation id=""8401732857558278804"">Открыть ссылку в &amp;текущей вкладке</translation>"
other/open_in_same_tab.patch	git:ccca743b96f33f5b55c33cd463335a85118d18e4:other/multi-language-translate.patch#keep:other/open_in_same_tab.patch	chrome/app/resources/generated_resources_si.xtb	generated_resources	si	8401732857558278804	"<translation id=""8401732857558278804"">සබැඳිය වත&amp;මාන ටැබයේ විවෘත කරන්න</translation>"
other/open_in_same_tab.patch	git:ccca743b96f33f5b55c33cd463335a85118d18e4:other/multi-language-translate.patch#keep:other/open_in_same_tab.patch	chrome/app/resources/generated_resources_sk.xtb	generated_resources	sk	8401732857558278804	"<translation id=""8401732857558278804"">Otvoriť odkaz na aktuálnej &amp;karte</translation>"
other/open_in_same_tab.patch	git:ccca743b96f33f5b55c33cd463335a85118d18e4:other/multi-language-translate.patch#keep:other/open_in_same_tab.patch	chrome/app/resources/generated_resources_sl.xtb	generated_resources	sl	8401732857558278804	"<translation id=""8401732857558278804"">Odpri povezavo v trenutnem &amp;zavihku</translation>"
other/open_in_same_tab.patch	git:ccca743b96f33f5b55c33cd463335a85118d18e4:other/multi-language-translate.patch#keep:other/open_in_same_tab.patch	chrome/app/resources/generated_resources_sq.xtb	generated_resources	sq	8401732857558278804	"<translation id=""8401732857558278804"">Hape lidhjen në skedën aktuale</translation>"
other/open_in_same_tab.patch	git:ccca743b96f33f5b55c33cd463335a85118d18e4:other/multi-language-translate.patch#keep:other/open_in_same_tab.patch	chrome/app/resources/generated_resources_sr.xtb	generated_resources	sr	8401732857558278804	"<translation id=""8401732857558278804"">Отвори линк на тренутној &amp;картици</translation>"
other/open_in_same_tab.patch	git:ccca743b96f33f5b55c33cd463335a85118d18e4:other/multi-language-translate.patch#keep:other/open_in_same_tab.patch	chrome/app/resources/generated_resources_sr-Latn.xtb	generated_resources	sr-Latn	8401732857558278804	"<translation id=""8401732857558278804"">Otvori link na trenutnoj &amp;kartici</translation>"
other/open_in_same_tab.patch	git:ccca743b96f33f5b55c33cd463335a85118d18e4:other/multi-language-translate.patch#keep:other/open_in_same_tab.patch	chrome/app/resources/generated_resources_sv.xtb	generated_resources	sv	8401732857558278804	"<translation id=""8401732857558278804"">Öppna länk i aktuell &amp;flik</translation>"
other/open_in_same_tab.patch	git:ccca743b96f33f5b55c33cd463335a85118d18e4:other/multi-language-translate.patch#keep:other/open_in_same_tab.patch	chrome/app/resources/generated_resources_sw.xtb	generated_resources	sw	8401732857558278804	"<translation id=""8401732857558278804"">Fungua kiungo katika &amp;kichupo cha sasa</translation>"
other/open_in_same_tab.patch	git:ccca743b96f33f5b55c33cd463335a85118d18e4:other/multi-language-translate.patch#keep:other/open_in_same_tab.patch	chrome/app/resources/generated_resources_ta.xtb	generated_resources	ta	8401732857558278804	"<translation id=""8401732857558278804"">இணைப்பை தற்போ&amp;தைய தாவலில் திற</translation>"
other/open_in_same_tab.patch	git:ccca743b96f33f5b55c33cd463335a85118d18e4:other/multi-language-translate.patch#keep:other/open_in_same_tab.patch	chrome/app/resources/generated_resources_te.xtb	generated_resources	te	8401732857558278804	"<translation id=""8401732857558278804"">ప్రస్తుత &amp;ట్యాబ్‌లో లింక్‌ను తెరువు</translation>"
other/open_in_same_tab.patch	git:ccca743b96f33f5b55c33cd463335a85118d18e4:other/multi-language-translate.patch#keep:other/open_in_same_tab.patch	chrome/app/resources/generated_resources_th.xtb	generated_resources	th	8401732857558278804	"<translation id=""8401732857558278804"">เปิดลิงก์ในแ&amp;ท็บปัจจุบัน</translation>"
other/open_in_same_tab.patch	git:ccca743b96f33f5b55c33cd463335a85118d18e4:other/multi-language-translate.patch#keep:other/open_in_same_tab.patch	chrome/app/resources/generated_resources_tr.xtb	generated_resources	tr	8401732857558278804	"<translation id=""8401732857558278804"">Bağlan&amp;tıyı mevcut sekmede aç</translation>"
other/open_in_same_tab.patch	git:ccca743b96f33f5b55c33cd463335a85118d18e4:other/multi-language-translate.patch#keep:other/open_in_same_tab.patch	chrome/app/resources/generated_resources_uk.xtb	generated_resources	uk	8401732857558278804	"<translation id=""8401732857558278804"">Відкрити посилання в &amp;поточній вкладці</translation>"
other/open_in_same_tab.patch	git:ccca743b96f33f5b55c33cd463335a85118d18e4:other/multi-language-translate.patch#keep:other/open_in_same_tab.patch	chrome/app/resources/generated_resources_ur.xtb	generated_resources	ur	8401732857558278804	"<translation id=""8401732857558278804"">لنک کو موجودہ &amp;ٹیب میں کھولیں</translation>"
other/open_in_same_tab.patch	git:ccca743b96f33f5b55c33cd463335a85118d18e4:other/multi-language-translate.patch#keep:other/open_in_same_tab.patch	chrome/app/resources/generated_resources_uz.xtb	generated_resources	uz	8401732857558278804	"<translation id=""8401732857558278804"">&amp;Havolani joriy ichki oynada ochish</translation>"
other/open_in_same_tab.patch	git:ccca743b96f33f5b55c33cd463335a85118d18e4:other/multi-language-translate.patch#keep:other/open_in_same_tab.patch	chrome/app/resources/generated_resources_vi.xtb	generated_resources	vi	8401732857558278804	"<translation id=""8401732857558278804"">Mở đường liên kết trong &amp;tab hiện tại</translation>"
other/open_in_same_tab.patch	git:ccca743b96f33f5b55c33cd463335a85118d18e4:other/multi-language-translate.patch#keep:other/open_in_same_tab.patch	chrome/app/resources/generated_resources_zh-CN.xtb	generated_resources	zh-CN	8401732857558278804	"<translation id=""8401732857558278804"">在当前标签页中打开链接(&amp;C)</translation>"
other/open_in_same_tab.patch	git:ccca743b96f33f5b55c33cd463335a85118d18e4:other/multi-language-translate.patch#keep:other/open_in_same_tab.patch	chrome/app/resources/generated_resources_zh-HK.xtb	generated_resources	zh-HK	8401732857558278804	"<translation id=""8401732857558278804"">在目前分頁中開啟連結(&amp;C)</translation>"
other/open_in_same_tab.patch	git:ccca743b96f33f5b55c33cd463335a85118d18e4:other/multi-language-translate.patch#keep:other/open_in_same_tab.patch	chrome/app/resources/generated_resources_zh-TW.xtb	generated_resources	zh-TW	8401732857558278804	"<translation id=""8401732857558278804"">在目前分頁中開啟連結(&amp;C)</translation>"
other/open_in_same_tab.patch	git:ccca743b96f33f5b55c33cd463335a85118d18e4:other/multi-language-translate.patch#keep:other/open_in_same_tab.patch	chrome/app/resources/generated_resources_zu.xtb	generated_resources	zu	8401732857558278804	"<translation id=""8401732857558278804"">Vula isixhumanisi kuthebhu yangoku</translation>"
other/restore_download_shelf.patch	chromium-git:0f3bbb229ab1499759ea9760a4b58f25b911572b:chrome/app/resources/generated_resources_af.xtb	chrome/app/resources/generated_resources_af.xtb	generated_resources	af	2521854691574443804	"<translation id=""2521854691574443804"">Kontroleer tans <ph name=""FILE_NAME"" /> met jou organisasie se sekuriteitbeleide …</translation>"
other/restore_download_shelf.patch	chromium-git:0f3bbb229ab1499759ea9760a4b58f25b911572b:chrome/app/resources/generated_resources_am.xtb	chrome/app/resources/generated_resources_am.xtb	generated_resources	am	2521854691574443804	"<translation id=""2521854691574443804""><ph name=""FILE_NAME"" />ን በእርስዎ ድርጅት የደህንነት መመሪያዎች መሠረት...</translation>"
other/restore_download_shelf.patch	chromium-git:0f3bbb229ab1499759ea9760a4b58f25b911572b:chrome/app/resources/generated_resources_ar.xtb	chrome/app/resources/generated_resources_ar.xtb	generated_resources	ar	2521854691574443804	"<translation id=""2521854691574443804"">جارِ التحقُّق من توافق ملف <ph name=""FILE_NAME"" /> مع سياسات أمان مؤسستك...</translation>"
other/restore_download_shelf.patch	chromium-git:0f3bbb229ab1499759ea9760a4b58f25b911572b:chrome/app/resources/generated_resources_as.xtb	chrome/app/resources/generated_resources_as.xtb	generated_resources	as	2521854691574443804	"<translation id=""2521854691574443804""><ph name=""FILE_NAME"" />ক আপোনাৰ প্ৰতিষ্ঠানৰ সুৰক্ষা নীতিসমূহৰ জৰিয়তে পৰীক্ষা কৰি থকা হৈছে...</translation>"
other/restore_download_shelf.patch	chromium-git:0f3bbb229ab1499759ea9760a4b58f25b911572b:chrome/app/resources/generated_resources_az.xtb	chrome/app/resources/generated_resources_az.xtb	generated_resources	az	2521854691574443804	"<translation id=""2521854691574443804""><ph name=""FILE_NAME"" /> təşkilatınızın Güvənlik siyasətlərinə əsasən yoxlanılır...</translation>"
other/restore_download_shelf.patch	chromium-git:0f3bbb229ab1499759ea9760a4b58f25b911572b:chrome/app/resources/generated_resources_be.xtb	chrome/app/resources/generated_resources_be.xtb	generated_resources	be	2521854691574443804	"<translation id=""2521854691574443804"">Файл ""<ph name=""FILE_NAME"" />"" правяраецца на адпаведнасць палітыкам бяспекі вашай арганізацыі...</translation>"
other/restore_download_shelf.patch	chromium-git:0f3bbb229ab1499759ea9760a4b58f25b911572b:chrome/app/resources/generated_resources_bg.xtb	chrome/app/resources/generated_resources_bg.xtb	generated_resources	bg	2521854691574443804	"<translation id=""2521854691574443804""><ph name=""FILE_NAME"" /> се проверява за съответствие с правилата за сигурност на организацията ви...</translation>"
other/restore_download_shelf.patch	chromium-git:0f3bbb229ab1499759ea9760a4b58f25b911572b:chrome/app/resources/generated_resources_bn.xtb	chrome/app/resources/generated_resources_bn.xtb	generated_resources	bn	2521854691574443804	"<translation id=""2521854691574443804"">আপনার সংস্থার সুরক্ষা নীতি মেনে চলছে কিনা তা জানতে <ph name=""FILE_NAME"" /> চেক করা হচ্ছে…</translation>"
other/restore_download_shelf.patch	chromium-git:0f3bbb229ab1499759ea9760a4b58f25b911572b:chrome/app/resources/generated_resources_bs.xtb	chrome/app/resources/generated_resources_bs.xtb	generated_resources	bs	2521854691574443804	"<translation id=""2521854691574443804"">Provjeravamo je li fajl <ph name=""FILE_NAME"" /> u skladu sa sigurnosnim pravilima vaše organizacije...</translation>"
other/restore_download_shelf.patch	chromium-git:0f3bbb229ab1499759ea9760a4b58f25b911572b:chrome/app/resources/generated_resources_ca.xtb	chrome/app/resources/generated_resources_ca.xtb	generated_resources	ca	2521854691574443804	"<translation id=""2521854691574443804"">S'està comprovant si <ph name=""FILE_NAME"" /> compleix les polítiques de seguretat de la teva organització...</translation>"
other/restore_download_shelf.patch	chromium-git:0f3bbb229ab1499759ea9760a4b58f25b911572b:chrome/app/resources/generated_resources_cs.xtb	chrome/app/resources/generated_resources_cs.xtb	generated_resources	cs	2521854691574443804	"<translation id=""2521854691574443804"">Kontroluje se, zda soubor <ph name=""FILE_NAME"" /> odpovídá bezpečnostním zásadám organizace…</translation>"
other/restore_download_shelf.patch	chromium-git:0f3bbb229ab1499759ea9760a4b58f25b911572b:chrome/app/resources/generated_resources_cy.xtb	chrome/app/resources/generated_resources_cy.xtb	generated_resources	cy	2521854691574443804	"<translation id=""2521854691574443804"">Yn gwirio <ph name=""FILE_NAME"" /> gyda pholisïau diogelwch eich sefydliad…</translation>"
other/restore_download_shelf.patch	chromium-git:0f3bbb229ab1499759ea9760a4b58f25b911572b:chrome/app/resources/generated_resources_da.xtb	chrome/app/resources/generated_resources_da.xtb	generated_resources	da	2521854691574443804	"<translation id=""2521854691574443804"">Tjekker <ph name=""FILE_NAME"" /> i henhold til din organisations sikkerhedspolitikker...</translation>"
other/restore_download_shelf.patch	chromium-git:0f3bbb229ab1499759ea9760a4b58f25b911572b:chrome/app/resources/generated_resources_de.xtb	chrome/app/resources/generated_resources_de.xtb	generated_resources	de	2521854691574443804	"<translation id=""2521854691574443804""><ph name=""FILE_NAME"" /> wird auf die Einhaltung der Sicherheitsrichtlinien deines Unternehmens geprüft…</translation>"
other/restore_download_shelf.patch	chromium-git:0f3bbb229ab1499759ea9760a4b58f25b911572b:chrome/app/resources/generated_resources_el.xtb	chrome/app/resources/generated_resources_el.xtb	generated_resources	el	2521854691574443804	"<translation id=""2521854691574443804"">Έλεγχος αρχείου <ph name=""FILE_NAME"" /> σε σχέση με τις πολιτικές ασφαλείας του οργανισμού σας…</translation>"
other/restore_download_shelf.patch	chromium-git:0f3bbb229ab1499759ea9760a4b58f25b911572b:chrome/app/resources/generated_resources_en-GB.xtb	chrome/app/resources/generated_resources_en-GB.xtb	generated_resources	en-GB	2521854691574443804	"<translation id=""2521854691574443804"">Checking <ph name=""FILE_NAME"" /> with your organisation's security policies…</translation>"
other/restore_download_shelf.patch	chromium-git:0f3bbb229ab1499759ea9760a4b58f25b911572b:chrome/app/resources/generated_resources_es.xtb	chrome/app/resources/generated_resources_es.xtb	generated_resources	es	2521854691574443804	"<translation id=""2521854691574443804"">Comprobando que <ph name=""FILE_NAME"" /> cumple las políticas de seguridad de tu organización…</translation>"
other/restore_download_shelf.patch	chromium-git:0f3bbb229ab1499759ea9760a4b58f25b911572b:chrome/app/resources/generated_resources_es-419.xtb	chrome/app/resources/generated_resources_es-419.xtb	generated_resources	es-419	2521854691574443804	"<translation id=""2521854691574443804"">Controlando <ph name=""FILE_NAME"" /> respecto de las políticas de seguridad de tu organización…</translation>"
other/restore_download_shelf.patch	chromium-git:0f3bbb229ab1499759ea9760a4b58f25b911572b:chrome/app/resources/generated_resources_et.xtb	chrome/app/resources/generated_resources_et.xtb	generated_resources	et	2521854691574443804	"<translation id=""2521854691574443804"">Faili <ph name=""FILE_NAME"" /> kontrollitakse kooskõlas teie organisatsiooni turvaeeskirjadega …</translation>"
other/restore_download_shelf.patch	chromium-git:0f3bbb229ab1499759ea9760a4b58f25b911572b:chrome/app/resources/generated_resources_eu.xtb	chrome/app/resources/generated_resources_eu.xtb	generated_resources	eu	2521854691574443804	"<translation id=""2521854691574443804""><ph name=""FILE_NAME"" /> zure erakundeko segurtasun-gidalerroekin egiaztatzen…</translation>"
other/restore_download_shelf.patch	chromium-git:0f3bbb229ab1499759ea9760a4b58f25b911572b:chrome/app/resources/generated_resources_fa.xtb	chrome/app/resources/generated_resources_fa.xtb	generated_resources	fa	2521854691574443804	"<translation id=""2521854691574443804"">درحال بررسی <ph name=""FILE_NAME"" /> با خط‌مشی‌های امنیتی سازمانتان…</translation>"
other/restore_download_shelf.patch	chromium-git:0f3bbb229ab1499759ea9760a4b58f25b911572b:chrome/app/resources/generated_resources_fi.xtb	chrome/app/resources/generated_resources_fi.xtb	generated_resources	fi	2521854691574443804	"<translation id=""2521854691574443804"">Tarkistetaan, onko <ph name=""FILE_NAME"" /> organisaatiosi tietosuojakäytäntöjen mukainen…</translation>"
other/restore_download_shelf.patch	chromium-git:0f3bbb229ab1499759ea9760a4b58f25b911572b:chrome/app/resources/generated_resources_fil.xtb	chrome/app/resources/generated_resources_fil.xtb	generated_resources	fil	2521854691574443804	"<translation id=""2521854691574443804"">Sinusuri ang <ph name=""FILE_NAME"" /> gamit ang mga patakaran sa seguridad ng iyong organisasyon...</translation>"
other/restore_download_shelf.patch	chromium-git:0f3bbb229ab1499759ea9760a4b58f25b911572b:chrome/app/resources/generated_resources_fr.xtb	chrome/app/resources/generated_resources_fr.xtb	generated_resources	fr	2521854691574443804	"<translation id=""2521854691574443804"">Vérification du fichier ""<ph name=""FILE_NAME"" />"" par rapport aux règles de sécurité de votre organisation…</translation>"
other/restore_download_shelf.patch	chromium-git:0f3bbb229ab1499759ea9760a4b58f25b911572b:chrome/app/resources/generated_resources_fr-CA.xtb	chrome/app/resources/generated_resources_fr-CA.xtb	generated_resources	fr-CA	2521854691574443804	"<translation id=""2521854691574443804"">Vérification de la conformité du fichier <ph name=""FILE_NAME"" /> aux politiques de sécurité de votre organisation en cours…</translation>"
other/restore_download_shelf.patch	chromium-git:0f3bbb229ab1499759ea9760a4b58f25b911572b:chrome/app/resources/generated_resources_gl.xtb	chrome/app/resources/generated_resources_gl.xtb	generated_resources	gl	2521854691574443804	"<translation id=""2521854691574443804"">Comprobando que <ph name=""FILE_NAME"" /> cumpra as políticas de seguranza da túa organización…</translation>"
other/restore_download_shelf.patch	chromium-git:0f3bbb229ab1499759ea9760a4b58f25b911572b:chrome/app/resources/generated_resources_gu.xtb	chrome/app/resources/generated_resources_gu.xtb	generated_resources	gu	2521854691574443804	"<translation id=""2521854691574443804""><ph name=""FILE_NAME"" />ને તમારી સંસ્થાની સુરક્ષા નીતિઓના પાલન સંબંધે ચેક કરીએ છીએ...</translation>"
other/restore_download_shelf.patch	chromium-git:0f3bbb229ab1499759ea9760a4b58f25b911572b:chrome/app/resources/generated_resources_hi.xtb	chrome/app/resources/generated_resources_hi.xtb	generated_resources	hi	2521854691574443804	"<translation id=""2521854691574443804"">आपके संगठन की सुरक्षा नीतियों के मुताबिक <ph name=""FILE_NAME"" /> की जांच की जा रही है...</translation>"
other/restore_download_shelf.patch	chromium-git:0f3bbb229ab1499759ea9760a4b58f25b911572b:chrome/app/resources/generated_resources_hr.xtb	chrome/app/resources/generated_resources_hr.xtb	generated_resources	hr	2521854691574443804	"<translation id=""2521854691574443804"">Provjeravamo je li datoteka <ph name=""FILE_NAME"" /> u skladu sa sigurnosnim pravilima vaše organizacije...</translation>"
other/restore_download_shelf.patch	chromium-git:0f3bbb229ab1499759ea9760a4b58f25b911572b:chrome/app/resources/generated_resources_hu.xtb	chrome/app/resources/generated_resources_hu.xtb	generated_resources	hu	2521854691574443804	"<translation id=""2521854691574443804"">Folyamatban van annak ellenőrzése, hogy a(z) <ph name=""FILE_NAME"" /> sérti-e szervezete biztonsági szabályait</translation>"
other/restore_download_shelf.patch	chromium-git:0f3bbb229ab1499759ea9760a4b58f25b911572b:chrome/app/resources/generated_resources_hy.xtb	chrome/app/resources/generated_resources_hy.xtb	generated_resources	hy	2521854691574443804	"<translation id=""2521854691574443804"">Ստուգվում է՝ արդյոք «<ph name=""FILE_NAME"" />» ֆայլը համապատասխանում է ձեր կազմակերպության անվտանգության կանոններին…</translation>"
other/restore_download_shelf.patch	chromium-git:0f3bbb229ab1499759ea9760a4b58f25b911572b:chrome/app/resources/generated_resources_id.xtb	chrome/app/resources/generated_resources_id.xtb	generated_resources	id	2521854691574443804	"<translation id=""2521854691574443804"">Memeriksa <ph name=""FILE_NAME"" /> berdasarkan kebijakan keamanan organisasi Anda ...</translation>"
other/restore_download_shelf.patch	chromium-git:0f3bbb229ab1499759ea9760a4b58f25b911572b:chrome/app/resources/generated_resources_is.xtb	chrome/app/resources/generated_resources_is.xtb	generated_resources	is	2521854691574443804	"<translation id=""2521854691574443804"">Athugar <ph name=""FILE_NAME"" /> út frá öryggisreglum fyrirtækisins þíns...</translation>"
other/restore_download_shelf.patch	chromium-git:0f3bbb229ab1499759ea9760a4b58f25b911572b:chrome/app/resources/generated_resources_it.xtb	chrome/app/resources/generated_resources_it.xtb	generated_resources	it	2521854691574443804	"<translation id=""2521854691574443804"">Controllo della conformità di <ph name=""FILE_NAME"" /> alle norme di sicurezza della tua organizzazione in corso…</translation>"
other/restore_download_shelf.patch	chromium-git:0f3bbb229ab1499759ea9760a4b58f25b911572b:chrome/app/resources/generated_resources_iw.xtb	chrome/app/resources/generated_resources_iw.xtb	generated_resources	iw	2521854691574443804	"<translation id=""2521854691574443804"">המערכת בודקת אם הקובץ <ph name=""FILE_NAME"" /> מציית למדיניות האבטחה של הארגון שלך...</translation>"
other/restore_download_shelf.patch	chromium-git:0f3bbb229ab1499759ea9760a4b58f25b911572b:chrome/app/resources/generated_resources_ja.xtb	chrome/app/resources/generated_resources_ja.xtb	generated_resources	ja	2521854691574443804	"<translation id=""2521854691574443804"">組織のセキュリティ ポリシーに沿って <ph name=""FILE_NAME"" /> をチェックしています...</translation>"
other/restore_download_shelf.patch	chromium-git:0f3bbb229ab1499759ea9760a4b58f25b911572b:chrome/app/resources/generated_resources_ka.xtb	chrome/app/resources/generated_resources_ka.xtb	generated_resources	ka	2521854691574443804	"<translation id=""2521854691574443804"">მიმდინარეობს „<ph name=""FILE_NAME"" />“-ის თქვენი ორგანიზაციის უსაფრთხოების წესებთან შესაბამისობის შემოწმება...</translation>"
other/restore_download_shelf.patch	chromium-git:0f3bbb229ab1499759ea9760a4b58f25b911572b:chrome/app/resources/generated_resources_kk.xtb	chrome/app/resources/generated_resources_kk.xtb	generated_resources	kk	2521854691574443804	"<translation id=""2521854691574443804""><ph name=""FILE_NAME"" /> файлының ұйымның қауіпсіздік саясаттарына сәйкес келетіні тексерілуде...</translation>"
other/restore_download_shelf.patch	chromium-git:0f3bbb229ab1499759ea9760a4b58f25b911572b:chrome/app/resources/generated_resources_km.xtb	chrome/app/resources/generated_resources_km.xtb	generated_resources	km	2521854691574443804	"<translation id=""2521854691574443804"">កំពុងពិនិត្យ <ph name=""FILE_NAME"" /> ដោយប្រើគោលការណ៍សុវត្ថិភាពរបស់ស្ថាប័នអ្នក...</translation>"
other/restore_download_shelf.patch	chromium-git:0f3bbb229ab1499759ea9760a4b58f25b911572b:chrome/app/resources/generated_resources_kn.xtb	chrome/app/resources/generated_resources_kn.xtb	generated_resources	kn	2521854691574443804	"<translation id=""2521854691574443804"">ನಿಮ್ಮ ಸಂಸ್ಥೆಯ ಭದ್ರತಾ ನೀತಿಗಳ ಜೊತೆಗೆ <ph name=""FILE_NAME"" /> ಅನ್ನು ಪರಿಶೀಲಿಸಲಾಗುತ್ತಿದೆ...</translation>"
other/restore_download_shelf.patch	chromium-git:0f3bbb229ab1499759ea9760a4b58f25b911572b:chrome/app/resources/generated_resources_ko.xtb	chrome/app/resources/generated_resources_ko.xtb	generated_resources	ko	2521854691574443804	"<translation id=""2521854691574443804""><ph name=""FILE_NAME"" /> 파일이 조직 보안 정책을 준수하는지 확인하는 중입니다.</translation>"
other/restore_download_shelf.patch	chromium-git:0f3bbb229ab1499759ea9760a4b58f25b911572b:chrome/app/resources/generated_resources_ky.xtb	chrome/app/resources/generated_resources_ky.xtb	generated_resources	ky	2521854691574443804	"<translation id=""2521854691574443804""><ph name=""FILE_NAME"" /> файлы уюмуңуздун коопсуздук эрежелерин бузгандыгы текшерилүүдө...</translation>"
other/restore_download_shelf.patch	chromium-git:0f3bbb229ab1499759ea9760a4b58f25b911572b:chrome/app/resources/generated_resources_lo.xtb	chrome/app/resources/generated_resources_lo.xtb	generated_resources	lo	2521854691574443804	"<translation id=""2521854691574443804"">ກຳລັງກວດສອບ <ph name=""FILE_NAME"" /> ນຳນະໂຍບາຍຄວາມປອດໄພຂອງອົງການຂອງທ່ານ...</translation>"
other/restore_download_shelf.patch	chromium-git:0f3bbb229ab1499759ea9760a4b58f25b911572b:chrome/app/resources/generated_resources_lt.xtb	chrome/app/resources/generated_resources_lt.xtb	generated_resources	lt	2521854691574443804	"<translation id=""2521854691574443804"">Failas „<ph name=""FILE_NAME"" />“ tikrinamas pagal organizacijos saugos politiką...</translation>"
other/restore_download_shelf.patch	chromium-git:0f3bbb229ab1499759ea9760a4b58f25b911572b:chrome/app/resources/generated_resources_lv.xtb	chrome/app/resources/generated_resources_lv.xtb	generated_resources	lv	2521854691574443804	"<translation id=""2521854691574443804"">Tiek pārbaudīts, vai fails <ph name=""FILE_NAME"" /> atbilst jūsu organizācijas drošības politikai...</translation>"
other/restore_download_shelf.patch	chromium-git:0f3bbb229ab1499759ea9760a4b58f25b911572b:chrome/app/resources/generated_resources_mk.xtb	chrome/app/resources/generated_resources_mk.xtb	generated_resources	mk	2521854691574443804	"<translation id=""2521854691574443804"">Ја проверуваме <ph name=""FILE_NAME"" /> согласно безбедносните правила на организацијата…</translation>"
other/restore_download_shelf.patch	chromium-git:0f3bbb229ab1499759ea9760a4b58f25b911572b:chrome/app/resources/generated_resources_ml.xtb	chrome/app/resources/generated_resources_ml.xtb	generated_resources	ml	2521854691574443804	"<translation id=""2521854691574443804""><ph name=""FILE_NAME"" /> എന്നത് നിങ്ങളുടെ സ്ഥാപനത്തിന്റെ സുരക്ഷാ നയങ്ങൾ പാലിക്കുന്നുണ്ടോയെന്ന് പരിശോധിക്കുന്നു...</translation>"
other/restore_download_shelf.patch	chromium-git:0f3bbb229ab1499759ea9760a4b58f25b911572b:chrome/app/resources/generated_resources_mn.xtb	chrome/app/resources/generated_resources_mn.xtb	generated_resources	mn	2521854691574443804	"<translation id=""2521854691574443804""><ph name=""FILE_NAME"" />-г танай байгууллагын удирдамжуудад нийцэх эсэхийг шалгаж байна...</translation>"
other/restore_download_shelf.patch	chromium-git:0f3bbb229ab1499759ea9760a4b58f25b911572b:chrome/app/resources/generated_resources_mr.xtb	chrome/app/resources/generated_resources_mr.xtb	generated_resources	mr	2521854691574443804	"<translation id=""2521854691574443804""><ph name=""FILE_NAME"" /> तुमच्या संस्थेच्या सुरक्षितता धोरणांनुसार तपासत आहे...</translation>"
other/restore_download_shelf.patch	chromium-git:0f3bbb229ab1499759ea9760a4b58f25b911572b:chrome/app/resources/generated_resources_ms.xtb	chrome/app/resources/generated_resources_ms.xtb	generated_resources	ms	2521854691574443804	"<translation id=""2521854691574443804"">Menyemak <ph name=""FILE_NAME"" /> berdasarkan dasar keselamatan organisasi anda...</translation>"
other/restore_download_shelf.patch	chromium-git:0f3bbb229ab1499759ea9760a4b58f25b911572b:chrome/app/resources/generated_resources_my.xtb	chrome/app/resources/generated_resources_my.xtb	generated_resources	my	2521854691574443804	"<translation id=""2521854691574443804""><ph name=""FILE_NAME"" /> ကို သင့်အဖွဲ့အစည်း၏ လုံခြုံရေးမူဝါဒများဖြင့် စစ်ဆေးနေသည်...</translation>"
other/restore_download_shelf.patch	chromium-git:0f3bbb229ab1499759ea9760a4b58f25b911572b:chrome/app/resources/generated_resources_ne.xtb	chrome/app/resources/generated_resources_ne.xtb	generated_resources	ne	2521854691574443804	"<translation id=""2521854691574443804""><ph name=""FILE_NAME"" /> तपाईंको सङ्गठनका सुरक्षासम्बन्धी नीतिअनुकूल छ कि छैन भनी जाँच गर्दै...</translation>"
other/restore_download_shelf.patch	chromium-git:0f3bbb229ab1499759ea9760a4b58f25b911572b:chrome/app/resources/generated_resources_nl.xtb	chrome/app/resources/generated_resources_nl.xtb	generated_resources	nl	2521854691574443804	"<translation id=""2521854691574443804""><ph name=""FILE_NAME"" /> controleren op basis van het beveiligingsbeleid van je organisatie…</translation>"
other/restore_download_shelf.patch	chromium-git:0f3bbb229ab1499759ea9760a4b58f25b911572b:chrome/app/resources/generated_resources_no.xtb	chrome/app/resources/generated_resources_no.xtb	generated_resources	no	2521854691574443804	"<translation id=""2521854691574443804"">Sjekker <ph name=""FILE_NAME"" /> opp mot sikkerhetsretningslinjene til organisasjonen din …</translation>"
other/restore_download_shelf.patch	chromium-git:0f3bbb229ab1499759ea9760a4b58f25b911572b:chrome/app/resources/generated_resources_or.xtb	chrome/app/resources/generated_resources_or.xtb	generated_resources	or	2521854691574443804	"<translation id=""2521854691574443804""><ph name=""FILE_NAME"" />କୁ ଆପଣଙ୍କ ସଂସ୍ଥାର ସୁରକ୍ଷା ନୀତିଗୁଡ଼ିକ ସହ ଯାଞ୍ଚ କରାଯାଉଛି...</translation>"
other/restore_download_shelf.patch	chromium-git:0f3bbb229ab1499759ea9760a4b58f25b911572b:chrome/app/resources/generated_resources_pa.xtb	chrome/app/resources/generated_resources_pa.xtb	generated_resources	pa	2521854691574443804	"<translation id=""2521854691574443804""><ph name=""FILE_NAME"" /> ਦੀ ਤੁਹਾਡੀ ਸੰਸਥਾ ਦੀ ਸੁਰੱਖਿਆ ਨੀਤੀਆਂ ਨਾਲ ਜਾਂਚ ਕੀਤੀ ਜਾ ਰਹੀ ਹੈ...</translation>"
other/restore_download_shelf.patch	chromium-git:0f3bbb229ab1499759ea9760a4b58f25b911572b:chrome/app/resources/generated_resources_pl.xtb	chrome/app/resources/generated_resources_pl.xtb	generated_resources	pl	2521854691574443804	"<translation id=""2521854691574443804"">Sprawdzam zgodność pliku <ph name=""FILE_NAME"" /> z zasadami bezpieczeństwa obowiązującymi w Twojej organizacji…</translation>"
other/restore_download_shelf.patch	chromium-git:0f3bbb229ab1499759ea9760a4b58f25b911572b:chrome/app/resources/generated_resources_pt-BR.xtb	chrome/app/resources/generated_resources_pt-BR.xtb	generated_resources	pt-BR	2521854691574443804	"<translation id=""2521854691574443804"">Verificando <ph name=""FILE_NAME"" /> com as políticas de segurança da sua organização…</translation>"
other/restore_download_shelf.patch	chromium-git:0f3bbb229ab1499759ea9760a4b58f25b911572b:chrome/app/resources/generated_resources_pt-PT.xtb	chrome/app/resources/generated_resources_pt-PT.xtb	generated_resources	pt-PT	2521854691574443804	"<translation id=""2521854691574443804"">A verificar <ph name=""FILE_NAME"" /> com as políticas de segurança da sua entidade…</translation>"
other/restore_download_shelf.patch	chromium-git:0f3bbb229ab1499759ea9760a4b58f25b911572b:chrome/app/resources/generated_resources_ro.xtb	chrome/app/resources/generated_resources_ro.xtb	generated_resources	ro	2521854691574443804	"<translation id=""2521854691574443804"">Se verifică <ph name=""FILE_NAME"" /> în conformitate cu politicile de securitate ale organizației...</translation>"
other/restore_download_shelf.patch	chromium-git:0f3bbb229ab1499759ea9760a4b58f25b911572b:chrome/app/resources/generated_resources_ru.xtb	chrome/app/resources/generated_resources_ru.xtb	generated_resources	ru	2521854691574443804	"<translation id=""2521854691574443804"">Проверка файла <ph name=""FILE_NAME"" /> на соответствие правилам безопасности вашей организации…</translation>"
other/restore_download_shelf.patch	chromium-git:0f3bbb229ab1499759ea9760a4b58f25b911572b:chrome/app/resources/generated_resources_si.xtb	chrome/app/resources/generated_resources_si.xtb	generated_resources	si	2521854691574443804	"<translation id=""2521854691574443804"">ඔබේ සංවිධානයේ ආරක්ෂක ප්‍රතිපත්ති සමඟ <ph name=""FILE_NAME"" /> පරීක්ෂා කිරීම...</translation>"
other/restore_download_shelf.patch	chromium-git:0f3bbb229ab1499759ea9760a4b58f25b911572b:chrome/app/resources/generated_resources_sk.xtb	chrome/app/resources/generated_resources_sk.xtb	generated_resources	sk	2521854691574443804	"<translation id=""2521854691574443804"">Kontroluje sa súlad súboru <ph name=""FILE_NAME"" /> s pravidlami zabezpečenia vašej organizácie…</translation>"
other/restore_download_shelf.patch	chromium-git:0f3bbb229ab1499759ea9760a4b58f25b911572b:chrome/app/resources/generated_resources_sl.xtb	chrome/app/resources/generated_resources_sl.xtb	generated_resources	sl	2521854691574443804	"<translation id=""2521854691574443804"">Preverjamo, ali je datoteka <ph name=""FILE_NAME"" /> v skladu z varnostnimi pravilniki organizacije …</translation>"
other/restore_download_shelf.patch	chromium-git:0f3bbb229ab1499759ea9760a4b58f25b911572b:chrome/app/resources/generated_resources_sq.xtb	chrome/app/resources/generated_resources_sq.xtb	generated_resources	sq	2521854691574443804	"<translation id=""2521854691574443804"">Po kontrollon <ph name=""FILE_NAME"" /> me politikat e sigurisë së organizatës sate...</translation>"
other/restore_download_shelf.patch	chromium-git:0f3bbb229ab1499759ea9760a4b58f25b911572b:chrome/app/resources/generated_resources_sr.xtb	chrome/app/resources/generated_resources_sr.xtb	generated_resources	sr	2521854691574443804	"<translation id=""2521854691574443804"">Проверава се да ли је <ph name=""FILE_NAME"" /> у складу са безбедносним смерницама организације...</translation>"
other/restore_download_shelf.patch	chromium-git:0f3bbb229ab1499759ea9760a4b58f25b911572b:chrome/app/resources/generated_resources_sr-Latn.xtb	chrome/app/resources/generated_resources_sr-Latn.xtb	generated_resources	sr-Latn	2521854691574443804	"<translation id=""2521854691574443804"">Proverava se da li je <ph name=""FILE_NAME"" /> u skladu sa bezbednosnim smernicama organizacije...</translation>"
other/restore_download_shelf.patch	chromium-git:0f3bbb229ab1499759ea9760a4b58f25b911572b:chrome/app/resources/generated_resources_sv.xtb	chrome/app/resources/generated_resources_sv.xtb	generated_resources	sv	2521854691574443804	"<translation id=""2521854691574443804""><ph name=""FILE_NAME"" /> kontrolleras utifrån organisationens säkerhetspolicy …</translation>"
other/restore_download_shelf.patch	chromium-git:0f3bbb229ab1499759ea9760a4b58f25b911572b:chrome/app/resources/generated_resources_sw.xtb	chrome/app/resources/generated_resources_sw.xtb	generated_resources	sw	2521854691574443804	"<translation id=""2521854691574443804"">Inakagua <ph name=""FILE_NAME"" /> kwa kutumia sera za usalama za shirika lako...</translation>"
other/restore_download_shelf.patch	chromium-git:0f3bbb229ab1499759ea9760a4b58f25b911572b:chrome/app/resources/generated_resources_ta.xtb	chrome/app/resources/generated_resources_ta.xtb	generated_resources	ta	2521854691574443804	"<translation id=""2521854691574443804"">உங்கள் நிறுவனத்தின் பாதுகாப்புக் கொள்கைகளுடன் <ph name=""FILE_NAME"" /> இணங்குகிறதா என்பதைச் சரிபார்க்கிறது...</translation>"
other/restore_download_shelf.patch	chromium-git:0f3bbb229ab1499759ea9760a4b58f25b911572b:chrome/app/resources/generated_resources_te.xtb	chrome/app/resources/generated_resources_te.xtb	generated_resources	te	2521854691574443804	"<translation id=""2521854691574443804"">మీ సంస్థకు చెందిన భద్రతా పాలసీలతో <ph name=""FILE_NAME"" />ను చెక్ చేస్తోంది...</translation>"
other/restore_download_shelf.patch	chromium-git:0f3bbb229ab1499759ea9760a4b58f25b911572b:chrome/app/resources/generated_resources_th.xtb	chrome/app/resources/generated_resources_th.xtb	generated_resources	th	2521854691574443804	"<translation id=""2521854691574443804"">กำลังตรวจสอบ <ph name=""FILE_NAME"" /> กับนโยบายความปลอดภัยขององค์กร...</translation>"
other/restore_download_shelf.patch	chromium-git:0f3bbb229ab1499759ea9760a4b58f25b911572b:chrome/app/resources/generated_resources_tr.xtb	chrome/app/resources/generated_resources_tr.xtb	generated_resources	tr	2521854691574443804	"<translation id=""2521854691574443804""><ph name=""FILE_NAME"" /> adlı dosyanın, kuruluşunuzun güvenlik politikalarıyla uyumlu olup olmadığı kontrol ediliyor...</translation>"
other/restore_download_shelf.patch	chromium-git:0f3bbb229ab1499759ea9760a4b58f25b911572b:chrome/app/resources/generated_resources_uk.xtb	chrome/app/resources/generated_resources_uk.xtb	generated_resources	uk	2521854691574443804	"<translation id=""2521854691574443804"">Перевірка відповідності файлу ""<ph name=""FILE_NAME"" />"" правилам безпеки вашої організації…</translation>"
other/restore_download_shelf.patch	chromium-git:0f3bbb229ab1499759ea9760a4b58f25b911572b:chrome/app/resources/generated_resources_ur.xtb	chrome/app/resources/generated_resources_ur.xtb	generated_resources	ur	2521854691574443804	"<translation id=""2521854691574443804"">آپ کی تنظیم کی سکیورٹی پالیسیز کے ساتھ <ph name=""FILE_NAME"" /> کو چیک کیا جا رہا ہے...</translation>"
other/restore_download_shelf.patch	chromium-git:0f3bbb229ab1499759ea9760a4b58f25b911572b:chrome/app/resources/generated_resources_uz.xtb	chrome/app/resources/generated_resources_uz.xtb	generated_resources	uz	2521854691574443804	"<translation id=""2521854691574443804""><ph name=""FILE_NAME"" /> fayli tashkilotingiz xavfsizlik siyosati asosida tekshirilmoqda...</translation>"
other/restore_download_shelf.patch	chromium-git:0f3bbb229ab1499759ea9760a4b58f25b911572b:chrome/app/resources/generated_resources_vi.xtb	chrome/app/resources/generated_resources_vi.xtb	generated_resources	vi	2521854691574443804	"<translation id=""2521854691574443804"">Đang kiểm tra để xem tệp <ph name=""FILE_NAME"" /> có tuân theo các chính sách bảo mật của tổ chức bạn hay không...</translation>"
other/restore_download_shelf.patch	chromium-git:0f3bbb229ab1499759ea9760a4b58f25b911572b:chrome/app/resources/generated_resources_zh-CN.xtb	chrome/app/resources/generated_resources_zh-CN.xtb	generated_resources	zh-CN	2521854691574443804	"<translation id=""2521854691574443804"">正在检查 <ph name=""FILE_NAME"" /> 是否符合贵组织的安全政策…</translation>"
other/restore_download_shelf.patch	chromium-git:0f3bbb229ab1499759ea9760a4b58f25b911572b:chrome/app/resources/generated_resources_zh-HK.xtb	chrome/app/resources/generated_resources_zh-HK.xtb	generated_resources	zh-HK	2521854691574443804	"<translation id=""2521854691574443804"">正在檢查 <ph name=""FILE_NAME"" /> 是否符合您機構的安全性政策…</translation>"
other/restore_download_shelf.patch	chromium-git:0f3bbb229ab1499759ea9760a4b58f25b911572b:chrome/app/resources/generated_resources_zh-TW.xtb	chrome/app/resources/generated_resources_zh-TW.xtb	generated_resources	zh-TW	2521854691574443804	"<translation id=""2521854691574443804"">正在檢查 <ph name=""FILE_NAME"" /> 是否符合貴機構的安全性政策...</translation>"
other/restore_download_shelf.patch	chromium-git:0f3bbb229ab1499759ea9760a4b58f25b911572b:chrome/app/resources/generated_resources_zu.xtb	chrome/app/resources/generated_resources_zu.xtb	generated_resources	zu	2521854691574443804	"<translation id=""2521854691574443804"">Ihlola i-<ph name=""FILE_NAME"" /> ngezinqubomgomo zokuvikela zenhlangano yakho...</translation>"
other/restore_download_shelf.patch	chromium-git:0f3bbb229ab1499759ea9760a4b58f25b911572b:chrome/app/resources/generated_resources_af.xtb	chrome/app/resources/generated_resources_af.xtb	generated_resources	af	2878782256107578644	"<translation id=""2878782256107578644"">Skandering vind tans plaas. Maak nou oop?</translation>"
other/restore_download_shelf.patch	chromium-git:0f3bbb229ab1499759ea9760a4b58f25b911572b:chrome/app/resources/generated_resources_am.xtb	chrome/app/resources/generated_resources_am.xtb	generated_resources	am	2878782256107578644	"<translation id=""2878782256107578644"">ቅኝት በሂደት ላይ፣ አሁን ይከፈት?</translation>"
other/restore_download_shelf.patch	chromium-git:0f3bbb229ab1499759ea9760a4b58f25b911572b:chrome/app/resources/generated_resources_ar.xtb	chrome/app/resources/generated_resources_ar.xtb	generated_resources	ar	2878782256107578644	"<translation id=""2878782256107578644"">الفحص قيد التقدم. هل تريد الفتح الآن؟</translation>"
other/restore_download_shelf.patch	chromium-git:0f3bbb229ab1499759ea9760a4b58f25b911572b:chrome/app/resources/generated_resources_as.xtb	chrome/app/resources/generated_resources_as.xtb	generated_resources	as	2878782256107578644	"<translation id=""2878782256107578644"">স্কেন কৰা প্ৰক্ৰিয়া চলি আছে, এতিয়া খুলিবনে?</translation>"
other/restore_download_shelf.patch	chromium-git:0f3bbb229ab1499759ea9760a4b58f25b911572b:chrome/app/resources/generated_resources_az.xtb	chrome/app/resources/generated_resources_az.xtb	generated_resources	az	2878782256107578644	"<translation id=""2878782256107578644"">Skanlama davam edir, indi açılsın?</translation>"
other/restore_download_shelf.patch	chromium-git:0f3bbb229ab1499759ea9760a4b58f25b911572b:chrome/app/resources/generated_resources_be.xtb	chrome/app/resources/generated_resources_be.xtb	generated_resources	be	2878782256107578644	"<translation id=""2878782256107578644"">Выконваецца праверка. Адкрыць зараз?</translation>"
other/restore_download_shelf.patch	chromium-git:0f3bbb229ab1499759ea9760a4b58f25b911572b:chrome/app/resources/generated_resources_bg.xtb	chrome/app/resources/generated_resources_bg.xtb	generated_resources	bg	2878782256107578644	"<translation id=""2878782256107578644"">Файлът се сканира. Да се отвори ли сега?</translation>"
other/restore_download_shelf.patch	chromium-git:0f3bbb229ab1499759ea9760a4b58f25b911572b:chrome/app/resources/generated_resources_bn.xtb	chrome/app/resources/generated_resources_bn.xtb	generated_resources	bn	2878782256107578644	"<translation id=""2878782256107578644"">স্ক্যান করা হচ্ছে, এখনই খুলতে চান?</translation>"
other/restore_download_shelf.patch	chromium-git:0f3bbb229ab1499759ea9760a4b58f25b911572b:chrome/app/resources/generated_resources_bs.xtb	chrome/app/resources/generated_resources_bs.xtb	generated_resources	bs	2878782256107578644	"<translation id=""2878782256107578644"">U toku je skeniranje. Otvoriti sada?</translation>"
other/restore_download_shelf.patch	chromium-git:0f3bbb229ab1499759ea9760a4b58f25b911572b:chrome/app/resources/generated_resources_ca.xtb	chrome/app/resources/generated_resources_ca.xtb	generated_resources	ca	2878782256107578644	"<translation id=""2878782256107578644"">S'està analitzant el fitxer. Vols obrir-lo ara?</translation>"
other/restore_download_shelf.patch	chromium-git:0f3bbb229ab1499759ea9760a4b58f25b911572b:chrome/app/resources/generated_resources_cs.xtb	chrome/app/resources/generated_resources_cs.xtb	generated_resources	cs	2878782256107578644	"<translation id=""2878782256107578644"">Probíhá skenování, chcete stažený soubor otevřít hned?</translation>"
other/restore_download_shelf.patch	chromium-git:0f3bbb229ab1499759ea9760a4b58f25b911572b:chrome/app/resources/generated_resources_cy.xtb	chrome/app/resources/generated_resources_cy.xtb	generated_resources	cy	2878782256107578644	"<translation id=""2878782256107578644"">Wrthi'n sganio, agor nawr?</translation>"
other/restore_download_shelf.patch	chromium-git:0f3bbb229ab1499759ea9760a4b58f25b911572b:chrome/app/resources/generated_resources_da.xtb	chrome/app/resources/generated_resources_da.xtb	generated_resources	da	2878782256107578644	"<translation id=""2878782256107578644"">En scanning er i gang. Vil du åbne nu?</translation>"
other/restore_download_shelf.patch	chromium-git:0f3bbb229ab1499759ea9760a4b58f25b911572b:chrome/app/resources/generated_resources_de.xtb	chrome/app/resources/generated_resources_de.xtb	generated_resources	de	2878782256107578644	"<translation id=""2878782256107578644"">Scan wird erstellt. Jetzt öffnen?</translation>"
other/restore_download_shelf.patch	chromium-git:0f3bbb229ab1499759ea9760a4b58f25b911572b:chrome/app/resources/generated_resources_el.xtb	chrome/app/resources/generated_resources_el.xtb	generated_resources	el	2878782256107578644	"<translation id=""2878782256107578644"">Σάρωση σε εξέλιξη, άνοιγμα τώρα;</translation>"
other/restore_download_shelf.patch	chromium-git:0f3bbb229ab1499759ea9760a4b58f25b911572b:chrome/app/resources/generated_resources_en-GB.xtb	chrome/app/resources/generated_resources_en-GB.xtb	generated_resources	en-GB	2878782256107578644	"<translation id=""2878782256107578644"">Scan in progress. Open now?</translation>"
other/restore_download_shelf.patch	chromium-git:0f3bbb229ab1499759ea9760a4b58f25b911572b:chrome/app/resources/generated_resources_es.xtb	chrome/app/resources/generated_resources_es.xtb	generated_resources	es	2878782256107578644	"<translation id=""2878782256107578644"">Análisis en curso. ¿Quieres abrirlo ahora?</translation>"
other/restore_download_shelf.patch	chromium-git:0f3bbb229ab1499759ea9760a4b58f25b911572b:chrome/app/resources/generated_resources_es-419.xtb	chrome/app/resources/generated_resources_es-419.xtb	generated_resources	es-419	2878782256107578644	"<translation id=""2878782256107578644"">El análisis está en curso. ¿Deseas abrir la descarga?</translation>"
other/restore_download_shelf.patch	chromium-git:0f3bbb229ab1499759ea9760a4b58f25b911572b:chrome/app/resources/generated_resources_et.xtb	chrome/app/resources/generated_resources_et.xtb	generated_resources	et	2878782256107578644	"<translation id=""2878782256107578644"">Skannimine on pooleli. Kas avada kohe?</translation>"
other/restore_download_shelf.patch	chromium-git:0f3bbb229ab1499759ea9760a4b58f25b911572b:chrome/app/resources/generated_resources_eu.xtb	chrome/app/resources/generated_resources_eu.xtb	generated_resources	eu	2878782256107578644	"<translation id=""2878782256107578644"">Aztertzen ari gara; orain ireki nahi duzu?</translation>"
other/restore_download_shelf.patch	chromium-git:0f3bbb229ab1499759ea9760a4b58f25b911572b:chrome/app/resources/generated_resources_fa.xtb	chrome/app/resources/generated_resources_fa.xtb	generated_resources	fa	2878782256107578644	"<translation id=""2878782256107578644"">اسکن کردن درحال انجام است، اکنون باز شود؟</translation>"
other/restore_download_shelf.patch	chromium-git:0f3bbb229ab1499759ea9760a4b58f25b911572b:chrome/app/resources/generated_resources_fi.xtb	chrome/app/resources/generated_resources_fi.xtb	generated_resources	fi	2878782256107578644	"<translation id=""2878782256107578644"">Skannaus käynnissä, avataanko nyt?</translation>"
other/restore_download_shelf.patch	chromium-git:0f3bbb229ab1499759ea9760a4b58f25b911572b:chrome/app/resources/generated_resources_fil.xtb	chrome/app/resources/generated_resources_fil.xtb	generated_resources	fil	2878782256107578644	"<translation id=""2878782256107578644"">Kasalukuyang nagsa-scan, buksan ngayon?</translation>"
other/restore_download_shelf.patch	chromium-git:0f3bbb229ab1499759ea9760a4b58f25b911572b:chrome/app/resources/generated_resources_fr.xtb	chrome/app/resources/generated_resources_fr.xtb	generated_resources	fr	2878782256107578644	"<translation id=""2878782256107578644"">Ouvrir avant la fin de l'analyse en cours ?</translation>"
other/restore_download_shelf.patch	chromium-git:0f3bbb229ab1499759ea9760a4b58f25b911572b:chrome/app/resources/generated_resources_fr-CA.xtb	chrome/app/resources/generated_resources_fr-CA.xtb	generated_resources	fr-CA	2878782256107578644	"<translation id=""2878782256107578644"">Analyse en cours. Ouvrir maintenant?</translation>"
other/restore_download_shelf.patch	chromium-git:0f3bbb229ab1499759ea9760a4b58f25b911572b:chrome/app/resources/generated_resources_gl.xtb	chrome/app/resources/generated_resources_gl.xtb	generated_resources	gl	2878782256107578644	"<translation id=""2878782256107578644"">Análise en curso. Queres abrir a descarga agora?</translation>"
other/restore_download_shelf.patch	chromium-git:0f3bbb229ab1499759ea9760a4b58f25b911572b:chrome/app/resources/generated_resources_gu.xtb	chrome/app/resources/generated_resources_gu.xtb	generated_resources	gu	2878782256107578644	"<translation id=""2878782256107578644"">સ્કૅનની પ્રક્રિયા થઈ રહી છે, શું હમણાં ખોલીએ?</translation>"
other/restore_download_shelf.patch	chromium-git:0f3bbb229ab1499759ea9760a4b58f25b911572b:chrome/app/resources/generated_resources_hi.xtb	chrome/app/resources/generated_resources_hi.xtb	generated_resources	hi	2878782256107578644	"<translation id=""2878782256107578644"">स्कैन किया जा रहा है, क्या इसे अभी खोलना चाहते हैं?</translation>"
other/restore_download_shelf.patch	chromium-git:0f3bbb229ab1499759ea9760a4b58f25b911572b:chrome/app/resources/generated_resources_hr.xtb	chrome/app/resources/generated_resources_hr.xtb	generated_resources	hr	2878782256107578644	"<translation id=""2878782256107578644"">Pregled u tijeku, otvoriti odmah?</translation>"
other/restore_download_shelf.patch	chromium-git:0f3bbb229ab1499759ea9760a4b58f25b911572b:chrome/app/resources/generated_resources_hu.xtb	chrome/app/resources/generated_resources_hu.xtb	generated_resources	hu	2878782256107578644	"<translation id=""2878782256107578644"">Az ellenőrzés folyamatban van. Szeretné most megnyitni a fájlt?</translation>"
other/restore_download_shelf.patch	chromium-git:0f3bbb229ab1499759ea9760a4b58f25b911572b:chrome/app/resources/generated_resources_hy.xtb	chrome/app/resources/generated_resources_hy.xtb	generated_resources	hy	2878782256107578644	"<translation id=""2878782256107578644"">Ստուգումն ընթացքի մեջ է։ Բացե՞լ հիմա։</translation>"
other/restore_download_shelf.patch	chromium-git:0f3bbb229ab1499759ea9760a4b58f25b911572b:chrome/app/resources/generated_resources_id.xtb	chrome/app/resources/generated_resources_id.xtb	generated_resources	id	2878782256107578644	"<translation id=""2878782256107578644"">Pemindaian sedang berlangsung, buka sekarang?</translation>"
other/restore_download_shelf.patch	chromium-git:0f3bbb229ab1499759ea9760a4b58f25b911572b:chrome/app/resources/generated_resources_is.xtb	chrome/app/resources/generated_resources_is.xtb	generated_resources	is	2878782256107578644	"<translation id=""2878782256107578644"">Skönnun er í gangi. Opna núna?</translation>"
other/restore_download_shelf.patch	chromium-git:0f3bbb229ab1499759ea9760a4b58f25b911572b:chrome/app/resources/generated_resources_it.xtb	chrome/app/resources/generated_resources_it.xtb	generated_resources	it	2878782256107578644	"<translation id=""2878782256107578644"">Analisi in corso, aprire ora?</translation>"
other/restore_download_shelf.patch	chromium-git:0f3bbb229ab1499759ea9760a4b58f25b911572b:chrome/app/resources/generated_resources_iw.xtb	chrome/app/resources/generated_resources_iw.xtb	generated_resources	iw	2878782256107578644	"<translation id=""2878782256107578644"">הסריקה מתבצעת. לפתוח עכשיו?</translation>"
other/restore_download_shelf.patch	chromium-git:0f3bbb229ab1499759ea9760a4b58f25b911572b:chrome/app/resources/generated_resources_ja.xtb	chrome/app/resources/generated_resources_ja.xtb	generated_resources	ja	2878782256107578644	"<translation id=""2878782256107578644"">スキャン中です。ファイルを今すぐ開きますか？</translation>"
other/restore_download_shelf.patch	chromium-git:0f3bbb229ab1499759ea9760a4b58f25b911572b:chrome/app/resources/generated_resources_ka.xtb	chrome/app/resources/generated_resources_ka.xtb	generated_resources	ka	2878782256107578644	"<translation id=""2878782256107578644"">მიმდინარეობს სკანირება. გსურთ ახლავე გახსნა?</translation>"
other/restore_download_shelf.patch	chromium-git:0f3bbb229ab1499759ea9760a4b58f25b911572b:chrome/app/resources/generated_resources_kk.xtb	chrome/app/resources/generated_resources_kk.xtb	generated_resources	kk	2878782256107578644	"<translation id=""2878782256107578644"">Тексеріліп жатыр. Дәл қазір ашу керек пе?</translation>"
other/restore_download_shelf.patch	chromium-git:0f3bbb229ab1499759ea9760a4b58f25b911572b:chrome/app/resources/generated_resources_km.xtb	chrome/app/resources/generated_resources_km.xtb	generated_resources	km	2878782256107578644	"<translation id=""2878782256107578644"">ការស្កេនកំពុងដំណើរការ បើកឥឡូវនេះឬ?</translation>"
other/restore_download_shelf.patch	chromium-git:0f3bbb229ab1499759ea9760a4b58f25b911572b:chrome/app/resources/generated_resources_kn.xtb	chrome/app/resources/generated_resources_kn.xtb	generated_resources	kn	2878782256107578644	"<translation id=""2878782256107578644"">ಸ್ಕ್ಯಾನ್ ಪ್ರಗತಿಯಲ್ಲಿದೆ, ಈಗ ತೆರೆಯುವುದೇ?</translation>"
other/restore_download_shelf.patch	chromium-git:0f3bbb229ab1499759ea9760a4b58f25b911572b:chrome/app/resources/generated_resources_ko.xtb	chrome/app/resources/generated_resources_ko.xtb	generated_resources	ko	2878782256107578644	"<translation id=""2878782256107578644"">검사가 진행 중입니다. 지금 여시겠습니까?</translation>"
other/restore_download_shelf.patch	chromium-git:0f3bbb229ab1499759ea9760a4b58f25b911572b:chrome/app/resources/generated_resources_ky.xtb	chrome/app/resources/generated_resources_ky.xtb	generated_resources	ky	2878782256107578644	"<translation id=""2878782256107578644"">Издөө жүрүп жатат, ачасызбы?</translation>"
other/restore_download_shelf.patch	chromium-git:0f3bbb229ab1499759ea9760a4b58f25b911572b:chrome/app/resources/generated_resources_lo.xtb	chrome/app/resources/generated_resources_lo.xtb	generated_resources	lo	2878782256107578644	"<translation id=""2878782256107578644"">ພວມດຳເນີນການສະແກນຢູ່, ເປີດຕອນນີ້ບໍ?</translation>"
other/restore_download_shelf.patch	chromium-git:0f3bbb229ab1499759ea9760a4b58f25b911572b:chrome/app/resources/generated_resources_lt.xtb	chrome/app/resources/generated_resources_lt.xtb	generated_resources	lt	2878782256107578644	"<translation id=""2878782256107578644"">Nuskaitoma. Atidaryti dabar?</translation>"
other/restore_download_shelf.patch	chromium-git:0f3bbb229ab1499759ea9760a4b58f25b911572b:chrome/app/resources/generated_resources_lv.xtb	chrome/app/resources/generated_resources_lv.xtb	generated_resources	lv	2878782256107578644	"<translation id=""2878782256107578644"">Notiek skenēšana, vai atvērt tagad?</translation>"
other/restore_download_shelf.patch	chromium-git:0f3bbb229ab1499759ea9760a4b58f25b911572b:chrome/app/resources/generated_resources_mk.xtb	chrome/app/resources/generated_resources_mk.xtb	generated_resources	mk	2878782256107578644	"<translation id=""2878782256107578644"">Во тек е скенирање. Да се отвори сега?</translation>"
other/restore_download_shelf.patch	chromium-git:0f3bbb229ab1499759ea9760a4b58f25b911572b:chrome/app/resources/generated_resources_ml.xtb	chrome/app/resources/generated_resources_ml.xtb	generated_resources	ml	2878782256107578644	"<translation id=""2878782256107578644"">സ്‌കാൻ ചെയ്യൽ പുരോഗമിക്കുകയാണ്, ഇപ്പോൾ തുറക്കണോ?</translation>"
other/restore_download_shelf.patch	chromium-git:0f3bbb229ab1499759ea9760a4b58f25b911572b:chrome/app/resources/generated_resources_mn.xtb	chrome/app/resources/generated_resources_mn.xtb	generated_resources	mn	2878782256107578644	"<translation id=""2878782256107578644"">Скан хийж байна, одоо нээх үү?</translation>"
other/restore_download_shelf.patch	chromium-git:0f3bbb229ab1499759ea9760a4b58f25b911572b:chrome/app/resources/generated_resources_mr.xtb	chrome/app/resources/generated_resources_mr.xtb	generated_resources	mr	2878782256107578644	"<translation id=""2878782256107578644"">स्कॅन प्रगतीपथावर आहे, आता उघडायचे आहे का?</translation>"
other/restore_download_shelf.patch	chromium-git:0f3bbb229ab1499759ea9760a4b58f25b911572b:chrome/app/resources/generated_resources_ms.xtb	chrome/app/resources/generated_resources_ms.xtb	generated_resources	ms	2878782256107578644	"<translation id=""2878782256107578644"">Pengimbasan sedang dijalankan, buka sekarang?</translation>"
other/restore_download_shelf.patch	chromium-git:0f3bbb229ab1499759ea9760a4b58f25b911572b:chrome/app/resources/generated_resources_my.xtb	chrome/app/resources/generated_resources_my.xtb	generated_resources	my	2878782256107578644	"<translation id=""2878782256107578644"">စကင်လုပ်နေဆဲဖြစ်သည်၊ ယခုဖွင့်မလား။</translation>"
other/restore_download_shelf.patch	chromium-git:0f3bbb229ab1499759ea9760a4b58f25b911572b:chrome/app/resources/generated_resources_ne.xtb	chrome/app/resources/generated_resources_ne.xtb	generated_resources	ne	2878782256107578644	"<translation id=""2878782256107578644"">स्क्यान गर्ने कार्य भइरहेको छ, अहिले नै खोल्ने हो?</translation>"
other/restore_download_shelf.patch	chromium-git:0f3bbb229ab1499759ea9760a4b58f25b911572b:chrome/app/resources/generated_resources_nl.xtb	chrome/app/resources/generated_resources_nl.xtb	generated_resources	nl	2878782256107578644	"<translation id=""2878782256107578644"">Bezig met scannen, nu openen?</translation>"
other/restore_download_shelf.patch	chromium-git:0f3bbb229ab1499759ea9760a4b58f25b911572b:chrome/app/resources/generated_resources_no.xtb	chrome/app/resources/generated_resources_no.xtb	generated_resources	no	2878782256107578644	"<translation id=""2878782256107578644"">Gjennomsøking pågår. Vil du åpne nedlastingen nå?</translation>"
other/restore_download_shelf.patch	chromium-git:0f3bbb229ab1499759ea9760a4b58f25b911572b:chrome/app/resources/generated_resources_or.xtb	chrome/app/resources/generated_resources_or.xtb	generated_resources	or	2878782256107578644	"<translation id=""2878782256107578644"">ସ୍କାନ୍ ଚାଲୁଛି, ବର୍ତ୍ତମାନ ଖୋଲିବେ କି?</translation>"
other/restore_download_shelf.patch	chromium-git:0f3bbb229ab1499759ea9760a4b58f25b911572b:chrome/app/resources/generated_resources_pa.xtb	chrome/app/resources/generated_resources_pa.xtb	generated_resources	pa	2878782256107578644	"<translation id=""2878782256107578644"">ਸਕੈਨ ਚੱਲ ਰਿਹਾ ਹੈ, ਕੀ ਹੁਣੇ ਖੋਲ੍ਹਣਾ ਹੈ?</translation>"
other/restore_download_shelf.patch	chromium-git:0f3bbb229ab1499759ea9760a4b58f25b911572b:chrome/app/resources/generated_resources_pl.xtb	chrome/app/resources/generated_resources_pl.xtb	generated_resources	pl	2878782256107578644	"<translation id=""2878782256107578644"">Trwa skanowanie. Otworzyć teraz?</translation>"
other/restore_download_shelf.patch	chromium-git:0f3bbb229ab1499759ea9760a4b58f25b911572b:chrome/app/resources/generated_resources_pt-BR.xtb	chrome/app/resources/generated_resources_pt-BR.xtb	generated_resources	pt-BR	2878782256107578644	"<translation id=""2878782256107578644"">Verificação em andamento, abrir agora?</translation>"
other/restore_download_shelf.patch	chromium-git:0f3bbb229ab1499759ea9760a4b58f25b911572b:chrome/app/resources/generated_resources_pt-PT.xtb	chrome/app/resources/generated_resources_pt-PT.xtb	generated_resources	pt-PT	2878782256107578644	"<translation id=""2878782256107578644"">Verificação em curso. Quer abrir agora?</translation>"
other/restore_download_shelf.patch	chromium-git:0f3bbb229ab1499759ea9760a4b58f25b911572b:chrome/app/resources/generated_resources_ro.xtb	chrome/app/resources/generated_resources_ro.xtb	generated_resources	ro	2878782256107578644	"<translation id=""2878782256107578644"">Scanare în desfășurare, deschizi acum?</translation>"
other/restore_download_shelf.patch	chromium-git:0f3bbb229ab1499759ea9760a4b58f25b911572b:chrome/app/resources/generated_resources_ru.xtb	chrome/app/resources/generated_resources_ru.xtb	generated_resources	ru	2878782256107578644	"<translation id=""2878782256107578644"">Прервать сканирование и открыть файл?</translation>"
other/restore_download_shelf.patch	chromium-git:0f3bbb229ab1499759ea9760a4b58f25b911572b:chrome/app/resources/generated_resources_si.xtb	chrome/app/resources/generated_resources_si.xtb	generated_resources	si	2878782256107578644	"<translation id=""2878782256107578644"">ස්කෑන් කෙරෙමින් පවතියි, දැන් විවෘත කරන්නද?</translation>"
other/restore_download_shelf.patch	chromium-git:0f3bbb229ab1499759ea9760a4b58f25b911572b:chrome/app/resources/generated_resources_sk.xtb	chrome/app/resources/generated_resources_sk.xtb	generated_resources	sk	2878782256107578644	"<translation id=""2878782256107578644"">Prebieha kontrola, chcete ho otvoriť?</translation>"
other/restore_download_shelf.patch	chromium-git:0f3bbb229ab1499759ea9760a4b58f25b911572b:chrome/app/resources/generated_resources_sl.xtb	chrome/app/resources/generated_resources_sl.xtb	generated_resources	sl	2878782256107578644	"<translation id=""2878782256107578644"">Poteka pregled. Želite odpreti prenos?</translation>"
other/restore_download_shelf.patch	chromium-git:0f3bbb229ab1499759ea9760a4b58f25b911572b:chrome/app/resources/generated_resources_sq.xtb	chrome/app/resources/generated_resources_sq.xtb	generated_resources	sq	2878782256107578644	"<translation id=""2878782256107578644"">Skanimi është në vazhdim, të hapet tani?</translation>"
other/restore_download_shelf.patch	chromium-git:0f3bbb229ab1499759ea9760a4b58f25b911572b:chrome/app/resources/generated_resources_sr.xtb	chrome/app/resources/generated_resources_sr.xtb	generated_resources	sr	2878782256107578644	"<translation id=""2878782256107578644"">Скенирање је у току, желите ли да отворите одмах?</translation>"
other/restore_download_shelf.patch	chromium-git:0f3bbb229ab1499759ea9760a4b58f25b911572b:chrome/app/resources/generated_resources_sr-Latn.xtb	chrome/app/resources/generated_resources_sr-Latn.xtb	generated_resources	sr-Latn	2878782256107578644	"<translation id=""2878782256107578644"">Skeniranje je u toku, želite li da otvorite odmah?</translation>"
other/restore_download_shelf.patch	chromium-git:0f3bbb229ab1499759ea9760a4b58f25b911572b:chrome/app/resources/generated_resources_sv.xtb	chrome/app/resources/generated_resources_sv.xtb	generated_resources	sv	2878782256107578644	"<translation id=""2878782256107578644"">Filen genomsöks. Vill du öppna den nu?</translation>"
other/restore_download_shelf.patch	chromium-git:0f3bbb229ab1499759ea9760a4b58f25b911572b:chrome/app/resources/generated_resources_sw.xtb	chrome/app/resources/generated_resources_sw.xtb	generated_resources	sw	2878782256107578644	"<translation id=""2878782256107578644"">Inachanganua, ungependa kufungua sasa?</translation>"
other/restore_download_shelf.patch	chromium-git:0f3bbb229ab1499759ea9760a4b58f25b911572b:chrome/app/resources/generated_resources_ta.xtb	chrome/app/resources/generated_resources_ta.xtb	generated_resources	ta	2878782256107578644	"<translation id=""2878782256107578644"">ஸ்கேன் செய்யப்படுகிறது, இப்போதே திறக்க வேண்டுமா?</translation>"
other/restore_download_shelf.patch	chromium-git:0f3bbb229ab1499759ea9760a4b58f25b911572b:chrome/app/resources/generated_resources_te.xtb	chrome/app/resources/generated_resources_te.xtb	generated_resources	te	2878782256107578644	"<translation id=""2878782256107578644"">స్కాన్ ప్రోగ్రెస్‌లో ఉంది, ఇప్పుడు తెరవాలా?</translation>"
other/restore_download_shelf.patch	chromium-git:0f3bbb229ab1499759ea9760a4b58f25b911572b:chrome/app/resources/generated_resources_th.xtb	chrome/app/resources/generated_resources_th.xtb	generated_resources	th	2878782256107578644	"<translation id=""2878782256107578644"">กำลังสแกน จะเปิดเลยไหม</translation>"
other/restore_download_shelf.patch	chromium-git:0f3bbb229ab1499759ea9760a4b58f25b911572b:chrome/app/resources/generated_resources_tr.xtb	chrome/app/resources/generated_resources_tr.xtb	generated_resources	tr	2878782256107578644	"<translation id=""2878782256107578644"">Tarama devam ediyor, şimdi açılsın mı?</translation>"
other/restore_download_shelf.patch	chromium-git:0f3bbb229ab1499759ea9760a4b58f25b911572b:chrome/app/resources/generated_resources_uk.xtb	chrome/app/resources/generated_resources_uk.xtb	generated_resources	uk	2878782256107578644	"<translation id=""2878782256107578644"">Триває сканування. Відкрити зараз?</translation>"
other/restore_download_shelf.patch	chromium-git:0f3bbb229ab1499759ea9760a4b58f25b911572b:chrome/app/resources/generated_resources_ur.xtb	chrome/app/resources/generated_resources_ur.xtb	generated_resources	ur	2878782256107578644	"<translation id=""2878782256107578644"">اسکیننگ جاری ہے، ابھی کھولیں؟</translation>"
other/restore_download_shelf.patch	chromium-git:0f3bbb229ab1499759ea9760a4b58f25b911572b:chrome/app/resources/generated_resources_uz.xtb	chrome/app/resources/generated_resources_uz.xtb	generated_resources	uz	2878782256107578644	"<translation id=""2878782256107578644"">Skanerlanmoqda, hozir ochilsinmi?</translation>"
other/restore_download_shelf.patch	chromium-git:0f3bbb229ab1499759ea9760a4b58f25b911572b:chrome/app/resources/generated_resources_vi.xtb	chrome/app/resources/generated_resources_vi.xtb	generated_resources	vi	2878782256107578644	"<translation id=""2878782256107578644"">Hệ thống đang quét, bạn muốn mở ngay?</translation>"
other/restore_download_shelf.patch	chromium-git:0f3bbb229ab1499759ea9760a4b58f25b911572b:chrome/app/resources/generated_resources_zh-CN.xtb	chrome/app/resources/generated_resources_zh-CN.xtb	generated_resources	zh-CN	2878782256107578644	"<translation id=""2878782256107578644"">正在扫描。立即打开？</translation>"
other/restore_download_shelf.patch	chromium-git:0f3bbb229ab1499759ea9760a4b58f25b911572b:chrome/app/resources/generated_resources_zh-HK.xtb	chrome/app/resources/generated_resources_zh-HK.xtb	generated_resources	zh-HK	2878782256107578644	"<translation id=""2878782256107578644"">正在掃瞄，要立即開啟嗎？</translation>"
other/restore_download_shelf.patch	chromium-git:0f3bbb229ab1499759ea9760a4b58f25b911572b:chrome/app/resources/generated_resources_zh-TW.xtb	chrome/app/resources/generated_resources_zh-TW.xtb	generated_resources	zh-TW	2878782256107578644	"<translation id=""2878782256107578644"">正在掃描，要立即開啟嗎？</translation>"
other/restore_download_shelf.patch	chromium-git:0f3bbb229ab1499759ea9760a4b58f25b911572b:chrome/app/resources/generated_resources_zu.xtb	chrome/app/resources/generated_resources_zu.xtb	generated_resources	zu	2878782256107578644	"<translation id=""2878782256107578644"">Ukuskena kuyaqhubeka, vula manje?</translation>"
other/restore_download_shelf.patch	chromium-git:0f3bbb229ab1499759ea9760a4b58f25b911572b:chrome/app/resources/generated_resources_af.xtb	chrome/app/resources/generated_resources_af.xtb	generated_resources	af	3916233823027929090	"<translation id=""3916233823027929090"">Sekuriteitkontroles is afgehandel</translation>"
other/restore_download_shelf.patch	chromium-git:0f3bbb229ab1499759ea9760a4b58f25b911572b:chrome/app/resources/generated_resources_am.xtb	chrome/app/resources/generated_resources_am.xtb	generated_resources	am	3916233823027929090	"<translation id=""3916233823027929090"">የደህንነት ፍተሻዎች ተከናውነዋል</translation>"
other/restore_download_shelf.patch	chromium-git:0f3bbb229ab1499759ea9760a4b58f25b911572b:chrome/app/resources/generated_resources_ar.xtb	chrome/app/resources/generated_resources_ar.xtb	generated_resources	ar	3916233823027929090	"<translation id=""3916233823027929090"">اكتملت عمليات فحص الأمان.</translation>"
other/restore_download_shelf.patch	chromium-git:0f3bbb229ab1499759ea9760a4b58f25b911572b:chrome/app/resources/generated_resources_as.xtb	chrome/app/resources/generated_resources_as.xtb	generated_resources	as	3916233823027929090	"<translation id=""3916233823027929090"">সুৰক্ষা পৰীক্ষা কৰা হৈছে</translation>"
other/restore_download_shelf.patch	chromium-git:0f3bbb229ab1499759ea9760a4b58f25b911572b:chrome/app/resources/generated_resources_az.xtb	chrome/app/resources/generated_resources_az.xtb	generated_resources	az	3916233823027929090	"<translation id=""3916233823027929090"">Güvənlik yoxlanışları tamamlanıb</translation>"
other/restore_download_shelf.patch	chromium-git:0f3bbb229ab1499759ea9760a4b58f25b911572b:chrome/app/resources/generated_resources_be.xtb	chrome/app/resources/generated_resources_be.xtb	generated_resources	be	3916233823027929090	"<translation id=""3916233823027929090"">Праверка бяспекі выканана</translation>"
other/restore_download_shelf.patch	chromium-git:0f3bbb229ab1499759ea9760a4b58f25b911572b:chrome/app/resources/generated_resources_bg.xtb	chrome/app/resources/generated_resources_bg.xtb	generated_resources	bg	3916233823027929090	"<translation id=""3916233823027929090"">Проверките на сигурността завършиха</translation>"
other/restore_download_shelf.patch	chromium-git:0f3bbb229ab1499759ea9760a4b58f25b911572b:chrome/app/resources/generated_resources_bn.xtb	chrome/app/resources/generated_resources_bn.xtb	generated_resources	bn	3916233823027929090	"<translation id=""3916233823027929090"">নিরাপত্তা পরীক্ষা করা হয়েছে</translation>"
other/restore_download_shelf.patch	chromium-git:0f3bbb229ab1499759ea9760a4b58f25b911572b:chrome/app/resources/generated_resources_bs.xtb	chrome/app/resources/generated_resources_bs.xtb	generated_resources	bs	3916233823027929090	"<translation id=""3916233823027929090"">Sigurnosne provjere su izvršene</translation>"
other/restore_download_shelf.patch	chromium-git:0f3bbb229ab1499759ea9760a4b58f25b911572b:chrome/app/resources/generated_resources_ca.xtb	chrome/app/resources/generated_resources_ca.xtb	generated_resources	ca	3916233823027929090	"<translation id=""3916233823027929090"">Les comprovacions de seguretat han finalitzat</translation>"
other/restore_download_shelf.patch	chromium-git:0f3bbb229ab1499759ea9760a4b58f25b911572b:chrome/app/resources/generated_resources_cs.xtb	chrome/app/resources/generated_resources_cs.xtb	generated_resources	cs	3916233823027929090	"<translation id=""3916233823027929090"">Bezpečnostní kontroly jsou dokončeny</translation>"
other/restore_download_shelf.patch	chromium-git:0f3bbb229ab1499759ea9760a4b58f25b911572b:chrome/app/resources/generated_resources_cy.xtb	chrome/app/resources/generated_resources_cy.xtb	generated_resources	cy	3916233823027929090	"<translation id=""3916233823027929090"">Gwneir gwiriadau diogelwch</translation>"
other/restore_download_shelf.patch	chromium-git:0f3bbb229ab1499759ea9760a4b58f25b911572b:chrome/app/resources/generated_resources_da.xtb	chrome/app/resources/generated_resources_da.xtb	generated_resources	da	3916233823027929090	"<translation id=""3916233823027929090"">Sikkerhedstjekket blev gennemført</translation>"
other/restore_download_shelf.patch	chromium-git:0f3bbb229ab1499759ea9760a4b58f25b911572b:chrome/app/resources/generated_resources_de.xtb	chrome/app/resources/generated_resources_de.xtb	generated_resources	de	3916233823027929090	"<translation id=""3916233823027929090"">Sicherheitsprüfungen abgeschlossen</translation>"
other/restore_download_shelf.patch	chromium-git:0f3bbb229ab1499759ea9760a4b58f25b911572b:chrome/app/resources/generated_resources_el.xtb	chrome/app/resources/generated_resources_el.xtb	generated_resources	el	3916233823027929090	"<translation id=""3916233823027929090"">Οι έλεγχοι ασφάλειας ολοκληρώθηκαν.</translation>"
other/restore_download_shelf.patch	chromium-git:0f3bbb229ab1499759ea9760a4b58f25b911572b:chrome/app/resources/generated_resources_en-GB.xtb	chrome/app/resources/generated_resources_en-GB.xtb	generated_resources	en-GB	3916233823027929090	"<translation id=""3916233823027929090"">Security checks are done</translation>"
other/restore_download_shelf.patch	chromium-git:0f3bbb229ab1499759ea9760a4b58f25b911572b:chrome/app/resources/generated_resources_es.xtb	chrome/app/resources/generated_resources_es.xtb	generated_resources	es	3916233823027929090	"<translation id=""3916233823027929090"">Se han realizado las comprobaciones de seguridad</translation>"
other/restore_download_shelf.patch	chromium-git:0f3bbb229ab1499759ea9760a4b58f25b911572b:chrome/app/resources/generated_resources_es-419.xtb	chrome/app/resources/generated_resources_es-419.xtb	generated_resources	es-419	3916233823027929090	"<translation id=""3916233823027929090"">Se completaron los controles de seguridad</translation>"
other/restore_download_shelf.patch	chromium-git:0f3bbb229ab1499759ea9760a4b58f25b911572b:chrome/app/resources/generated_resources_et.xtb	chrome/app/resources/generated_resources_et.xtb	generated_resources	et	3916233823027929090	"<translation id=""3916233823027929090"">Turvakontrollid on tehtud</translation>"
other/restore_download_shelf.patch	chromium-git:0f3bbb229ab1499759ea9760a4b58f25b911572b:chrome/app/resources/generated_resources_eu.xtb	chrome/app/resources/generated_resources_eu.xtb	generated_resources	eu	3916233823027929090	"<translation id=""3916233823027929090"">Egin dira segurtasun-egiaztapenak</translation>"
other/restore_download_shelf.patch	chromium-git:0f3bbb229ab1499759ea9760a4b58f25b911572b:chrome/app/resources/generated_resources_fa.xtb	chrome/app/resources/generated_resources_fa.xtb	generated_resources	fa	3916233823027929090	"<translation id=""3916233823027929090"">بررسی‌های امنیتی انجام شدند</translation>"
other/restore_download_shelf.patch	chromium-git:0f3bbb229ab1499759ea9760a4b58f25b911572b:chrome/app/resources/generated_resources_fi.xtb	chrome/app/resources/generated_resources_fi.xtb	generated_resources	fi	3916233823027929090	"<translation id=""3916233823027929090"">Turvatarkistukset on tehty</translation>"
other/restore_download_shelf.patch	chromium-git:0f3bbb229ab1499759ea9760a4b58f25b911572b:chrome/app/resources/generated_resources_fil.xtb	chrome/app/resources/generated_resources_fil.xtb	generated_resources	fil	3916233823027929090	"<translation id=""3916233823027929090"">Tapos na ang mga pagsusuri sa seguridad</translation>"
other/restore_download_shelf.patch	chromium-git:0f3bbb229ab1499759ea9760a4b58f25b911572b:chrome/app/resources/generated_resources_fr.xtb	chrome/app/resources/generated_resources_fr.xtb	generated_resources	fr	3916233823027929090	"<translation id=""3916233823027929090"">Contrôles de sécurité terminés</translation>"
other/restore_download_shelf.patch	chromium-git:0f3bbb229ab1499759ea9760a4b58f25b911572b:chrome/app/resources/generated_resources_fr-CA.xtb	chrome/app/resources/generated_resources_fr-CA.xtb	generated_resources	fr-CA	3916233823027929090	"<translation id=""3916233823027929090"">Les vérifications de sécurité sont terminées</translation>"
other/restore_download_shelf.patch	chromium-git:0f3bbb229ab1499759ea9760a4b58f25b911572b:chrome/app/resources/generated_resources_gl.xtb	chrome/app/resources/generated_resources_gl.xtb	generated_resources	gl	3916233823027929090	"<translation id=""3916233823027929090"">Realizáronse comprobacións de seguranza</translation>"
other/restore_download_shelf.patch	chromium-git:0f3bbb229ab1499759ea9760a4b58f25b911572b:chrome/app/resources/generated_resources_gu.xtb	chrome/app/resources/generated_resources_gu.xtb	generated_resources	gu	3916233823027929090	"<translation id=""3916233823027929090"">સુરક્ષા તપાસ પૂરી થઈ</translation>"
other/restore_download_shelf.patch	chromium-git:0f3bbb229ab1499759ea9760a4b58f25b911572b:chrome/app/resources/generated_resources_hi.xtb	chrome/app/resources/generated_resources_hi.xtb	generated_resources	hi	3916233823027929090	"<translation id=""3916233823027929090"">सुरक्षा जांच पूरी हो गईं</translation>"
other/restore_download_shelf.patch	chromium-git:0f3bbb229ab1499759ea9760a4b58f25b911572b:chrome/app/resources/generated_resources_hr.xtb	chrome/app/resources/generated_resources_hr.xtb	generated_resources	hr	3916233823027929090	"<translation id=""3916233823027929090"">Sigurnosne su provjere izvršene</translation>"
other/restore_download_shelf.patch	chromium-git:0f3bbb229ab1499759ea9760a4b58f25b911572b:chrome/app/resources/generated_resources_hu.xtb	chrome/app/resources/generated_resources_hu.xtb	generated_resources	hu	3916233823027929090	"<translation id=""3916233823027929090"">Biztonsági ellenőrzések sikeresen végrehajtva</translation>"
other/restore_download_shelf.patch	chromium-git:0f3bbb229ab1499759ea9760a4b58f25b911572b:chrome/app/resources/generated_resources_hy.xtb	chrome/app/resources/generated_resources_hy.xtb	generated_resources	hy	3916233823027929090	"<translation id=""3916233823027929090"">Անվտանգության ստուգումներն ավարտվել են</translation>"
other/restore_download_shelf.patch	chromium-git:0f3bbb229ab1499759ea9760a4b58f25b911572b:chrome/app/resources/generated_resources_id.xtb	chrome/app/resources/generated_resources_id.xtb	generated_resources	id	3916233823027929090	"<translation id=""3916233823027929090"">Pemeriksaan keamanan selesai</translation>"
other/restore_download_shelf.patch	chromium-git:0f3bbb229ab1499759ea9760a4b58f25b911572b:chrome/app/resources/generated_resources_is.xtb	chrome/app/resources/generated_resources_is.xtb	generated_resources	is	3916233823027929090	"<translation id=""3916233823027929090"">Öryggisathugunum er lokið</translation>"
other/restore_download_shelf.patch	chromium-git:0f3bbb229ab1499759ea9760a4b58f25b911572b:chrome/app/resources/generated_resources_it.xtb	chrome/app/resources/generated_resources_it.xtb	generated_resources	it	3916233823027929090	"<translation id=""3916233823027929090"">Controlli di sicurezza effettuati</translation>"
other/restore_download_shelf.patch	chromium-git:0f3bbb229ab1499759ea9760a4b58f25b911572b:chrome/app/resources/generated_resources_iw.xtb	chrome/app/resources/generated_resources_iw.xtb	generated_resources	iw	3916233823027929090	"<translation id=""3916233823027929090"">בדיקות האבטחה הסתיימו</translation>"
other/restore_download_shelf.patch	chromium-git:0f3bbb229ab1499759ea9760a4b58f25b911572b:chrome/app/resources/generated_resources_ja.xtb	chrome/app/resources/generated_resources_ja.xtb	generated_resources	ja	3916233823027929090	"<translation id=""3916233823027929090"">セキュリティ チェックが完了しました</translation>"
other/restore_download_shelf.patch	chromium-git:0f3bbb229ab1499759ea9760a4b58f25b911572b:chrome/app/resources/generated_resources_ka.xtb	chrome/app/resources/generated_resources_ka.xtb	generated_resources	ka	3916233823027929090	"<translation id=""3916233823027929090"">უსაფრთხოების შემოწმებები შესრულებულია</translation>"
other/restore_download_shelf.patch	chromium-git:0f3bbb229ab1499759ea9760a4b58f25b911572b:chrome/app/resources/generated_resources_kk.xtb	chrome/app/resources/generated_resources_kk.xtb	generated_resources	kk	3916233823027929090	"<translation id=""3916233823027929090"">Қауіпсіздік тексерісі жасалды.</translation>"
other/restore_download_shelf.patch	chromium-git:0f3bbb229ab1499759ea9760a4b58f25b911572b:chrome/app/resources/generated_resources_km.xtb	chrome/app/resources/generated_resources_km.xtb	generated_resources	km	3916233823027929090	"<translation id=""3916233823027929090"">ការពិនិត្យ​សុវត្ថិភាពបានបញ្ចប់ហើយ</translation>"
other/restore_download_shelf.patch	chromium-git:0f3bbb229ab1499759ea9760a4b58f25b911572b:chrome/app/resources/generated_resources_kn.xtb	chrome/app/resources/generated_resources_kn.xtb	generated_resources	kn	3916233823027929090	"<translation id=""3916233823027929090"">ಭದ್ರತೆ ಪರಿಶೀಲನೆಗಳನ್ನು ಮಾಡಲಾಗಿದೆ</translation>"
other/restore_download_shelf.patch	chromium-git:0f3bbb229ab1499759ea9760a4b58f25b911572b:chrome/app/resources/generated_resources_ko.xtb	chrome/app/resources/generated_resources_ko.xtb	generated_resources	ko	3916233823027929090	"<translation id=""3916233823027929090"">보안 확인이 완료되었습니다.</translation>"
other/restore_download_shelf.patch	chromium-git:0f3bbb229ab1499759ea9760a4b58f25b911572b:chrome/app/resources/generated_resources_ky.xtb	chrome/app/resources/generated_resources_ky.xtb	generated_resources	ky	3916233823027929090	"<translation id=""3916233823027929090"">Коопсуздук текшерилди</translation>"
other/restore_download_shelf.patch	chromium-git:0f3bbb229ab1499759ea9760a4b58f25b911572b:chrome/app/resources/generated_resources_lo.xtb	chrome/app/resources/generated_resources_lo.xtb	generated_resources	lo	3916233823027929090	"<translation id=""3916233823027929090"">ກວດສອບຄວາມປອດໄພສຳເລັດແລ້ວ</translation>"
other/restore_download_shelf.patch	chromium-git:0f3bbb229ab1499759ea9760a4b58f25b911572b:chrome/app/resources/generated_resources_lt.xtb	chrome/app/resources/generated_resources_lt.xtb	generated_resources	lt	3916233823027929090	"<translation id=""3916233823027929090"">Saugos patikros atliktos</translation>"
other/restore_download_shelf.patch	chromium-git:0f3bbb229ab1499759ea9760a4b58f25b911572b:chrome/app/resources/generated_resources_lv.xtb	chrome/app/resources/generated_resources_lv.xtb	generated_resources	lv	3916233823027929090	"<translation id=""3916233823027929090"">Drošības pārbaudes ir pabeigtas.</translation>"
other/restore_download_shelf.patch	chromium-git:0f3bbb229ab1499759ea9760a4b58f25b911572b:chrome/app/resources/generated_resources_mk.xtb	chrome/app/resources/generated_resources_mk.xtb	generated_resources	mk	3916233823027929090	"<translation id=""3916233823027929090"">Безбедносните проверки се извршени</translation>"
other/restore_download_shelf.patch	chromium-git:0f3bbb229ab1499759ea9760a4b58f25b911572b:chrome/app/resources/generated_resources_ml.xtb	chrome/app/resources/generated_resources_ml.xtb	generated_resources	ml	3916233823027929090	"<translation id=""3916233823027929090"">സുരക്ഷാപരിശോധനകൾ പൂർത്തിയാക്കി</translation>"
other/restore_download_shelf.patch	chromium-git:0f3bbb229ab1499759ea9760a4b58f25b911572b:chrome/app/resources/generated_resources_mn.xtb	chrome/app/resources/generated_resources_mn.xtb	generated_resources	mn	3916233823027929090	"<translation id=""3916233823027929090"">Аюулгүй байдлын шалгалт дууссан</translation>"
other/restore_download_shelf.patch	chromium-git:0f3bbb229ab1499759ea9760a4b58f25b911572b:chrome/app/resources/generated_resources_mr.xtb	chrome/app/resources/generated_resources_mr.xtb	generated_resources	mr	3916233823027929090	"<translation id=""3916233823027929090"">सुरक्षा तपासण्या पूर्ण झाल्या</translation>"
other/restore_download_shelf.patch	chromium-git:0f3bbb229ab1499759ea9760a4b58f25b911572b:chrome/app/resources/generated_resources_ms.xtb	chrome/app/resources/generated_resources_ms.xtb	generated_resources	ms	3916233823027929090	"<translation id=""3916233823027929090"">Semakan keselamatan selesai</translation>"
other/restore_download_shelf.patch	chromium-git:0f3bbb229ab1499759ea9760a4b58f25b911572b:chrome/app/resources/generated_resources_my.xtb	chrome/app/resources/generated_resources_my.xtb	generated_resources	my	3916233823027929090	"<translation id=""3916233823027929090"">လုံခြုံရေး စစ်ဆေးမှုများ လုပ်ပြီးပြီ</translation>"
other/restore_download_shelf.patch	chromium-git:0f3bbb229ab1499759ea9760a4b58f25b911572b:chrome/app/resources/generated_resources_ne.xtb	chrome/app/resources/generated_resources_ne.xtb	generated_resources	ne	3916233823027929090	"<translation id=""3916233823027929090"">सुरक्षासम्बन्धी जाँचहरू गरिए</translation>"
other/restore_download_shelf.patch	chromium-git:0f3bbb229ab1499759ea9760a4b58f25b911572b:chrome/app/resources/generated_resources_nl.xtb	chrome/app/resources/generated_resources_nl.xtb	generated_resources	nl	3916233823027929090	"<translation id=""3916233823027929090"">Beveiligingscontroles zijn uitgevoerd</translation>"
other/restore_download_shelf.patch	chromium-git:0f3bbb229ab1499759ea9760a4b58f25b911572b:chrome/app/resources/generated_resources_no.xtb	chrome/app/resources/generated_resources_no.xtb	generated_resources	no	3916233823027929090	"<translation id=""3916233823027929090"">Sikkerhetssjekkene er fullført</translation>"
other/restore_download_shelf.patch	chromium-git:0f3bbb229ab1499759ea9760a4b58f25b911572b:chrome/app/resources/generated_resources_or.xtb	chrome/app/resources/generated_resources_or.xtb	generated_resources	or	3916233823027929090	"<translation id=""3916233823027929090"">ସୁରକ୍ଷା ଯାଞ୍ଚଗୁଡ଼ିକ ସମ୍ପୂର୍ଣ୍ଣ ହୋଇଛି</translation>"
other/restore_download_shelf.patch	chromium-git:0f3bbb229ab1499759ea9760a4b58f25b911572b:chrome/app/resources/generated_resources_pa.xtb	chrome/app/resources/generated_resources_pa.xtb	generated_resources	pa	3916233823027929090	"<translation id=""3916233823027929090"">ਸੁਰੱਖਿਆ ਜਾਂਚਾਂ ਪੂਰੀਆਂ ਹੋਈਆਂ</translation>"
other/restore_download_shelf.patch	chromium-git:0f3bbb229ab1499759ea9760a4b58f25b911572b:chrome/app/resources/generated_resources_pl.xtb	chrome/app/resources/generated_resources_pl.xtb	generated_resources	pl	3916233823027929090	"<translation id=""3916233823027929090"">Kontrola bezpieczeństwa została ukończona</translation>"
other/restore_download_shelf.patch	chromium-git:0f3bbb229ab1499759ea9760a4b58f25b911572b:chrome/app/resources/generated_resources_pt-BR.xtb	chrome/app/resources/generated_resources_pt-BR.xtb	generated_resources	pt-BR	3916233823027929090	"<translation id=""3916233823027929090"">As verificações de segurança foram concluídas</translation>"
other/restore_download_shelf.patch	chromium-git:0f3bbb229ab1499759ea9760a4b58f25b911572b:chrome/app/resources/generated_resources_pt-PT.xtb	chrome/app/resources/generated_resources_pt-PT.xtb	generated_resources	pt-PT	3916233823027929090	"<translation id=""3916233823027929090"">As verificações de segurança estão concluídas.</translation>"
other/restore_download_shelf.patch	chromium-git:0f3bbb229ab1499759ea9760a4b58f25b911572b:chrome/app/resources/generated_resources_ro.xtb	chrome/app/resources/generated_resources_ro.xtb	generated_resources	ro	3916233823027929090	"<translation id=""3916233823027929090"">S-au finalizat verificările de securitate</translation>"
other/restore_download_shelf.patch	chromium-git:0f3bbb229ab1499759ea9760a4b58f25b911572b:chrome/app/resources/generated_resources_ru.xtb	chrome/app/resources/generated_resources_ru.xtb	generated_resources	ru	3916233823027929090	"<translation id=""3916233823027929090"">Проверка безопасности выполнена.</translation>"
other/restore_download_shelf.patch	chromium-git:0f3bbb229ab1499759ea9760a4b58f25b911572b:chrome/app/resources/generated_resources_si.xtb	chrome/app/resources/generated_resources_si.xtb	generated_resources	si	3916233823027929090	"<translation id=""3916233823027929090"">ආරක්ෂක පරීක්ෂා සිදු කෙරේ</translation>"
other/restore_download_shelf.patch	chromium-git:0f3bbb229ab1499759ea9760a4b58f25b911572b:chrome/app/resources/generated_resources_sk.xtb	chrome/app/resources/generated_resources_sk.xtb	generated_resources	sk	3916233823027929090	"<translation id=""3916233823027929090"">Kontroly boli uskutočnené</translation>"
other/restore_download_shelf.patch	chromium-git:0f3bbb229ab1499759ea9760a4b58f25b911572b:chrome/app/resources/generated_resources_sl.xtb	chrome/app/resources/generated_resources_sl.xtb	generated_resources	sl	3916233823027929090	"<translation id=""3916233823027929090"">Varnostni pregledi so opravljeni</translation>"
other/restore_download_shelf.patch	chromium-git:0f3bbb229ab1499759ea9760a4b58f25b911572b:chrome/app/resources/generated_resources_sq.xtb	chrome/app/resources/generated_resources_sq.xtb	generated_resources	sq	3916233823027929090	"<translation id=""3916233823027929090"">Kontrollet e sigurisë përfunduan</translation>"
other/restore_download_shelf.patch	chromium-git:0f3bbb229ab1499759ea9760a4b58f25b911572b:chrome/app/resources/generated_resources_sr.xtb	chrome/app/resources/generated_resources_sr.xtb	generated_resources	sr	3916233823027929090	"<translation id=""3916233823027929090"">Безбедносне провере су готове</translation>"
other/restore_download_shelf.patch	chromium-git:0f3bbb229ab1499759ea9760a4b58f25b911572b:chrome/app/resources/generated_resources_sr-Latn.xtb	chrome/app/resources/generated_resources_sr-Latn.xtb	generated_resources	sr-Latn	3916233823027929090	"<translation id=""3916233823027929090"">Bezbednosne provere su gotove</translation>"
other/restore_download_shelf.patch	chromium-git:0f3bbb229ab1499759ea9760a4b58f25b911572b:chrome/app/resources/generated_resources_sv.xtb	chrome/app/resources/generated_resources_sv.xtb	generated_resources	sv	3916233823027929090	"<translation id=""3916233823027929090"">Säkerhetskontrollen är klar</translation>"
other/restore_download_shelf.patch	chromium-git:0f3bbb229ab1499759ea9760a4b58f25b911572b:chrome/app/resources/generated_resources_sw.xtb	chrome/app/resources/generated_resources_sw.xtb	generated_resources	sw	3916233823027929090	"<translation id=""3916233823027929090"">Ukaguzi wa usalama umekamilika</translation>"
other/restore_download_shelf.patch	chromium-git:0f3bbb229ab1499759ea9760a4b58f25b911572b:chrome/app/resources/generated_resources_ta.xtb	chrome/app/resources/generated_resources_ta.xtb	generated_resources	ta	3916233823027929090	"<translation id=""3916233823027929090"">பாதுகாப்புச் சோதனைகள் முடிந்தன</translation>"
other/restore_download_shelf.patch	chromium-git:0f3bbb229ab1499759ea9760a4b58f25b911572b:chrome/app/resources/generated_resources_te.xtb	chrome/app/resources/generated_resources_te.xtb	generated_resources	te	3916233823027929090	"<translation id=""3916233823027929090"">భద్రతా తనిఖీలు పూర్తయ్యాయి</translation>"
other/restore_download_shelf.patch	chromium-git:0f3bbb229ab1499759ea9760a4b58f25b911572b:chrome/app/resources/generated_resources_th.xtb	chrome/app/resources/generated_resources_th.xtb	generated_resources	th	3916233823027929090	"<translation id=""3916233823027929090"">ตรวจสอบความปลอดภัยเสร็จแล้ว</translation>"
other/restore_download_shelf.patch	chromium-git:0f3bbb229ab1499759ea9760a4b58f25b911572b:chrome/app/resources/generated_resources_tr.xtb	chrome/app/resources/generated_resources_tr.xtb	generated_resources	tr	3916233823027929090	"<translation id=""3916233823027929090"">Güvenlik kontrolleri tamamlandı</translation>"
other/restore_download_shelf.patch	chromium-git:0f3bbb229ab1499759ea9760a4b58f25b911572b:chrome/app/resources/generated_resources_uk.xtb	chrome/app/resources/generated_resources_uk.xtb	generated_resources	uk	3916233823027929090	"<translation id=""3916233823027929090"">Перевірку безпеки завершено</translation>"
other/restore_download_shelf.patch	chromium-git:0f3bbb229ab1499759ea9760a4b58f25b911572b:chrome/app/resources/generated_resources_ur.xtb	chrome/app/resources/generated_resources_ur.xtb	generated_resources	ur	3916233823027929090	"<translation id=""3916233823027929090"">سیکیورٹی چیکس مکمل ہو چکے ہیں</translation>"
other/restore_download_shelf.patch	chromium-git:0f3bbb229ab1499759ea9760a4b58f25b911572b:chrome/app/resources/generated_resources_uz.xtb	chrome/app/resources/generated_resources_uz.xtb	generated_resources	uz	3916233823027929090	"<translation id=""3916233823027929090"">Xavfsizlik tekshuvlari yakunlandi</translation>"
other/restore_download_shelf.patch	chromium-git:0f3bbb229ab1499759ea9760a4b58f25b911572b:chrome/app/resources/generated_resources_vi.xtb	chrome/app/resources/generated_resources_vi.xtb	generated_resources	vi	3916233823027929090	"<translation id=""3916233823027929090"">Đã kiểm tra bảo mật xong</translation>"
other/restore_download_shelf.patch	chromium-git:0f3bbb229ab1499759ea9760a4b58f25b911572b:chrome/app/resources/generated_resources_zh-CN.xtb	chrome/app/resources/generated_resources_zh-CN.xtb	generated_resources	zh-CN	3916233823027929090	"<translation id=""3916233823027929090"">已完成安全检查</translation>"
other/restore_download_shelf.patch	chromium-git:0f3bbb229ab1499759ea9760a4b58f25b911572b:chrome/app/resources/generated_resources_zh-HK.xtb	chrome/app/resources/generated_resources_zh-HK.xtb	generated_resources	zh-HK	3916233823027929090	"<translation id=""3916233823027929090"">已完成安全檢查</translation>"
other/restore_download_shelf.patch	chromium-git:0f3bbb229ab1499759ea9760a4b58f25b911572b:chrome/app/resources/generated_resources_zh-TW.xtb	chrome/app/resources/generated_resources_zh-TW.xtb	generated_resources	zh-TW	3916233823027929090	"<translation id=""3916233823027929090"">已完成安全性檢查</translation>"
other/restore_download_shelf.patch	chromium-git:0f3bbb229ab1499759ea9760a4b58f25b911572b:chrome/app/resources/generated_resources_zu.xtb	chrome/app/resources/generated_resources_zu.xtb	generated_resources	zu	3916233823027929090	"<translation id=""3916233823027929090"">Ukuhlola ezokuphepha kwenziwe</translation>"
other/restore_download_shelf.patch	chromium-git:0f3bbb229ab1499759ea9760a4b58f25b911572b:chrome/app/resources/generated_resources_af.xtb	chrome/app/resources/generated_resources_af.xtb	generated_resources	af	4020327272915390518	"<translation id=""4020327272915390518"">Opsies-kieslys</translation>"
other/restore_download_shelf.patch	chromium-git:0f3bbb229ab1499759ea9760a4b58f25b911572b:chrome/app/resources/generated_resources_am.xtb	chrome/app/resources/generated_resources_am.xtb	generated_resources	am	4020327272915390518	"<translation id=""4020327272915390518"">የአማራጮች ምናሌ</translation>"
other/restore_download_shelf.patch	chromium-git:0f3bbb229ab1499759ea9760a4b58f25b911572b:chrome/app/resources/generated_resources_ar.xtb	chrome/app/resources/generated_resources_ar.xtb	generated_resources	ar	4020327272915390518	"<translation id=""4020327272915390518"">قائمة الخيارات</translation>"
other/restore_download_shelf.patch	chromium-git:0f3bbb229ab1499759ea9760a4b58f25b911572b:chrome/app/resources/generated_resources_as.xtb	chrome/app/resources/generated_resources_as.xtb	generated_resources	as	4020327272915390518	"<translation id=""4020327272915390518"">বিকল্পৰ মেনু</translation>"
other/restore_download_shelf.patch	chromium-git:0f3bbb229ab1499759ea9760a4b58f25b911572b:chrome/app/resources/generated_resources_az.xtb	chrome/app/resources/generated_resources_az.xtb	generated_resources	az	4020327272915390518	"<translation id=""4020327272915390518"">Seçimlər menyusu</translation>"
other/restore_download_shelf.patch	chromium-git:0f3bbb229ab1499759ea9760a4b58f25b911572b:chrome/app/resources/generated_resources_be.xtb	chrome/app/resources/generated_resources_be.xtb	generated_resources	be	4020327272915390518	"<translation id=""4020327272915390518"">Меню параметраў</translation>"
other/restore_download_shelf.patch	chromium-git:0f3bbb229ab1499759ea9760a4b58f25b911572b:chrome/app/resources/generated_resources_bg.xtb	chrome/app/resources/generated_resources_bg.xtb	generated_resources	bg	4020327272915390518	"<translation id=""4020327272915390518"">Меню с опции</translation>"
other/restore_download_shelf.patch	chromium-git:0f3bbb229ab1499759ea9760a4b58f25b911572b:chrome/app/resources/generated_resources_bn.xtb	chrome/app/resources/generated_resources_bn.xtb	generated_resources	bn	4020327272915390518	"<translation id=""4020327272915390518"">বিকল্পগুলির মেনু</translation>"
other/restore_download_shelf.patch	chromium-git:0f3bbb229ab1499759ea9760a4b58f25b911572b:chrome/app/resources/generated_resources_bs.xtb	chrome/app/resources/generated_resources_bs.xtb	generated_resources	bs	4020327272915390518	"<translation id=""4020327272915390518"">Meni za opcije</translation>"
other/restore_download_shelf.patch	chromium-git:0f3bbb229ab1499759ea9760a4b58f25b911572b:chrome/app/resources/generated_resources_ca.xtb	chrome/app/resources/generated_resources_ca.xtb	generated_resources	ca	4020327272915390518	"<translation id=""4020327272915390518"">Menú d'opcions</translation>"
other/restore_download_shelf.patch	chromium-git:0f3bbb229ab1499759ea9760a4b58f25b911572b:chrome/app/resources/generated_resources_cs.xtb	chrome/app/resources/generated_resources_cs.xtb	generated_resources	cs	4020327272915390518	"<translation id=""4020327272915390518"">Nabídka možností</translation>"
other/restore_download_shelf.patch	chromium-git:0f3bbb229ab1499759ea9760a4b58f25b911572b:chrome/app/resources/generated_resources_cy.xtb	chrome/app/resources/generated_resources_cy.xtb	generated_resources	cy	4020327272915390518	"<translation id=""4020327272915390518"">Dewislen opsiynau</translation>"
other/restore_download_shelf.patch	chromium-git:0f3bbb229ab1499759ea9760a4b58f25b911572b:chrome/app/resources/generated_resources_da.xtb	chrome/app/resources/generated_resources_da.xtb	generated_resources	da	4020327272915390518	"<translation id=""4020327272915390518"">Menuen Valgmuligheder</translation>"
other/restore_download_shelf.patch	chromium-git:0f3bbb229ab1499759ea9760a4b58f25b911572b:chrome/app/resources/generated_resources_de.xtb	chrome/app/resources/generated_resources_de.xtb	generated_resources	de	4020327272915390518	"<translation id=""4020327272915390518"">Menü für Optionen</translation>"
other/restore_download_shelf.patch	chromium-git:0f3bbb229ab1499759ea9760a4b58f25b911572b:chrome/app/resources/generated_resources_el.xtb	chrome/app/resources/generated_resources_el.xtb	generated_resources	el	4020327272915390518	"<translation id=""4020327272915390518"">Μενού επιλογών</translation>"
other/restore_download_shelf.patch	chromium-git:0f3bbb229ab1499759ea9760a4b58f25b911572b:chrome/app/resources/generated_resources_en-GB.xtb	chrome/app/resources/generated_resources_en-GB.xtb	generated_resources	en-GB	4020327272915390518	"<translation id=""4020327272915390518"">Options menu</translation>"
other/restore_download_shelf.patch	chromium-git:0f3bbb229ab1499759ea9760a4b58f25b911572b:chrome/app/resources/generated_resources_es.xtb	chrome/app/resources/generated_resources_es.xtb	generated_resources	es	4020327272915390518	"<translation id=""4020327272915390518"">Menú de opciones</translation>"
other/restore_download_shelf.patch	chromium-git:0f3bbb229ab1499759ea9760a4b58f25b911572b:chrome/app/resources/generated_resources_es-419.xtb	chrome/app/resources/generated_resources_es-419.xtb	generated_resources	es-419	4020327272915390518	"<translation id=""4020327272915390518"">Menú de opciones</translation>"
other/restore_download_shelf.patch	chromium-git:0f3bbb229ab1499759ea9760a4b58f25b911572b:chrome/app/resources/generated_resources_et.xtb	chrome/app/resources/generated_resources_et.xtb	generated_resources	et	4020327272915390518	"<translation id=""4020327272915390518"">Valikute menüü</translation>"
other/restore_download_shelf.patch	chromium-git:0f3bbb229ab1499759ea9760a4b58f25b911572b:chrome/app/resources/generated_resources_eu.xtb	chrome/app/resources/generated_resources_eu.xtb	generated_resources	eu	4020327272915390518	"<translation id=""4020327272915390518"">Aukeren menua</translation>"
other/restore_download_shelf.patch	chromium-git:0f3bbb229ab1499759ea9760a4b58f25b911572b:chrome/app/resources/generated_resources_fa.xtb	chrome/app/resources/generated_resources_fa.xtb	generated_resources	fa	4020327272915390518	"<translation id=""4020327272915390518"">منوی گزینه‌ها</translation>"
other/restore_download_shelf.patch	chromium-git:0f3bbb229ab1499759ea9760a4b58f25b911572b:chrome/app/resources/generated_resources_fi.xtb	chrome/app/resources/generated_resources_fi.xtb	generated_resources	fi	4020327272915390518	"<translation id=""4020327272915390518"">Asetukset-valikko</translation>"
other/restore_download_shelf.patch	chromium-git:0f3bbb229ab1499759ea9760a4b58f25b911572b:chrome/app/resources/generated_resources_fil.xtb	chrome/app/resources/generated_resources_fil.xtb	generated_resources	fil	4020327272915390518	"<translation id=""4020327272915390518"">Menu ng mga opsyon</translation>"
other/restore_download_shelf.patch	chromium-git:0f3bbb229ab1499759ea9760a4b58f25b911572b:chrome/app/resources/generated_resources_fr.xtb	chrome/app/resources/generated_resources_fr.xtb	generated_resources	fr	4020327272915390518	"<translation id=""4020327272915390518"">Menu Options</translation>"
other/restore_download_shelf.patch	chromium-git:0f3bbb229ab1499759ea9760a4b58f25b911572b:chrome/app/resources/generated_resources_fr-CA.xtb	chrome/app/resources/generated_resources_fr-CA.xtb	generated_resources	fr-CA	4020327272915390518	"<translation id=""4020327272915390518"">Menu Options</translation>"
other/restore_download_shelf.patch	chromium-git:0f3bbb229ab1499759ea9760a4b58f25b911572b:chrome/app/resources/generated_resources_gl.xtb	chrome/app/resources/generated_resources_gl.xtb	generated_resources	gl	4020327272915390518	"<translation id=""4020327272915390518"">Menú de opcións</translation>"
other/restore_download_shelf.patch	chromium-git:0f3bbb229ab1499759ea9760a4b58f25b911572b:chrome/app/resources/generated_resources_gu.xtb	chrome/app/resources/generated_resources_gu.xtb	generated_resources	gu	4020327272915390518	"<translation id=""4020327272915390518"">વિકલ્પો મેનૂ</translation>"
other/restore_download_shelf.patch	chromium-git:0f3bbb229ab1499759ea9760a4b58f25b911572b:chrome/app/resources/generated_resources_hi.xtb	chrome/app/resources/generated_resources_hi.xtb	generated_resources	hi	4020327272915390518	"<translation id=""4020327272915390518"">विकल्प मेन्यू</translation>"
other/restore_download_shelf.patch	chromium-git:0f3bbb229ab1499759ea9760a4b58f25b911572b:chrome/app/resources/generated_resources_hr.xtb	chrome/app/resources/generated_resources_hr.xtb	generated_resources	hr	4020327272915390518	"<translation id=""4020327272915390518"">Izbornik s opcijama</translation>"
other/restore_download_shelf.patch	chromium-git:0f3bbb229ab1499759ea9760a4b58f25b911572b:chrome/app/resources/generated_resources_hu.xtb	chrome/app/resources/generated_resources_hu.xtb	generated_resources	hu	4020327272915390518	"<translation id=""4020327272915390518"">Beállítások menü</translation>"
other/restore_download_shelf.patch	chromium-git:0f3bbb229ab1499759ea9760a4b58f25b911572b:chrome/app/resources/generated_resources_hy.xtb	chrome/app/resources/generated_resources_hy.xtb	generated_resources	hy	4020327272915390518	"<translation id=""4020327272915390518"">Ընտրանքների ցանկ</translation>"
other/restore_download_shelf.patch	chromium-git:0f3bbb229ab1499759ea9760a4b58f25b911572b:chrome/app/resources/generated_resources_id.xtb	chrome/app/resources/generated_resources_id.xtb	generated_resources	id	4020327272915390518	"<translation id=""4020327272915390518"">Menu opsi</translation>"
other/restore_download_shelf.patch	chromium-git:0f3bbb229ab1499759ea9760a4b58f25b911572b:chrome/app/resources/generated_resources_is.xtb	chrome/app/resources/generated_resources_is.xtb	generated_resources	is	4020327272915390518	"<translation id=""4020327272915390518"">Valmynd</translation>"
other/restore_download_shelf.patch	chromium-git:0f3bbb229ab1499759ea9760a4b58f25b911572b:chrome/app/resources/generated_resources_it.xtb	chrome/app/resources/generated_resources_it.xtb	generated_resources	it	4020327272915390518	"<translation id=""4020327272915390518"">Menu Opzioni</translation>"
other/restore_download_shelf.patch	chromium-git:0f3bbb229ab1499759ea9760a4b58f25b911572b:chrome/app/resources/generated_resources_iw.xtb	chrome/app/resources/generated_resources_iw.xtb	generated_resources	iw	4020327272915390518	"<translation id=""4020327272915390518"">תפריט אפשרויות</translation>"
other/restore_download_shelf.patch	chromium-git:0f3bbb229ab1499759ea9760a4b58f25b911572b:chrome/app/resources/generated_resources_ja.xtb	chrome/app/resources/generated_resources_ja.xtb	generated_resources	ja	4020327272915390518	"<translation id=""4020327272915390518"">オプション メニュー</translation>"
other/restore_download_shelf.patch	chromium-git:0f3bbb229ab1499759ea9760a4b58f25b911572b:chrome/app/resources/generated_resources_ka.xtb	chrome/app/resources/generated_resources_ka.xtb	generated_resources	ka	4020327272915390518	"<translation id=""4020327272915390518"">ვარიანტების მენიუ</translation>"
other/restore_download_shelf.patch	chromium-git:0f3bbb229ab1499759ea9760a4b58f25b911572b:chrome/app/resources/generated_resources_kk.xtb	chrome/app/resources/generated_resources_kk.xtb	generated_resources	kk	4020327272915390518	"<translation id=""4020327272915390518"">Опциялар мәзірі</translation>"
other/restore_download_shelf.patch	chromium-git:0f3bbb229ab1499759ea9760a4b58f25b911572b:chrome/app/resources/generated_resources_km.xtb	chrome/app/resources/generated_resources_km.xtb	generated_resources	km	4020327272915390518	"<translation id=""4020327272915390518"">ម៉ឺនុយជម្រើស</translation>"
other/restore_download_shelf.patch	chromium-git:0f3bbb229ab1499759ea9760a4b58f25b911572b:chrome/app/resources/generated_resources_kn.xtb	chrome/app/resources/generated_resources_kn.xtb	generated_resources	kn	4020327272915390518	"<translation id=""4020327272915390518"">ಆಯ್ಕೆಗಳ ಮೆನು</translation>"
other/restore_download_shelf.patch	chromium-git:0f3bbb229ab1499759ea9760a4b58f25b911572b:chrome/app/resources/generated_resources_ko.xtb	chrome/app/resources/generated_resources_ko.xtb	generated_resources	ko	4020327272915390518	"<translation id=""4020327272915390518"">옵션 메뉴</translation>"
other/restore_download_shelf.patch	chromium-git:0f3bbb229ab1499759ea9760a4b58f25b911572b:chrome/app/resources/generated_resources_ky.xtb	chrome/app/resources/generated_resources_ky.xtb	generated_resources	ky	4020327272915390518	"<translation id=""4020327272915390518"">Параметрлер менюсу</translation>"
other/restore_download_shelf.patch	chromium-git:0f3bbb229ab1499759ea9760a4b58f25b911572b:chrome/app/resources/generated_resources_lo.xtb	chrome/app/resources/generated_resources_lo.xtb	generated_resources	lo	4020327272915390518	"<translation id=""4020327272915390518"">ເມນູຕົວເລືອກ</translation>"
other/restore_download_shelf.patch	chromium-git:0f3bbb229ab1499759ea9760a4b58f25b911572b:chrome/app/resources/generated_resources_lt.xtb	chrome/app/resources/generated_resources_lt.xtb	generated_resources	lt	4020327272915390518	"<translation id=""4020327272915390518"">Parinkčių meniu</translation>"
other/restore_download_shelf.patch	chromium-git:0f3bbb229ab1499759ea9760a4b58f25b911572b:chrome/app/resources/generated_resources_lv.xtb	chrome/app/resources/generated_resources_lv.xtb	generated_resources	lv	4020327272915390518	"<translation id=""4020327272915390518"">Opciju izvēlne</translation>"
other/restore_download_shelf.patch	chromium-git:0f3bbb229ab1499759ea9760a4b58f25b911572b:chrome/app/resources/generated_resources_mk.xtb	chrome/app/resources/generated_resources_mk.xtb	generated_resources	mk	4020327272915390518	"<translation id=""4020327272915390518"">Мени со опции</translation>"
other/restore_download_shelf.patch	chromium-git:0f3bbb229ab1499759ea9760a4b58f25b911572b:chrome/app/resources/generated_resources_ml.xtb	chrome/app/resources/generated_resources_ml.xtb	generated_resources	ml	4020327272915390518	"<translation id=""4020327272915390518"">ഓപ്ഷൻ മെനു</translation>"
other/restore_download_shelf.patch	chromium-git:0f3bbb229ab1499759ea9760a4b58f25b911572b:chrome/app/resources/generated_resources_mn.xtb	chrome/app/resources/generated_resources_mn.xtb	generated_resources	mn	4020327272915390518	"<translation id=""4020327272915390518"">Сонголтын цэс</translation>"
other/restore_download_shelf.patch	chromium-git:0f3bbb229ab1499759ea9760a4b58f25b911572b:chrome/app/resources/generated_resources_mr.xtb	chrome/app/resources/generated_resources_mr.xtb	generated_resources	mr	4020327272915390518	"<translation id=""4020327272915390518"">पर्याय मेनू</translation>"
other/restore_download_shelf.patch	chromium-git:0f3bbb229ab1499759ea9760a4b58f25b911572b:chrome/app/resources/generated_resources_ms.xtb	chrome/app/resources/generated_resources_ms.xtb	generated_resources	ms	4020327272915390518	"<translation id=""4020327272915390518"">Menu pilihan</translation>"
other/restore_download_shelf.patch	chromium-git:0f3bbb229ab1499759ea9760a4b58f25b911572b:chrome/app/resources/generated_resources_my.xtb	chrome/app/resources/generated_resources_my.xtb	generated_resources	my	4020327272915390518	"<translation id=""4020327272915390518"">ရွေးချယ်စရာ မီနူး</translation>"
other/restore_download_shelf.patch	chromium-git:0f3bbb229ab1499759ea9760a4b58f25b911572b:chrome/app/resources/generated_resources_ne.xtb	chrome/app/resources/generated_resources_ne.xtb	generated_resources	ne	4020327272915390518	"<translation id=""4020327272915390518"">विकल्पहरू नामक मेनु</translation>"
other/restore_download_shelf.patch	chromium-git:0f3bbb229ab1499759ea9760a4b58f25b911572b:chrome/app/resources/generated_resources_nl.xtb	chrome/app/resources/generated_resources_nl.xtb	generated_resources	nl	4020327272915390518	"<translation id=""4020327272915390518"">Menu Opties</translation>"
other/restore_download_shelf.patch	chromium-git:0f3bbb229ab1499759ea9760a4b58f25b911572b:chrome/app/resources/generated_resources_no.xtb	chrome/app/resources/generated_resources_no.xtb	generated_resources	no	4020327272915390518	"<translation id=""4020327272915390518"">Alternativmeny</translation>"
other/restore_download_shelf.patch	chromium-git:0f3bbb229ab1499759ea9760a4b58f25b911572b:chrome/app/resources/generated_resources_or.xtb	chrome/app/resources/generated_resources_or.xtb	generated_resources	or	4020327272915390518	"<translation id=""4020327272915390518"">ବିକଳ୍ପ ମେନ୍ୟୁ</translation>"
other/restore_download_shelf.patch	chromium-git:0f3bbb229ab1499759ea9760a4b58f25b911572b:chrome/app/resources/generated_resources_pa.xtb	chrome/app/resources/generated_resources_pa.xtb	generated_resources	pa	4020327272915390518	"<translation id=""4020327272915390518"">ਵਿਕਲਪ ਮੀਨੂ</translation>"
other/restore_download_shelf.patch	chromium-git:0f3bbb229ab1499759ea9760a4b58f25b911572b:chrome/app/resources/generated_resources_pl.xtb	chrome/app/resources/generated_resources_pl.xtb	generated_resources	pl	4020327272915390518	"<translation id=""4020327272915390518"">Menu opcji</translation>"
other/restore_download_shelf.patch	chromium-git:0f3bbb229ab1499759ea9760a4b58f25b911572b:chrome/app/resources/generated_resources_pt-BR.xtb	chrome/app/resources/generated_resources_pt-BR.xtb	generated_resources	pt-BR	4020327272915390518	"<translation id=""4020327272915390518"">Menu Opções</translation>"
other/restore_download_shelf.patch	chromium-git:0f3bbb229ab1499759ea9760a4b58f25b911572b:chrome/app/resources/generated_resources_pt-PT.xtb	chrome/app/resources/generated_resources_pt-PT.xtb	generated_resources	pt-PT	4020327272915390518	"<translation id=""4020327272915390518"">Menu de opções</translation>"
other/restore_download_shelf.patch	chromium-git:0f3bbb229ab1499759ea9760a4b58f25b911572b:chrome/app/resources/generated_resources_ro.xtb	chrome/app/resources/generated_resources_ro.xtb	generated_resources	ro	4020327272915390518	"<translation id=""4020327272915390518"">Meniul Opțiuni</translation>"
other/restore_download_shelf.patch	chromium-git:0f3bbb229ab1499759ea9760a4b58f25b911572b:chrome/app/resources/generated_resources_ru.xtb	chrome/app/resources/generated_resources_ru.xtb	generated_resources	ru	4020327272915390518	"<translation id=""4020327272915390518"">Действия</translation>"
other/restore_download_shelf.patch	chromium-git:0f3bbb229ab1499759ea9760a4b58f25b911572b:chrome/app/resources/generated_resources_si.xtb	chrome/app/resources/generated_resources_si.xtb	generated_resources	si	4020327272915390518	"<translation id=""4020327272915390518"">විකල්ප මෙනුව</translation>"
other/restore_download_shelf.patch	chromium-git:0f3bbb229ab1499759ea9760a4b58f25b911572b:chrome/app/resources/generated_resources_sk.xtb	chrome/app/resources/generated_resources_sk.xtb	generated_resources	sk	4020327272915390518	"<translation id=""4020327272915390518"">Ponuka možností</translation>"
other/restore_download_shelf.patch	chromium-git:0f3bbb229ab1499759ea9760a4b58f25b911572b:chrome/app/resources/generated_resources_sl.xtb	chrome/app/resources/generated_resources_sl.xtb	generated_resources	sl	4020327272915390518	"<translation id=""4020327272915390518"">Meni z možnostmi</translation>"
other/restore_download_shelf.patch	chromium-git:0f3bbb229ab1499759ea9760a4b58f25b911572b:chrome/app/resources/generated_resources_sq.xtb	chrome/app/resources/generated_resources_sq.xtb	generated_resources	sq	4020327272915390518	"<translation id=""4020327272915390518"">Menyja e opsioneve</translation>"
other/restore_download_shelf.patch	chromium-git:0f3bbb229ab1499759ea9760a4b58f25b911572b:chrome/app/resources/generated_resources_sr.xtb	chrome/app/resources/generated_resources_sr.xtb	generated_resources	sr	4020327272915390518	"<translation id=""4020327272915390518"">Мени са опцијама</translation>"
other/restore_download_shelf.patch	chromium-git:0f3bbb229ab1499759ea9760a4b58f25b911572b:chrome/app/resources/generated_resources_sr-Latn.xtb	chrome/app/resources/generated_resources_sr-Latn.xtb	generated_resources	sr-Latn	4020327272915390518	"<translation id=""4020327272915390518"">Meni sa opcijama</translation>"
other/restore_download_shelf.patch	chromium-git:0f3bbb229ab1499759ea9760a4b58f25b911572b:chrome/app/resources/generated_resources_sv.xtb	chrome/app/resources/generated_resources_sv.xtb	generated_resources	sv	4020327272915390518	"<translation id=""4020327272915390518"">Alternativmeny</translation>"
other/restore_download_shelf.patch	chromium-git:0f3bbb229ab1499759ea9760a4b58f25b911572b:chrome/app/resources/generated_resources_sw.xtb	chrome/app/resources/generated_resources_sw.xtb	generated_resources	sw	4020327272915390518	"<translation id=""4020327272915390518"">Menyu yenye chaguo</translation>"
other/restore_download_shelf.patch	chromium-git:0f3bbb229ab1499759ea9760a4b58f25b911572b:chrome/app/resources/generated_resources_ta.xtb	chrome/app/resources/generated_resources_ta.xtb	generated_resources	ta	4020327272915390518	"<translation id=""4020327272915390518"">விருப்பங்கள் மெனு</translation>"
other/restore_download_shelf.patch	chromium-git:0f3bbb229ab1499759ea9760a4b58f25b911572b:chrome/app/resources/generated_resources_te.xtb	chrome/app/resources/generated_resources_te.xtb	generated_resources	te	4020327272915390518	"<translation id=""4020327272915390518"">ఎంపికల మెనూ</translation>"
other/restore_download_shelf.patch	chromium-git:0f3bbb229ab1499759ea9760a4b58f25b911572b:chrome/app/resources/generated_resources_th.xtb	chrome/app/resources/generated_resources_th.xtb	generated_resources	th	4020327272915390518	"<translation id=""4020327272915390518"">เมนูตัวเลือก</translation>"
other/restore_download_shelf.patch	chromium-git:0f3bbb229ab1499759ea9760a4b58f25b911572b:chrome/app/resources/generated_resources_tr.xtb	chrome/app/resources/generated_resources_tr.xtb	generated_resources	tr	4020327272915390518	"<translation id=""4020327272915390518"">Seçenekler menüsü</translation>"
other/restore_download_shelf.patch	chromium-git:0f3bbb229ab1499759ea9760a4b58f25b911572b:chrome/app/resources/generated_resources_uk.xtb	chrome/app/resources/generated_resources_uk.xtb	generated_resources	uk	4020327272915390518	"<translation id=""4020327272915390518"">Меню параметрів</translation>"
other/restore_download_shelf.patch	chromium-git:0f3bbb229ab1499759ea9760a4b58f25b911572b:chrome/app/resources/generated_resources_ur.xtb	chrome/app/resources/generated_resources_ur.xtb	generated_resources	ur	4020327272915390518	"<translation id=""4020327272915390518"">اختیارات کا مینیو</translation>"
other/restore_download_shelf.patch	chromium-git:0f3bbb229ab1499759ea9760a4b58f25b911572b:chrome/app/resources/generated_resources_uz.xtb	chrome/app/resources/generated_resources_uz.xtb	generated_resources	uz	4020327272915390518	"<translation id=""4020327272915390518"">Parametrlar menyusi</translation>"
other/restore_download_shelf.patch	chromium-git:0f3bbb229ab1499759ea9760a4b58f25b911572b:chrome/app/resources/generated_resources_vi.xtb	chrome/app/resources/generated_resources_vi.xtb	generated_resources	vi	4020327272915390518	"<translation id=""4020327272915390518"">Menu tùy chọn</translation>"
other/restore_download_shelf.patch	chromium-git:0f3bbb229ab1499759ea9760a4b58f25b911572b:chrome/app/resources/generated_resources_zh-CN.xtb	chrome/app/resources/generated_resources_zh-CN.xtb	generated_resources	zh-CN	4020327272915390518	"<translation id=""4020327272915390518"">选项菜单</translation>"
other/restore_download_shelf.patch	chromium-git:0f3bbb229ab1499759ea9760a4b58f25b911572b:chrome/app/resources/generated_resources_zh-HK.xtb	chrome/app/resources/generated_resources_zh-HK.xtb	generated_resources	zh-HK	4020327272915390518	"<translation id=""4020327272915390518"">選項選單</translation>"
other/restore_download_shelf.patch	chromium-git:0f3bbb229ab1499759ea9760a4b58f25b911572b:chrome/app/resources/generated_resources_zh-TW.xtb	chrome/app/resources/generated_resources_zh-TW.xtb	generated_resources	zh-TW	4020327272915390518	"<translation id=""4020327272915390518"">選項選單</translation>"
other/restore_download_shelf.patch	chromium-git:0f3bbb229ab1499759ea9760a4b58f25b911572b:chrome/app/resources/generated_resources_zu.xtb	chrome/app/resources/generated_resources_zu.xtb	generated_resources	zu	4020327272915390518	"<translation id=""4020327272915390518"">Imenyu yezinketho</translation>"
other/restore_download_shelf.patch	chromium-git:0f3bbb229ab1499759ea9760a4b58f25b911572b:chrome/app/resources/generated_resources_af.xtb	chrome/app/resources/generated_resources_af.xtb	generated_resources	af	5945002094477276055	"<translation id=""5945002094477276055""><ph name=""FILE_NAME"" /> kan gevaarlik wees. Stuur na Google Veiligblaai om geskandeer te word?</translation>"
other/restore_download_shelf.patch	chromium-git:0f3bbb229ab1499759ea9760a4b58f25b911572b:chrome/app/resources/generated_resources_am.xtb	chrome/app/resources/generated_resources_am.xtb	generated_resources	am	5945002094477276055	"<translation id=""5945002094477276055""><ph name=""FILE_NAME"" /> አደገኛ ሊሆን ይችላል። ለመቃኘት ወደ የGoogle ጥንቃቄ አሰሳ ይላክ?</translation>"
other/restore_download_shelf.patch	chromium-git:0f3bbb229ab1499759ea9760a4b58f25b911572b:chrome/app/resources/generated_resources_ar.xtb	chrome/app/resources/generated_resources_ar.xtb	generated_resources	ar	5945002094477276055	"<translation id=""5945002094477276055"">‏قد يكون الملف <ph name=""FILE_NAME"" /> خطيرًا. هل تريد إرسال الملف إلى ""التصفح الآمن من Google"" لفحصه؟</translation>"
other/restore_download_shelf.patch	chromium-git:0f3bbb229ab1499759ea9760a4b58f25b911572b:chrome/app/resources/generated_resources_as.xtb	chrome/app/resources/generated_resources_as.xtb	generated_resources	as	5945002094477276055	"<translation id=""5945002094477276055""><ph name=""FILE_NAME"" /> বিপজ্জনক হ’ব পাৰে। স্কেন কৰিবৰ বাবে Googleৰ সুৰক্ষিত ব্ৰাউজিঙলৈ পঠিয়াবনে?</translation>"
other/restore_download_shelf.patch	chromium-git:0f3bbb229ab1499759ea9760a4b58f25b911572b:chrome/app/resources/generated_resources_az.xtb	chrome/app/resources/generated_resources_az.xtb	generated_resources	az	5945002094477276055	"<translation id=""5945002094477276055""><ph name=""FILE_NAME"" /> təhlükəli ola bilər. Skanlamaq üçün Google Güvənli Axtarışa göndərilsin?</translation>"
other/restore_download_shelf.patch	chromium-git:0f3bbb229ab1499759ea9760a4b58f25b911572b:chrome/app/resources/generated_resources_be.xtb	chrome/app/resources/generated_resources_be.xtb	generated_resources	be	5945002094477276055	"<translation id=""5945002094477276055"">Файл ""<ph name=""FILE_NAME"" />"" можа быць небяспечным. Адправіць яго ў сэрвіс ""Google Бяспечны прагляд"" для праверкі?</translation>"
other/restore_download_shelf.patch	chromium-git:0f3bbb229ab1499759ea9760a4b58f25b911572b:chrome/app/resources/generated_resources_bg.xtb	chrome/app/resources/generated_resources_bg.xtb	generated_resources	bg	5945002094477276055	"<translation id=""5945002094477276055"">Файлът „<ph name=""FILE_NAME"" />“ може да е опасен. Да се изпрати ли до Google Безопасно сърфиране за сканиране?</translation>"
other/restore_download_shelf.patch	chromium-git:0f3bbb229ab1499759ea9760a4b58f25b911572b:chrome/app/resources/generated_resources_bn.xtb	chrome/app/resources/generated_resources_bn.xtb	generated_resources	bn	5945002094477276055	"<translation id=""5945002094477276055""><ph name=""FILE_NAME"" /> বিপজ্জনক হতে পারে। স্ক্যান করতে Google Safe Browsing-এ পাঠাবেন?</translation>"
other/restore_download_shelf.patch	chromium-git:0f3bbb229ab1499759ea9760a4b58f25b911572b:chrome/app/resources/generated_resources_bs.xtb	chrome/app/resources/generated_resources_bs.xtb	generated_resources	bs	5945002094477276055	"<translation id=""5945002094477276055"">Fajl <ph name=""FILE_NAME"" /> može biti opasan. Poslati u Sigurno pregledanje na Googleu radi skeniranja?</translation>"
other/restore_download_shelf.patch	chromium-git:0f3bbb229ab1499759ea9760a4b58f25b911572b:chrome/app/resources/generated_resources_ca.xtb	chrome/app/resources/generated_resources_ca.xtb	generated_resources	ca	5945002094477276055	"<translation id=""5945002094477276055"">El fitxer <ph name=""FILE_NAME"" /> pot ser perillós. Vols enviar-lo a Navegació segura de Google perquè s'escanegi?</translation>"
other/restore_download_shelf.patch	chromium-git:0f3bbb229ab1499759ea9760a4b58f25b911572b:chrome/app/resources/generated_resources_cs.xtb	chrome/app/resources/generated_resources_cs.xtb	generated_resources	cs	5945002094477276055	"<translation id=""5945002094477276055"">Soubor <ph name=""FILE_NAME"" /> může být nebezpečný. Odeslat ke kontrole pomocí funkce Bezpečného prohlížení Google?</translation>"
other/restore_download_shelf.patch	chromium-git:0f3bbb229ab1499759ea9760a4b58f25b911572b:chrome/app/resources/generated_resources_cy.xtb	chrome/app/resources/generated_resources_cy.xtb	generated_resources	cy	5945002094477276055	"<translation id=""5945002094477276055"">Gallai <ph name=""FILE_NAME"" /> fod yn beryglus. Anfon at Pori'n Ddiogel Google i'w sganio?</translation>"
other/restore_download_shelf.patch	chromium-git:0f3bbb229ab1499759ea9760a4b58f25b911572b:chrome/app/resources/generated_resources_da.xtb	chrome/app/resources/generated_resources_da.xtb	generated_resources	da	5945002094477276055	"<translation id=""5945002094477276055""><ph name=""FILE_NAME"" /> kan være skadelig. Skal Google Beskyttet browsing scanne den?</translation>"
other/restore_download_shelf.patch	chromium-git:0f3bbb229ab1499759ea9760a4b58f25b911572b:chrome/app/resources/generated_resources_de.xtb	chrome/app/resources/generated_resources_de.xtb	generated_resources	de	5945002094477276055	"<translation id=""5945002094477276055""><ph name=""FILE_NAME"" /> könnte schädlich sein. Zum Scannen an Google Safe Browsing senden?</translation>"
other/restore_download_shelf.patch	chromium-git:0f3bbb229ab1499759ea9760a4b58f25b911572b:chrome/app/resources/generated_resources_el.xtb	chrome/app/resources/generated_resources_el.xtb	generated_resources	el	5945002094477276055	"<translation id=""5945002094477276055"">Το αρχείο <ph name=""FILE_NAME"" /> μπορεί να είναι επικίνδυνο. Να σταλεί στην Ασφαλή περιήγηση Google για σάρωση;</translation>"
other/restore_download_shelf.patch	chromium-git:0f3bbb229ab1499759ea9760a4b58f25b911572b:chrome/app/resources/generated_resources_en-GB.xtb	chrome/app/resources/generated_resources_en-GB.xtb	generated_resources	en-GB	5945002094477276055	"<translation id=""5945002094477276055""><ph name=""FILE_NAME"" /> may be dangerous. Send to Google Safe Browsing for scanning?</translation>"
other/restore_download_shelf.patch	chromium-git:0f3bbb229ab1499759ea9760a4b58f25b911572b:chrome/app/resources/generated_resources_es.xtb	chrome/app/resources/generated_resources_es.xtb	generated_resources	es	5945002094477276055	"<translation id=""5945002094477276055""><ph name=""FILE_NAME"" /> podría ser peligroso. ¿Enviar a Navegación segura de Google para analizarlo?</translation>"
other/restore_download_shelf.patch	chromium-git:0f3bbb229ab1499759ea9760a4b58f25b911572b:chrome/app/resources/generated_resources_es-419.xtb	chrome/app/resources/generated_resources_es-419.xtb	generated_resources	es-419	5945002094477276055	"<translation id=""5945002094477276055"">El archivo <ph name=""FILE_NAME"" /> puede ser peligroso. ¿Quieres enviarlo a la Navegación segura de Google para analizarlo?</translation>"
other/restore_download_shelf.patch	chromium-git:0f3bbb229ab1499759ea9760a4b58f25b911572b:chrome/app/resources/generated_resources_et.xtb	chrome/app/resources/generated_resources_et.xtb	generated_resources	et	5945002094477276055	"<translation id=""5945002094477276055""><ph name=""FILE_NAME"" /> võib olla ohtlik. Kas saata see skannimiseks Google'i ohutu sirvimise funktsioonile?</translation>"
other/restore_download_shelf.patch	chromium-git:0f3bbb229ab1499759ea9760a4b58f25b911572b:chrome/app/resources/generated_resources_eu.xtb	chrome/app/resources/generated_resources_eu.xtb	generated_resources	eu	5945002094477276055	"<translation id=""5945002094477276055"">Baliteke <ph name=""FILE_NAME"" /> arriskutsua izatea. Google-ren Arakatze segurua zerbitzura bidali nahi duzu aztertzeko?</translation>"
other/restore_download_shelf.patch	chromium-git:0f3bbb229ab1499759ea9760a4b58f25b911572b:chrome/app/resources/generated_resources_fa.xtb	chrome/app/resources/generated_resources_fa.xtb	generated_resources	fa	5945002094477276055	"<translation id=""5945002094477276055"">‏<ph name=""FILE_NAME"" /> ممکن است خطرناک باشد. برای اسکن کردن به «مرور ایمن Google» ارسال شود؟</translation>"
other/restore_download_shelf.patch	chromium-git:0f3bbb229ab1499759ea9760a4b58f25b911572b:chrome/app/resources/generated_resources_fi.xtb	chrome/app/resources/generated_resources_fi.xtb	generated_resources	fi	5945002094477276055	"<translation id=""5945002094477276055""><ph name=""FILE_NAME"" /> voi olla vaarallinen. Lähetetäänkö se Googlen selaussuojan tarkistettavaksi?</translation>"
other/restore_download_shelf.patch	chromium-git:0f3bbb229ab1499759ea9760a4b58f25b911572b:chrome/app/resources/generated_resources_fil.xtb	chrome/app/resources/generated_resources_fil.xtb	generated_resources	fil	5945002094477276055	"<translation id=""5945002094477276055"">Posibleng mapanganib ang <ph name=""FILE_NAME"" />. Ipadala sa Ligtas na Pag-browse sa Google para ma-scan?</translation>"
other/restore_download_shelf.patch	chromium-git:0f3bbb229ab1499759ea9760a4b58f25b911572b:chrome/app/resources/generated_resources_fr.xtb	chrome/app/resources/generated_resources_fr.xtb	generated_resources	fr	5945002094477276055	"<translation id=""5945002094477276055""><ph name=""FILE_NAME"" /> est peut-être dangereux. L'envoyer à la navigation sécurisée Google pour analyse ?</translation>"
other/restore_download_shelf.patch	chromium-git:0f3bbb229ab1499759ea9760a4b58f25b911572b:chrome/app/resources/generated_resources_fr-CA.xtb	chrome/app/resources/generated_resources_fr-CA.xtb	generated_resources	fr-CA	5945002094477276055	"<translation id=""5945002094477276055"">Le fichier <ph name=""FILE_NAME"" /> pourrait être dangereux. Voulez-vous l'envoyer au service de navigation sécurisée Google pour le faire analyser?</translation>"
other/restore_download_shelf.patch	chromium-git:0f3bbb229ab1499759ea9760a4b58f25b911572b:chrome/app/resources/generated_resources_gl.xtb	chrome/app/resources/generated_resources_gl.xtb	generated_resources	gl	5945002094477276055	"<translation id=""5945002094477276055"">O ficheiro <ph name=""FILE_NAME"" /> pode ser perigoso. Queres enviarllo á Navegación segura de Google para que o analice?</translation>"
other/restore_download_shelf.patch	chromium-git:0f3bbb229ab1499759ea9760a4b58f25b911572b:chrome/app/resources/generated_resources_gu.xtb	chrome/app/resources/generated_resources_gu.xtb	generated_resources	gu	5945002094477276055	"<translation id=""5945002094477276055""><ph name=""FILE_NAME"" /> જોખમકારક હોઈ શકે છે. સ્કૅન કરવા માટે Google Safe Browsingને મોકલીએ?</translation>"
other/restore_download_shelf.patch	chromium-git:0f3bbb229ab1499759ea9760a4b58f25b911572b:chrome/app/resources/generated_resources_hi.xtb	chrome/app/resources/generated_resources_hi.xtb	generated_resources	hi	5945002094477276055	"<translation id=""5945002094477276055""><ph name=""FILE_NAME"" /> खतरनाक हो सकती है. क्या इसे स्कैन करने के लिए Google Safe Browsing को भेजें?</translation>"
other/restore_download_shelf.patch	chromium-git:0f3bbb229ab1499759ea9760a4b58f25b911572b:chrome/app/resources/generated_resources_hr.xtb	chrome/app/resources/generated_resources_hr.xtb	generated_resources	hr	5945002094477276055	"<translation id=""5945002094477276055"">Datoteka <ph name=""FILE_NAME"" /> možda je opasna. Želite li je poslati Google sigurnom pregledavanju na pregled?</translation>"
other/restore_download_shelf.patch	chromium-git:0f3bbb229ab1499759ea9760a4b58f25b911572b:chrome/app/resources/generated_resources_hu.xtb	chrome/app/resources/generated_resources_hu.xtb	generated_resources	hu	5945002094477276055	"<translation id=""5945002094477276055"">A(z) <ph name=""FILE_NAME"" /> veszélyes lehet. Elküldi a Google Biztonságos Böngészésnek ellenőrzésre?</translation>"
other/restore_download_shelf.patch	chromium-git:0f3bbb229ab1499759ea9760a4b58f25b911572b:chrome/app/resources/generated_resources_hy.xtb	chrome/app/resources/generated_resources_hy.xtb	generated_resources	hy	5945002094477276055	"<translation id=""5945002094477276055""><ph name=""FILE_NAME"" /> ֆայլը կարող է վտանգավոր լինել։ Ուղարկե՞լ ֆայլը «Google Ապահով դիտարկում» ծառայությանը ստուգման։</translation>"
other/restore_download_shelf.patch	chromium-git:0f3bbb229ab1499759ea9760a4b58f25b911572b:chrome/app/resources/generated_resources_id.xtb	chrome/app/resources/generated_resources_id.xtb	generated_resources	id	5945002094477276055	"<translation id=""5945002094477276055""><ph name=""FILE_NAME"" /> mungkin berbahaya. Kirim ke Google Safe Browsing untuk dipindai?</translation>"
other/restore_download_shelf.patch	chromium-git:0f3bbb229ab1499759ea9760a4b58f25b911572b:chrome/app/resources/generated_resources_is.xtb	chrome/app/resources/generated_resources_is.xtb	generated_resources	is	5945002094477276055	"<translation id=""5945002094477276055"">Skráin <ph name=""FILE_NAME"" /> gæti verið hættuleg. Viltu senda hana til öruggrar vefskoðunar Google og láta skanna hana?</translation>"
other/restore_download_shelf.patch	chromium-git:0f3bbb229ab1499759ea9760a4b58f25b911572b:chrome/app/resources/generated_resources_it.xtb	chrome/app/resources/generated_resources_it.xtb	generated_resources	it	5945002094477276055	"<translation id=""5945002094477276055"">Il file <ph name=""FILE_NAME"" /> potrebbe essere pericoloso. Inviare a Google Navigazione sicura per la scansione?</translation>"
other/restore_download_shelf.patch	chromium-git:0f3bbb229ab1499759ea9760a4b58f25b911572b:chrome/app/resources/generated_resources_iw.xtb	chrome/app/resources/generated_resources_iw.xtb	generated_resources	iw	5945002094477276055	"<translation id=""5945002094477276055"">‏הקובץ <ph name=""FILE_NAME"" /> עלול להיות מסוכן. לשלוח אותו לשירות הגלישה הבטוחה של Google לצורך סריקה?</translation>"
other/restore_download_shelf.patch	chromium-git:0f3bbb229ab1499759ea9760a4b58f25b911572b:chrome/app/resources/generated_resources_ja.xtb	chrome/app/resources/generated_resources_ja.xtb	generated_resources	ja	5945002094477276055	"<translation id=""5945002094477276055""><ph name=""FILE_NAME"" /> は危害を及ぼす可能性があります。Google セーフ ブラウジングに送信してスキャンしますか？</translation>"
other/restore_download_shelf.patch	chromium-git:0f3bbb229ab1499759ea9760a4b58f25b911572b:chrome/app/resources/generated_resources_ka.xtb	chrome/app/resources/generated_resources_ka.xtb	generated_resources	ka	5945002094477276055	"<translation id=""5945002094477276055""><ph name=""FILE_NAME"" /> შეიძლება სახიფათო იყოს. გსურთ, სკანირებისთვის Google Safe Browsing-ს გაუგზავნოთ?</translation>"
other/restore_download_shelf.patch	chromium-git:0f3bbb229ab1499759ea9760a4b58f25b911572b:chrome/app/resources/generated_resources_kk.xtb	chrome/app/resources/generated_resources_kk.xtb	generated_resources	kk	5945002094477276055	"<translation id=""5945002094477276055""><ph name=""FILE_NAME"" /> қауіпті болуы мүмкін. Сканерлеу үшін Google Safe Browsing-ге жіберу керек пе?</translation>"
other/restore_download_shelf.patch	chromium-git:0f3bbb229ab1499759ea9760a4b58f25b911572b:chrome/app/resources/generated_resources_km.xtb	chrome/app/resources/generated_resources_km.xtb	generated_resources	km	5945002094477276055	"<translation id=""5945002094477276055""><ph name=""FILE_NAME"" /> អាច​បង្ក​គ្រោះថ្នាក់​។ បញ្ជូនទៅ Google រុករក​ដោយ​សុវត្ថិភាព​សម្រាប់​ស្កេនដែរទេ?</translation>"
other/restore_download_shelf.patch	chromium-git:0f3bbb229ab1499759ea9760a4b58f25b911572b:chrome/app/resources/generated_resources_kn.xtb	chrome/app/resources/generated_resources_kn.xtb	generated_resources	kn	5945002094477276055	"<translation id=""5945002094477276055""><ph name=""FILE_NAME"" />, ಅಪಾಯಕಾರಿ ಫೈಲ್ ಆಗಿರಬಹುದು. ಸ್ಕ್ಯಾನ್ ಮಾಡಲು Google Safe Browsing ಗೆ ಕಳುಹಿಸುವುದೇ?</translation>"
other/restore_download_shelf.patch	chromium-git:0f3bbb229ab1499759ea9760a4b58f25b911572b:chrome/app/resources/generated_resources_ko.xtb	chrome/app/resources/generated_resources_ko.xtb	generated_resources	ko	5945002094477276055	"<translation id=""5945002094477276055""><ph name=""FILE_NAME"" /> 파일은 위험할 수 있습니다. 검사를 위해 Google 세이프 브라우징으로 전송하시겠습니까?</translation>"
other/restore_download_shelf.patch	chromium-git:0f3bbb229ab1499759ea9760a4b58f25b911572b:chrome/app/resources/generated_resources_ky.xtb	chrome/app/resources/generated_resources_ky.xtb	generated_resources	ky	5945002094477276055	"<translation id=""5945002094477276055""><ph name=""FILE_NAME"" /> кооптуу болушу мүмкүн. Текшерүү үчүн Google Коопсуз серептөөгө жөнөтүлсүнбү?</translation>"
other/restore_download_shelf.patch	chromium-git:0f3bbb229ab1499759ea9760a4b58f25b911572b:chrome/app/resources/generated_resources_lo.xtb	chrome/app/resources/generated_resources_lo.xtb	generated_resources	lo	5945002094477276055	"<translation id=""5945002094477276055""><ph name=""FILE_NAME"" /> ອາດເປັນອັນຕະລາຍ. ສົ່ງໄປໃຫ້ Google Safe Browsing ສະແກນບໍ?</translation>"
other/restore_download_shelf.patch	chromium-git:0f3bbb229ab1499759ea9760a4b58f25b911572b:chrome/app/resources/generated_resources_lt.xtb	chrome/app/resources/generated_resources_lt.xtb	generated_resources	lt	5945002094477276055	"<translation id=""5945002094477276055"">Failas „<ph name=""FILE_NAME"" />“ gali būti pavojingas. Siųsti „Google“ saugaus naršymo funkcijai, kad nuskaitytų?</translation>"
other/restore_download_shelf.patch	chromium-git:0f3bbb229ab1499759ea9760a4b58f25b911572b:chrome/app/resources/generated_resources_lv.xtb	chrome/app/resources/generated_resources_lv.xtb	generated_resources	lv	5945002094477276055	"<translation id=""5945002094477276055"">Fails <ph name=""FILE_NAME"" />, iespējams, ir bīstams. Vai nosūtīt to pārbaudīšanai Google drošas pārlūkošanas programmā?</translation>"
other/restore_download_shelf.patch	chromium-git:0f3bbb229ab1499759ea9760a4b58f25b911572b:chrome/app/resources/generated_resources_mk.xtb	chrome/app/resources/generated_resources_mk.xtb	generated_resources	mk	5945002094477276055	"<translation id=""5945002094477276055"">Датотеката <ph name=""FILE_NAME"" /> можеби е опасна. Да се испрати во „Безбедно прелистување со Google“ за скенирање?</translation>"
other/restore_download_shelf.patch	chromium-git:0f3bbb229ab1499759ea9760a4b58f25b911572b:chrome/app/resources/generated_resources_ml.xtb	chrome/app/resources/generated_resources_ml.xtb	generated_resources	ml	5945002094477276055	"<translation id=""5945002094477276055""><ph name=""FILE_NAME"" /> അപകടകരമായേക്കാം. സ്‌കാൻ ചെയ്യാൻ Google സുരക്ഷിത ബ്രൗസിംഗിലേക്ക് അയയ്‌ക്കണോ?</translation>"
other/restore_download_shelf.patch	chromium-git:0f3bbb229ab1499759ea9760a4b58f25b911572b:chrome/app/resources/generated_resources_mn.xtb	chrome/app/resources/generated_resources_mn.xtb	generated_resources	mn	5945002094477276055	"<translation id=""5945002094477276055""><ph name=""FILE_NAME"" /> аюултай байж болзошгүй. Google-н аюулгүй хөтөч рүү скан хийлгэхээр илгээх үү?</translation>"
other/restore_download_shelf.patch	chromium-git:0f3bbb229ab1499759ea9760a4b58f25b911572b:chrome/app/resources/generated_resources_mr.xtb	chrome/app/resources/generated_resources_mr.xtb	generated_resources	mr	5945002094477276055	"<translation id=""5945002094477276055""><ph name=""FILE_NAME"" /> धोकादायक असू शकते. स्कॅन करण्यासाठी Google सुरक्षित ब्राउझिंग कडे पाठवायची आहे का?</translation>"
other/restore_download_shelf.patch	chromium-git:0f3bbb229ab1499759ea9760a4b58f25b911572b:chrome/app/resources/generated_resources_ms.xtb	chrome/app/resources/generated_resources_ms.xtb	generated_resources	ms	5945002094477276055	"<translation id=""5945002094477276055""><ph name=""FILE_NAME"" /> mungkin berbahaya. Hantar kepada Penyemakan Imbas Selamat Google untuk diimbas?</translation>"
other/restore_download_shelf.patch	chromium-git:0f3bbb229ab1499759ea9760a4b58f25b911572b:chrome/app/resources/generated_resources_my.xtb	chrome/app/resources/generated_resources_my.xtb	generated_resources	my	5945002094477276055	"<translation id=""5945002094477276055""><ph name=""FILE_NAME"" /> သည် အန္တရာယ်ရှိနိုင်သည်။ စစ်ဆေးရန် ‘Google လုံခြုံစွာ ကြည့်ရှုခြင်း’ သို့ ပို့မလား။</translation>"
other/restore_download_shelf.patch	chromium-git:0f3bbb229ab1499759ea9760a4b58f25b911572b:chrome/app/resources/generated_resources_ne.xtb	chrome/app/resources/generated_resources_ne.xtb	generated_resources	ne	5945002094477276055	"<translation id=""5945002094477276055""><ph name=""FILE_NAME"" /> हानिकारक हुन सक्छ। यो फाइल सुरक्षित छ कि छैन भनी स्क्यान गर्न यसलाई Google सुरक्षित ब्राउजिङ नामक सुविधामा पठाउने हो?</translation>"
other/restore_download_shelf.patch	chromium-git:0f3bbb229ab1499759ea9760a4b58f25b911572b:chrome/app/resources/generated_resources_nl.xtb	chrome/app/resources/generated_resources_nl.xtb	generated_resources	nl	5945002094477276055	"<translation id=""5945002094477276055""><ph name=""FILE_NAME"" /> is misschien gevaarlijk. Wil je het bestand naar Google Safe Browsing sturen om het te laten scannen?</translation>"
other/restore_download_shelf.patch	chromium-git:0f3bbb229ab1499759ea9760a4b58f25b911572b:chrome/app/resources/generated_resources_no.xtb	chrome/app/resources/generated_resources_no.xtb	generated_resources	no	5945002094477276055	"<translation id=""5945002094477276055""><ph name=""FILE_NAME"" /> kan være farlig. Vil du sende filen til Google Safe Browsing for skanning?</translation>"
other/restore_download_shelf.patch	chromium-git:0f3bbb229ab1499759ea9760a4b58f25b911572b:chrome/app/resources/generated_resources_or.xtb	chrome/app/resources/generated_resources_or.xtb	generated_resources	or	5945002094477276055	"<translation id=""5945002094477276055""><ph name=""FILE_NAME"" /> ବିପଦଜନକ ହୋଇପାରେ। ସ୍କାନିଂ Google ସେଫ୍ ବ୍ରାଉଜିଂକୁ ପଠାଇବେ?</translation>"
other/restore_download_shelf.patch	chromium-git:0f3bbb229ab1499759ea9760a4b58f25b911572b:chrome/app/resources/generated_resources_pa.xtb	chrome/app/resources/generated_resources_pa.xtb	generated_resources	pa	5945002094477276055	"<translation id=""5945002094477276055""><ph name=""FILE_NAME"" /> ਖਤਰਨਾਕ ਹੋ ਸਕਦੀ ਹੈ। ਕੀ ਸਕੈਨ ਕਰਨ ਲਈ Google ਸੁਰੱਖਿਅਤ ਬ੍ਰਾਊਜ਼ਿੰਗ ਨੂੰ ਭੇਜਣਾ ਹੈ?</translation>"
other/restore_download_shelf.patch	chromium-git:0f3bbb229ab1499759ea9760a4b58f25b911572b:chrome/app/resources/generated_resources_pl.xtb	chrome/app/resources/generated_resources_pl.xtb	generated_resources	pl	5945002094477276055	"<translation id=""5945002094477276055"">Plik <ph name=""FILE_NAME"" /> może być niebezpieczny. Wysłać go do przeskanowania przez Bezpieczne przeglądanie Google?</translation>"
other/restore_download_shelf.patch	chromium-git:0f3bbb229ab1499759ea9760a4b58f25b911572b:chrome/app/resources/generated_resources_pt-BR.xtb	chrome/app/resources/generated_resources_pt-BR.xtb	generated_resources	pt-BR	5945002094477276055	"<translation id=""5945002094477276055"">O arquivo <ph name=""FILE_NAME"" /> pode ser perigoso. Enviar ao Navegação segura do Google para verificação?</translation>"
other/restore_download_shelf.patch	chromium-git:0f3bbb229ab1499759ea9760a4b58f25b911572b:chrome/app/resources/generated_resources_pt-PT.xtb	chrome/app/resources/generated_resources_pt-PT.xtb	generated_resources	pt-PT	5945002094477276055	"<translation id=""5945002094477276055""><ph name=""FILE_NAME"" /> pode ser perigoso. Quer enviar para a Navegação segura do Google para análise?</translation>"
other/restore_download_shelf.patch	chromium-git:0f3bbb229ab1499759ea9760a4b58f25b911572b:chrome/app/resources/generated_resources_ro.xtb	chrome/app/resources/generated_resources_ro.xtb	generated_resources	ro	5945002094477276055	"<translation id=""5945002094477276055"">Fișierul <ph name=""FILE_NAME"" /> poate fi periculos. Îl trimiți la Navigare sigură Google pentru scanare?</translation>"
other/restore_download_shelf.patch	chromium-git:0f3bbb229ab1499759ea9760a4b58f25b911572b:chrome/app/resources/generated_resources_ru.xtb	chrome/app/resources/generated_resources_ru.xtb	generated_resources	ru	5945002094477276055	"<translation id=""5945002094477276055"">Файл ""<ph name=""FILE_NAME"" />"" может представлять опасность. Отправить его в сервис ""Google Безопасный просмотр"" для проверки?</translation>"
other/restore_download_shelf.patch	chromium-git:0f3bbb229ab1499759ea9760a4b58f25b911572b:chrome/app/resources/generated_resources_si.xtb	chrome/app/resources/generated_resources_si.xtb	generated_resources	si	5945002094477276055	"<translation id=""5945002094477276055""><ph name=""FILE_NAME"" /> අනතුරුදායක විය හැකිය. ස්කෑන් කිරීම සඳහා Google ආරක්ෂිත බ්‍රවුස් කිරීම වෙත යවන්නද?</translation>"
other/restore_download_shelf.patch	chromium-git:0f3bbb229ab1499759ea9760a4b58f25b911572b:chrome/app/resources/generated_resources_sk.xtb	chrome/app/resources/generated_resources_sk.xtb	generated_resources	sk	5945002094477276055	"<translation id=""5945002094477276055"">Súbor <ph name=""FILE_NAME"" /> môže byť nebezpečný. Chcete ho odoslať do Bezpečného prehliadania Google na kontrolu?</translation>"
other/restore_download_shelf.patch	chromium-git:0f3bbb229ab1499759ea9760a4b58f25b911572b:chrome/app/resources/generated_resources_sl.xtb	chrome/app/resources/generated_resources_sl.xtb	generated_resources	sl	5945002094477276055	"<translation id=""5945002094477276055"">Datoteka <ph name=""FILE_NAME"" /> je morda nevarna. Jo želite poslati Google Varnemu brskanju v pregled?</translation>"
other/restore_download_shelf.patch	chromium-git:0f3bbb229ab1499759ea9760a4b58f25b911572b:chrome/app/resources/generated_resources_sq.xtb	chrome/app/resources/generated_resources_sq.xtb	generated_resources	sq	5945002094477276055	"<translation id=""5945002094477276055""><ph name=""FILE_NAME"" /> mund të jetë i rrezikshëm. Të dërgohet te ""Shfletimi i sigurt i Google"" për skanim?</translation>"
other/restore_download_shelf.patch	chromium-git:0f3bbb229ab1499759ea9760a4b58f25b911572b:chrome/app/resources/generated_resources_sr.xtb	chrome/app/resources/generated_resources_sr.xtb	generated_resources	sr	5945002094477276055	"<translation id=""5945002094477276055"">Фајл <ph name=""FILE_NAME"" /> је можда опасан. Желите да га пошаљете Google безбедном прегледању на скенирање?</translation>"
other/restore_download_shelf.patch	chromium-git:0f3bbb229ab1499759ea9760a4b58f25b911572b:chrome/app/resources/generated_resources_sr-Latn.xtb	chrome/app/resources/generated_resources_sr-Latn.xtb	generated_resources	sr-Latn	5945002094477276055	"<translation id=""5945002094477276055"">Fajl <ph name=""FILE_NAME"" /> je možda opasan. Želite da ga pošaljete Google bezbednom pregledanju na skeniranje?</translation>"
other/restore_download_shelf.patch	chromium-git:0f3bbb229ab1499759ea9760a4b58f25b911572b:chrome/app/resources/generated_resources_sv.xtb	chrome/app/resources/generated_resources_sv.xtb	generated_resources	sv	5945002094477276055	"<translation id=""5945002094477276055""><ph name=""FILE_NAME"" /> kan vara farlig. Vill du skicka den till Google Säker webbsökning för genomsökning?</translation>"
other/restore_download_shelf.patch	chromium-git:0f3bbb229ab1499759ea9760a4b58f25b911572b:chrome/app/resources/generated_resources_sw.xtb	chrome/app/resources/generated_resources_sw.xtb	generated_resources	sw	5945002094477276055	"<translation id=""5945002094477276055"">Huenda <ph name=""FILE_NAME"" /> ni hatari. Ungependa kuituma kwa Kipengele cha Kuvinjari Salama na Google ili ikaguliwe?</translation>"
other/restore_download_shelf.patch	chromium-git:0f3bbb229ab1499759ea9760a4b58f25b911572b:chrome/app/resources/generated_resources_ta.xtb	chrome/app/resources/generated_resources_ta.xtb	generated_resources	ta	5945002094477276055	"<translation id=""5945002094477276055""><ph name=""FILE_NAME"" /> ஆபத்தானதாக இருக்கக்கூடும். ஸ்கேன் செய்ய இதை Google பாதுகாப்பு உலாவலுக்கு அனுப்பவா?</translation>"
other/restore_download_shelf.patch	chromium-git:0f3bbb229ab1499759ea9760a4b58f25b911572b:chrome/app/resources/generated_resources_te.xtb	chrome/app/resources/generated_resources_te.xtb	generated_resources	te	5945002094477276055	"<translation id=""5945002094477276055""><ph name=""FILE_NAME"" /> ప్రమాదకరమైనది కావచ్చు. స్కానింగ్ కోసం Google సురక్షిత బ్రౌజింగ్‌కు పంపాలా?</translation>"
other/restore_download_shelf.patch	chromium-git:0f3bbb229ab1499759ea9760a4b58f25b911572b:chrome/app/resources/generated_resources_th.xtb	chrome/app/resources/generated_resources_th.xtb	generated_resources	th	5945002094477276055	"<translation id=""5945002094477276055""><ph name=""FILE_NAME"" /> อาจเป็นอันตราย ส่งไปให้ Google Safe Browsing สแกนไหม</translation>"
other/restore_download_shelf.patch	chromium-git:0f3bbb229ab1499759ea9760a4b58f25b911572b:chrome/app/resources/generated_resources_tr.xtb	chrome/app/resources/generated_resources_tr.xtb	generated_resources	tr	5945002094477276055	"<translation id=""5945002094477276055""><ph name=""FILE_NAME"" /> tehlikeli olabilir. Taranmak üzere Google Güvenli Tarama'ya gönderilsin mi?</translation>"
other/restore_download_shelf.patch	chromium-git:0f3bbb229ab1499759ea9760a4b58f25b911572b:chrome/app/resources/generated_resources_uk.xtb	chrome/app/resources/generated_resources_uk.xtb	generated_resources	uk	5945002094477276055	"<translation id=""5945002094477276055"">Файл <ph name=""FILE_NAME"" /> може бути небезпечним. Надіслати його в Безпечний перегляд Google на перевірку?</translation>"
other/restore_download_shelf.patch	chromium-git:0f3bbb229ab1499759ea9760a4b58f25b911572b:chrome/app/resources/generated_resources_ur.xtb	chrome/app/resources/generated_resources_ur.xtb	generated_resources	ur	5945002094477276055	"<translation id=""5945002094477276055"">‏<ph name=""FILE_NAME"" /> خطرناک ہو سکتا ہے۔ اسکین کرنے کے لیے Google محفوظ براؤزنگ کو بھیجیں؟</translation>"
other/restore_download_shelf.patch	chromium-git:0f3bbb229ab1499759ea9760a4b58f25b911572b:chrome/app/resources/generated_resources_uz.xtb	chrome/app/resources/generated_resources_uz.xtb	generated_resources	uz	5945002094477276055	"<translation id=""5945002094477276055""><ph name=""FILE_NAME"" /> fayli xavfli boʻlishi mumkin. Tekshiruv uchun Google saytlar xavfsizligi tizimiga yuborilsinmi?</translation>"
other/restore_download_shelf.patch	chromium-git:0f3bbb229ab1499759ea9760a4b58f25b911572b:chrome/app/resources/generated_resources_vi.xtb	chrome/app/resources/generated_resources_vi.xtb	generated_resources	vi	5945002094477276055	"<translation id=""5945002094477276055""><ph name=""FILE_NAME"" /> có thể nguy hiểm. Gửi đến tính năng Duyệt web An toàn của Google để quét?</translation>"
other/restore_download_shelf.patch	chromium-git:0f3bbb229ab1499759ea9760a4b58f25b911572b:chrome/app/resources/generated_resources_zh-CN.xtb	chrome/app/resources/generated_resources_zh-CN.xtb	generated_resources	zh-CN	5945002094477276055	"<translation id=""5945002094477276055""><ph name=""FILE_NAME"" /> 可能含有危险内容。发送给 Google 安全浏览服务进行扫描？</translation>"
other/restore_download_shelf.patch	chromium-git:0f3bbb229ab1499759ea9760a4b58f25b911572b:chrome/app/resources/generated_resources_zh-HK.xtb	chrome/app/resources/generated_resources_zh-HK.xtb	generated_resources	zh-HK	5945002094477276055	"<translation id=""5945002094477276055""><ph name=""FILE_NAME"" /> 可能不安全。要傳送到「Google 安全瀏覽」進行掃瞄嗎？</translation>"
other/restore_download_shelf.patch	chromium-git:0f3bbb229ab1499759ea9760a4b58f25b911572b:chrome/app/resources/generated_resources_zh-TW.xtb	chrome/app/resources/generated_resources_zh-TW.xtb	generated_resources	zh-TW	5945002094477276055	"<translation id=""5945002094477276055""><ph name=""FILE_NAME"" /> 可能含有危險內容，要送交 Google 安全瀏覽服務進行掃描嗎？</translation>"
other/restore_download_shelf.patch	chromium-git:0f3bbb229ab1499759ea9760a4b58f25b911572b:chrome/app/resources/generated_resources_zu.xtb	chrome/app/resources/generated_resources_zu.xtb	generated_resources	zu	5945002094477276055	"<translation id=""5945002094477276055"">I-<ph name=""FILE_NAME"" /> ingaba yingozi. Thumela Ekuphequluleni Ngokuphephile kwe-Google mayelana nokuskena?</translation>"
other/restore_download_shelf.patch	chromium-git:0f3bbb229ab1499759ea9760a4b58f25b911572b:chrome/app/resources/generated_resources_af.xtb	chrome/app/resources/generated_resources_af.xtb	generated_resources	af	6098793583803863900	"<translation id=""6098793583803863900"">'n Onbekende lêer word tans vir gevaarlike inhoud geskandeer.</translation>"
other/restore_download_shelf.patch	chromium-git:0f3bbb229ab1499759ea9760a4b58f25b911572b:chrome/app/resources/generated_resources_am.xtb	chrome/app/resources/generated_resources_am.xtb	generated_resources	am	6098793583803863900	"<translation id=""6098793583803863900"">አንድ ያልታወቀ ፋይል አደገኛ ይዘት ካለው እየተቃኘ ነው።</translation>"
other/restore_download_shelf.patch	chromium-git:0f3bbb229ab1499759ea9760a4b58f25b911572b:chrome/app/resources/generated_resources_ar.xtb	chrome/app/resources/generated_resources_ar.xtb	generated_resources	ar	6098793583803863900	"<translation id=""6098793583803863900"">يجري فحص ملف غير معروف بحثًا عن محتوى خطير.</translation>"
other/restore_download_shelf.patch	chromium-git:0f3bbb229ab1499759ea9760a4b58f25b911572b:chrome/app/resources/generated_resources_as.xtb	chrome/app/resources/generated_resources_as.xtb	generated_resources	as	6098793583803863900	"<translation id=""6098793583803863900"">এটা অজ্ঞাত ফাইল বিপজ্জনক সমলৰ বাবে স্কেন কৰি থকা হৈছে।</translation>"
other/restore_download_shelf.patch	chromium-git:0f3bbb229ab1499759ea9760a4b58f25b911572b:chrome/app/resources/generated_resources_az.xtb	chrome/app/resources/generated_resources_az.xtb	generated_resources	az	6098793583803863900	"<translation id=""6098793583803863900"">Naməlum fayl skanlanaraq məzmunun təhlükəli olub-olmaması yoxlanılır.</translation>"
other/restore_download_shelf.patch	chromium-git:0f3bbb229ab1499759ea9760a4b58f25b911572b:chrome/app/resources/generated_resources_be.xtb	chrome/app/resources/generated_resources_be.xtb	generated_resources	be	6098793583803863900	"<translation id=""6098793583803863900"">Невядомы файл правяраецца на наяўнасць небяспечнага змесціва.</translation>"
other/restore_download_shelf.patch	chromium-git:0f3bbb229ab1499759ea9760a4b58f25b911572b:chrome/app/resources/generated_resources_bg.xtb	chrome/app/resources/generated_resources_bg.xtb	generated_resources	bg	6098793583803863900	"<translation id=""6098793583803863900"">Неизвестен файл се сканира за опасно съдържание.</translation>"
other/restore_download_shelf.patch	chromium-git:0f3bbb229ab1499759ea9760a4b58f25b911572b:chrome/app/resources/generated_resources_bn.xtb	chrome/app/resources/generated_resources_bn.xtb	generated_resources	bn	6098793583803863900	"<translation id=""6098793583803863900"">বিপজ্জনক কন্টেন্ট আছে কিনা তা দেখার জন্য একটি অচেনা ফাইল স্ক্যান করা হচ্ছে।</translation>"
other/restore_download_shelf.patch	chromium-git:0f3bbb229ab1499759ea9760a4b58f25b911572b:chrome/app/resources/generated_resources_bs.xtb	chrome/app/resources/generated_resources_bs.xtb	generated_resources	bs	6098793583803863900	"<translation id=""6098793583803863900"">Skeniranje nepoznatog fajla radi pronalaženja opasnog sadržaja.</translation>"
other/restore_download_shelf.patch	chromium-git:0f3bbb229ab1499759ea9760a4b58f25b911572b:chrome/app/resources/generated_resources_ca.xtb	chrome/app/resources/generated_resources_ca.xtb	generated_resources	ca	6098793583803863900	"<translation id=""6098793583803863900"">S'està cercant contingut perillós en un fitxer desconegut.</translation>"
other/restore_download_shelf.patch	chromium-git:0f3bbb229ab1499759ea9760a4b58f25b911572b:chrome/app/resources/generated_resources_cs.xtb	chrome/app/resources/generated_resources_cs.xtb	generated_resources	cs	6098793583803863900	"<translation id=""6098793583803863900"">Probíhá vyhledávání nebezpečného obsahu v neznámém souboru.</translation>"
other/restore_download_shelf.patch	chromium-git:0f3bbb229ab1499759ea9760a4b58f25b911572b:chrome/app/resources/generated_resources_cy.xtb	chrome/app/resources/generated_resources_cy.xtb	generated_resources	cy	6098793583803863900	"<translation id=""6098793583803863900"">Mae ffeil anhysbys yn cael ei sganio am gynnwys peryglus.</translation>"
other/restore_download_shelf.patch	chromium-git:0f3bbb229ab1499759ea9760a4b58f25b911572b:chrome/app/resources/generated_resources_da.xtb	chrome/app/resources/generated_resources_da.xtb	generated_resources	da	6098793583803863900	"<translation id=""6098793583803863900"">En ukendt fil scannes for skadeligt indhold.</translation>"
other/restore_download_shelf.patch	chromium-git:0f3bbb229ab1499759ea9760a4b58f25b911572b:chrome/app/resources/generated_resources_de.xtb	chrome/app/resources/generated_resources_de.xtb	generated_resources	de	6098793583803863900	"<translation id=""6098793583803863900"">Eine unbekannte Datei wird zur Untersuchung auf schädliche Inhalte gescannt.</translation>"
other/restore_download_shelf.patch	chromium-git:0f3bbb229ab1499759ea9760a4b58f25b911572b:chrome/app/resources/generated_resources_el.xtb	chrome/app/resources/generated_resources_el.xtb	generated_resources	el	6098793583803863900	"<translation id=""6098793583803863900"">Γίνεται σάρωση άγνωστου αρχείου για επικίνδυνο περιεχόμενο.</translation>"
other/restore_download_shelf.patch	chromium-git:0f3bbb229ab1499759ea9760a4b58f25b911572b:chrome/app/resources/generated_resources_en-GB.xtb	chrome/app/resources/generated_resources_en-GB.xtb	generated_resources	en-GB	6098793583803863900	"<translation id=""6098793583803863900"">An unknown file is being scanned for dangerous content.</translation>"
other/restore_download_shelf.patch	chromium-git:0f3bbb229ab1499759ea9760a4b58f25b911572b:chrome/app/resources/generated_resources_es.xtb	chrome/app/resources/generated_resources_es.xtb	generated_resources	es	6098793583803863900	"<translation id=""6098793583803863900"">Se está analizando un archivo desconocido en busca de contenido peligroso.</translation>"
other/restore_download_shelf.patch	chromium-git:0f3bbb229ab1499759ea9760a4b58f25b911572b:chrome/app/resources/generated_resources_es-419.xtb	chrome/app/resources/generated_resources_es-419.xtb	generated_resources	es-419	6098793583803863900	"<translation id=""6098793583803863900"">Se está analizando un archivo desconocido para determinar si incluye contenido peligroso.</translation>"
other/restore_download_shelf.patch	chromium-git:0f3bbb229ab1499759ea9760a4b58f25b911572b:chrome/app/resources/generated_resources_et.xtb	chrome/app/resources/generated_resources_et.xtb	generated_resources	et	6098793583803863900	"<translation id=""6098793583803863900"">Tundmatut faili kontrollitakse ohtliku sisu suhtes.</translation>"
other/restore_download_shelf.patch	chromium-git:0f3bbb229ab1499759ea9760a4b58f25b911572b:chrome/app/resources/generated_resources_eu.xtb	chrome/app/resources/generated_resources_eu.xtb	generated_resources	eu	6098793583803863900	"<translation id=""6098793583803863900"">Fitxategi ezezagun bat aztertzen ari gara, eduki arriskutsurik duen ikusteko.</translation>"
other/restore_download_shelf.patch	chromium-git:0f3bbb229ab1499759ea9760a4b58f25b911572b:chrome/app/resources/generated_resources_fa.xtb	chrome/app/resources/generated_resources_fa.xtb	generated_resources	fa	6098793583803863900	"<translation id=""6098793583803863900"">فایل ناشناسی از نظر وجود محتوای خطرناک درحال اسکن شدن است.</translation>"
other/restore_download_shelf.patch	chromium-git:0f3bbb229ab1499759ea9760a4b58f25b911572b:chrome/app/resources/generated_resources_fi.xtb	chrome/app/resources/generated_resources_fi.xtb	generated_resources	fi	6098793583803863900	"<translation id=""6098793583803863900"">Tuntematonta tiedostoa skannataan vaarallisen sisällön varalta.</translation>"
other/restore_download_shelf.patch	chromium-git:0f3bbb229ab1499759ea9760a4b58f25b911572b:chrome/app/resources/generated_resources_fil.xtb	chrome/app/resources/generated_resources_fil.xtb	generated_resources	fil	6098793583803863900	"<translation id=""6098793583803863900"">Sina-scan ang isang hindi kilalang file para matukoy kung may mapanganib na content.</translation>"
other/restore_download_shelf.patch	chromium-git:0f3bbb229ab1499759ea9760a4b58f25b911572b:chrome/app/resources/generated_resources_fr.xtb	chrome/app/resources/generated_resources_fr.xtb	generated_resources	fr	6098793583803863900	"<translation id=""6098793583803863900"">Un fichier inconnu est en cours d'analyse afin de vérifier que son contenu n'est pas dangereux.</translation>"
other/restore_download_shelf.patch	chromium-git:0f3bbb229ab1499759ea9760a4b58f25b911572b:chrome/app/resources/generated_resources_fr-CA.xtb	chrome/app/resources/generated_resources_fr-CA.xtb	generated_resources	fr-CA	6098793583803863900	"<translation id=""6098793583803863900"">Un fichier inconnu est en cours d'analyse afin de vérifier que son contenu n'est pas dangereux.</translation>"
other/restore_download_shelf.patch	chromium-git:0f3bbb229ab1499759ea9760a4b58f25b911572b:chrome/app/resources/generated_resources_gl.xtb	chrome/app/resources/generated_resources_gl.xtb	generated_resources	gl	6098793583803863900	"<translation id=""6098793583803863900"">Estase analizando un ficheiro descoñecido para comprobar se o seu contido é perigoso.</translation>"
other/restore_download_shelf.patch	chromium-git:0f3bbb229ab1499759ea9760a4b58f25b911572b:chrome/app/resources/generated_resources_gu.xtb	chrome/app/resources/generated_resources_gu.xtb	generated_resources	gu	6098793583803863900	"<translation id=""6098793583803863900"">જોખમી કન્ટેન્ટ માટે કોઈ અજાણી ફાઇલને સ્કૅન કરવામાં આવી રહી છે.</translation>"
other/restore_download_shelf.patch	chromium-git:0f3bbb229ab1499759ea9760a4b58f25b911572b:chrome/app/resources/generated_resources_hi.xtb	chrome/app/resources/generated_resources_hi.xtb	generated_resources	hi	6098793583803863900	"<translation id=""6098793583803863900"">खतरनाक मानी जाने वाली सामग्री का पता लगाने के लिए एक अज्ञात फ़ाइल स्कैन की जा रही है.</translation>"
other/restore_download_shelf.patch	chromium-git:0f3bbb229ab1499759ea9760a4b58f25b911572b:chrome/app/resources/generated_resources_hr.xtb	chrome/app/resources/generated_resources_hr.xtb	generated_resources	hr	6098793583803863900	"<translation id=""6098793583803863900"">Nepoznata datoteka pregledava se radi pronalaženja opasnog sadržaja.</translation>"
other/restore_download_shelf.patch	chromium-git:0f3bbb229ab1499759ea9760a4b58f25b911572b:chrome/app/resources/generated_resources_hu.xtb	chrome/app/resources/generated_resources_hu.xtb	generated_resources	hu	6098793583803863900	"<translation id=""6098793583803863900"">A rendszer veszélyes tartalmakat keres egy ismeretlen fájlban.</translation>"
other/restore_download_shelf.patch	chromium-git:0f3bbb229ab1499759ea9760a4b58f25b911572b:chrome/app/resources/generated_resources_hy.xtb	chrome/app/resources/generated_resources_hy.xtb	generated_resources	hy	6098793583803863900	"<translation id=""6098793583803863900"">Անհայտ ֆայլում ստուգվում է վտանգավոր բովանդակության առկայությունը</translation>"
other/restore_download_shelf.patch	chromium-git:0f3bbb229ab1499759ea9760a4b58f25b911572b:chrome/app/resources/generated_resources_id.xtb	chrome/app/resources/generated_resources_id.xtb	generated_resources	id	6098793583803863900	"<translation id=""6098793583803863900"">File tidak dikenal sedang dipindai untuk mendeteksi konten berbahaya.</translation>"
other/restore_download_shelf.patch	chromium-git:0f3bbb229ab1499759ea9760a4b58f25b911572b:chrome/app/resources/generated_resources_is.xtb	chrome/app/resources/generated_resources_is.xtb	generated_resources	is	6098793583803863900	"<translation id=""6098793583803863900"">Verið er að skanna óþekkta skrá í leit að hættulegu efni.</translation>"
other/restore_download_shelf.patch	chromium-git:0f3bbb229ab1499759ea9760a4b58f25b911572b:chrome/app/resources/generated_resources_it.xtb	chrome/app/resources/generated_resources_it.xtb	generated_resources	it	6098793583803863900	"<translation id=""6098793583803863900"">È in corso l'analisi di un file sconosciuto per rilevare eventuali contenuti pericolosi.</translation>"
other/restore_download_shelf.patch	chromium-git:0f3bbb229ab1499759ea9760a4b58f25b911572b:chrome/app/resources/generated_resources_iw.xtb	chrome/app/resources/generated_resources_iw.xtb	generated_resources	iw	6098793583803863900	"<translation id=""6098793583803863900"">קובץ לא ידוע נסרק כעת לאיתור תוכן מסוכן.</translation>"
other/restore_download_shelf.patch	chromium-git:0f3bbb229ab1499759ea9760a4b58f25b911572b:chrome/app/resources/generated_resources_ja.xtb	chrome/app/resources/generated_resources_ja.xtb	generated_resources	ja	6098793583803863900	"<translation id=""6098793583803863900"">不明なファイルで危険なコンテンツがないかどうかのスキャンが行われています。</translation>"
other/restore_download_shelf.patch	chromium-git:0f3bbb229ab1499759ea9760a4b58f25b911572b:chrome/app/resources/generated_resources_ka.xtb	chrome/app/resources/generated_resources_ka.xtb	generated_resources	ka	6098793583803863900	"<translation id=""6098793583803863900"">მიმდინარეობს სახიფათო კონტენტის სკანირება უცნობ ფაილში.</translation>"
other/restore_download_shelf.patch	chromium-git:0f3bbb229ab1499759ea9760a4b58f25b911572b:chrome/app/resources/generated_resources_kk.xtb	chrome/app/resources/generated_resources_kk.xtb	generated_resources	kk	6098793583803863900	"<translation id=""6098793583803863900"">Белгісіз файлда қауіпті контенттің бар-жоғы тексерілуде.</translation>"
other/restore_download_shelf.patch	chromium-git:0f3bbb229ab1499759ea9760a4b58f25b911572b:chrome/app/resources/generated_resources_km.xtb	chrome/app/resources/generated_resources_km.xtb	generated_resources	km	6098793583803863900	"<translation id=""6098793583803863900"">កំពុង​ស្កេន​រក​ខ្លឹមសារ​គ្រោះថ្នាក់​នៅក្នុង​ឯកសារ​មិនស្គាល់។</translation>"
other/restore_download_shelf.patch	chromium-git:0f3bbb229ab1499759ea9760a4b58f25b911572b:chrome/app/resources/generated_resources_kn.xtb	chrome/app/resources/generated_resources_kn.xtb	generated_resources	kn	6098793583803863900	"<translation id=""6098793583803863900"">ಅಪರಿಚಿತ ಫೈಲ್‌ನಲ್ಲಿ ಅಪಾಯಕಾರಿ ವಿಷಯಗಳಿವೆಯೇ ಎಂಬುದನ್ನು ಪತ್ತೆಹಚ್ಚಲು ಅದನ್ನು ಸ್ಕ್ಯಾನ್ ಮಾಡಲಾಗುತ್ತಿದೆ.</translation>"
other/restore_download_shelf.patch	chromium-git:0f3bbb229ab1499759ea9760a4b58f25b911572b:chrome/app/resources/generated_resources_ko.xtb	chrome/app/resources/generated_resources_ko.xtb	generated_resources	ko	6098793583803863900	"<translation id=""6098793583803863900"">위험한 콘텐츠가 있는지 확인하기 위해 알 수 없는 파일을 검사 중입니다.</translation>"
other/restore_download_shelf.patch	chromium-git:0f3bbb229ab1499759ea9760a4b58f25b911572b:chrome/app/resources/generated_resources_ky.xtb	chrome/app/resources/generated_resources_ky.xtb	generated_resources	ky	6098793583803863900	"<translation id=""6098793583803863900"">Белгисиз файлдагы зыяндуу мазмун изделүүдө.</translation>"
other/restore_download_shelf.patch	chromium-git:0f3bbb229ab1499759ea9760a4b58f25b911572b:chrome/app/resources/generated_resources_lo.xtb	chrome/app/resources/generated_resources_lo.xtb	generated_resources	lo	6098793583803863900	"<translation id=""6098793583803863900"">ກຳລັງສະແກນໄຟລ໌ທີ່ບໍ່ຮູ້ຈັກເພື່ອເບິ່ງເນື້ອຫາທີ່ອັນຕະລາຍ.</translation>"
other/restore_download_shelf.patch	chromium-git:0f3bbb229ab1499759ea9760a4b58f25b911572b:chrome/app/resources/generated_resources_lt.xtb	chrome/app/resources/generated_resources_lt.xtb	generated_resources	lt	6098793583803863900	"<translation id=""6098793583803863900"">Nuskaitoma, ar nežinomame faile nėra pavojingo turinio.</translation>"
other/restore_download_shelf.patch	chromium-git:0f3bbb229ab1499759ea9760a4b58f25b911572b:chrome/app/resources/generated_resources_lv.xtb	chrome/app/resources/generated_resources_lv.xtb	generated_resources	lv	6098793583803863900	"<translation id=""6098793583803863900"">Nezināms fails tiek skenēts, lai pārliecinātos, ka tajā nav bīstama satura.</translation>"
other/restore_download_shelf.patch	chromium-git:0f3bbb229ab1499759ea9760a4b58f25b911572b:chrome/app/resources/generated_resources_mk.xtb	chrome/app/resources/generated_resources_mk.xtb	generated_resources	mk	6098793583803863900	"<translation id=""6098793583803863900"">Непозната датотека се скенира за опасни содржини.</translation>"
other/restore_download_shelf.patch	chromium-git:0f3bbb229ab1499759ea9760a4b58f25b911572b:chrome/app/resources/generated_resources_ml.xtb	chrome/app/resources/generated_resources_ml.xtb	generated_resources	ml	6098793583803863900	"<translation id=""6098793583803863900"">അപകടകരമായ ഉള്ളടക്കം തിരിച്ചറിയുന്നതിനായി അജ്ഞാത ഫയൽ സ്‌കാൻ ചെയ്യുന്നു.</translation>"
other/restore_download_shelf.patch	chromium-git:0f3bbb229ab1499759ea9760a4b58f25b911572b:chrome/app/resources/generated_resources_mn.xtb	chrome/app/resources/generated_resources_mn.xtb	generated_resources	mn	6098793583803863900	"<translation id=""6098793583803863900"">Үл таних файлд аюултай агуулгын скан хийж байна.</translation>"
other/restore_download_shelf.patch	chromium-git:0f3bbb229ab1499759ea9760a4b58f25b911572b:chrome/app/resources/generated_resources_mr.xtb	chrome/app/resources/generated_resources_mr.xtb	generated_resources	mr	6098793583803863900	"<translation id=""6098793583803863900"">एक अज्ञात फाइल धोकादायक आशयासाठी स्कॅन केली जात आहे.</translation>"
other/restore_download_shelf.patch	chromium-git:0f3bbb229ab1499759ea9760a4b58f25b911572b:chrome/app/resources/generated_resources_ms.xtb	chrome/app/resources/generated_resources_ms.xtb	generated_resources	ms	6098793583803863900	"<translation id=""6098793583803863900"">Fail yang tidak diketahui sedang diimbas untuk mengesan kandungan berbahaya.</translation>"
other/restore_download_shelf.patch	chromium-git:0f3bbb229ab1499759ea9760a4b58f25b911572b:chrome/app/resources/generated_resources_my.xtb	chrome/app/resources/generated_resources_my.xtb	generated_resources	my	6098793583803863900	"<translation id=""6098793583803863900"">အန္တရာယ်ရှိသော အကြောင်းအရာအတွက် အမျိုးအမည်မသိ ဖိုင်တစ်ခုကို စကင်လုပ်နေသည်။</translation>"
other/restore_download_shelf.patch	chromium-git:0f3bbb229ab1499759ea9760a4b58f25b911572b:chrome/app/resources/generated_resources_ne.xtb	chrome/app/resources/generated_resources_ne.xtb	generated_resources	ne	6098793583803863900	"<translation id=""6098793583803863900"">खतरापूर्ण सामग्री छ कि भनी पत्ता लगाउन एउटा अज्ञात फाइल स्क्यान गरिँदै छ।</translation>"
other/restore_download_shelf.patch	chromium-git:0f3bbb229ab1499759ea9760a4b58f25b911572b:chrome/app/resources/generated_resources_nl.xtb	chrome/app/resources/generated_resources_nl.xtb	generated_resources	nl	6098793583803863900	"<translation id=""6098793583803863900"">Er wordt een onbekend bestand gescand op gevaarlijke content.</translation>"
other/restore_download_shelf.patch	chromium-git:0f3bbb229ab1499759ea9760a4b58f25b911572b:chrome/app/resources/generated_resources_no.xtb	chrome/app/resources/generated_resources_no.xtb	generated_resources	no	6098793583803863900	"<translation id=""6098793583803863900"">En ukjent fil gjennomsøkes for farlig innhold.</translation>"
other/restore_download_shelf.patch	chromium-git:0f3bbb229ab1499759ea9760a4b58f25b911572b:chrome/app/resources/generated_resources_or.xtb	chrome/app/resources/generated_resources_or.xtb	generated_resources	or	6098793583803863900	"<translation id=""6098793583803863900"">ବିପଦଜନକ ବିଷୟବସ୍ତୁ ପାଇଁ ଏକ ଅଜଣା ଫାଇଲ୍‍କୁ ସ୍କାନ୍ କରାଯାଉଛି।</translation>"
other/restore_download_shelf.patch	chromium-git:0f3bbb229ab1499759ea9760a4b58f25b911572b:chrome/app/resources/generated_resources_pa.xtb	chrome/app/resources/generated_resources_pa.xtb	generated_resources	pa	6098793583803863900	"<translation id=""6098793583803863900"">ਕਿਸੇ ਅਗਿਆਤ ਫ਼ਾਈਲ ਨੂੰ ਖਤਰਨਾਕ ਸਮੱਗਰੀ ਲਈ ਸਕੈਨ ਕੀਤਾ ਜਾ ਰਿਹਾ ਹੈ।</translation>"
other/restore_download_shelf.patch	chromium-git:0f3bbb229ab1499759ea9760a4b58f25b911572b:chrome/app/resources/generated_resources_pl.xtb	chrome/app/resources/generated_resources_pl.xtb	generated_resources	pl	6098793583803863900	"<translation id=""6098793583803863900"">Nieznany plik jest teraz skanowany pod kątem niebezpiecznych treści.</translation>"
other/restore_download_shelf.patch	chromium-git:0f3bbb229ab1499759ea9760a4b58f25b911572b:chrome/app/resources/generated_resources_pt-BR.xtb	chrome/app/resources/generated_resources_pt-BR.xtb	generated_resources	pt-BR	6098793583803863900	"<translation id=""6098793583803863900"">Estamos verificando um arquivo desconhecido para saber se há conteúdo perigoso.</translation>"
other/restore_download_shelf.patch	chromium-git:0f3bbb229ab1499759ea9760a4b58f25b911572b:chrome/app/resources/generated_resources_pt-PT.xtb	chrome/app/resources/generated_resources_pt-PT.xtb	generated_resources	pt-PT	6098793583803863900	"<translation id=""6098793583803863900"">Um ficheiro desconhecido está a ser analisado quanto a conteúdos perigosos.</translation>"
other/restore_download_shelf.patch	chromium-git:0f3bbb229ab1499759ea9760a4b58f25b911572b:chrome/app/resources/generated_resources_ro.xtb	chrome/app/resources/generated_resources_ro.xtb	generated_resources	ro	6098793583803863900	"<translation id=""6098793583803863900"">Se caută conținut periculos într-un fișier necunoscut.</translation>"
other/restore_download_shelf.patch	chromium-git:0f3bbb229ab1499759ea9760a4b58f25b911572b:chrome/app/resources/generated_resources_ru.xtb	chrome/app/resources/generated_resources_ru.xtb	generated_resources	ru	6098793583803863900	"<translation id=""6098793583803863900"">Неизвестный файл проверяется на наличие опасного контента.</translation>"
other/restore_download_shelf.patch	chromium-git:0f3bbb229ab1499759ea9760a4b58f25b911572b:chrome/app/resources/generated_resources_si.xtb	chrome/app/resources/generated_resources_si.xtb	generated_resources	si	6098793583803863900	"<translation id=""6098793583803863900"">අනතුරුදායක අන්තර්ගතය තිබේද බැලීමට නොදන්නා ගොනුවක් ස්කෑන් කෙරෙමින් පවතී.</translation>"
other/restore_download_shelf.patch	chromium-git:0f3bbb229ab1499759ea9760a4b58f25b911572b:chrome/app/resources/generated_resources_sk.xtb	chrome/app/resources/generated_resources_sk.xtb	generated_resources	sk	6098793583803863900	"<translation id=""6098793583803863900"">V neznámom súbore sa kontroluje prítomnosť nebezpečného obsahu.</translation>"
other/restore_download_shelf.patch	chromium-git:0f3bbb229ab1499759ea9760a4b58f25b911572b:chrome/app/resources/generated_resources_sl.xtb	chrome/app/resources/generated_resources_sl.xtb	generated_resources	sl	6098793583803863900	"<translation id=""6098793583803863900"">Neznana datoteka je v postopku pregleda za nevarno vsebino.</translation>"
other/restore_download_shelf.patch	chromium-git:0f3bbb229ab1499759ea9760a4b58f25b911572b:chrome/app/resources/generated_resources_sq.xtb	chrome/app/resources/generated_resources_sq.xtb	generated_resources	sq	6098793583803863900	"<translation id=""6098793583803863900"">Një skedar i panjohur po skanohet për përmbajtje të rrezikshme.</translation>"
other/restore_download_shelf.patch	chromium-git:0f3bbb229ab1499759ea9760a4b58f25b911572b:chrome/app/resources/generated_resources_sr.xtb	chrome/app/resources/generated_resources_sr.xtb	generated_resources	sr	6098793583803863900	"<translation id=""6098793583803863900"">Непозната датотека се скенира ради проналажења опасног садржаја.</translation>"
other/restore_download_shelf.patch	chromium-git:0f3bbb229ab1499759ea9760a4b58f25b911572b:chrome/app/resources/generated_resources_sr-Latn.xtb	chrome/app/resources/generated_resources_sr-Latn.xtb	generated_resources	sr-Latn	6098793583803863900	"<translation id=""6098793583803863900"">Nepoznata datoteka se skenira radi pronalaženja opasnog sadržaja.</translation>"
other/restore_download_shelf.patch	chromium-git:0f3bbb229ab1499759ea9760a4b58f25b911572b:chrome/app/resources/generated_resources_sv.xtb	chrome/app/resources/generated_resources_sv.xtb	generated_resources	sv	6098793583803863900	"<translation id=""6098793583803863900"">En okänd fil genomsöks efter farligt innehåll.</translation>"
other/restore_download_shelf.patch	chromium-git:0f3bbb229ab1499759ea9760a4b58f25b911572b:chrome/app/resources/generated_resources_sw.xtb	chrome/app/resources/generated_resources_sw.xtb	generated_resources	sw	6098793583803863900	"<translation id=""6098793583803863900"">Faili isiyojulikana inachanganuliwa ili kubaini maudhui hatari.</translation>"
other/restore_download_shelf.patch	chromium-git:0f3bbb229ab1499759ea9760a4b58f25b911572b:chrome/app/resources/generated_resources_ta.xtb	chrome/app/resources/generated_resources_ta.xtb	generated_resources	ta	6098793583803863900	"<translation id=""6098793583803863900"">அறியப்படாத ஃபைல் ஒன்று, மோசமான உள்ளடக்கம் இருக்கிறதா என்பதைப் பார்க்க ஸ்கேன் செய்யப்படுகிறது.</translation>"
other/restore_download_shelf.patch	chromium-git:0f3bbb229ab1499759ea9760a4b58f25b911572b:chrome/app/resources/generated_resources_te.xtb	chrome/app/resources/generated_resources_te.xtb	generated_resources	te	6098793583803863900	"<translation id=""6098793583803863900"">ప్రమాదకరమైన కంటెంట్ ఉంటే కనుగొనడానికి, ఒక తెలియని ఫైల్ స్కాన్ చేయబడుతోంది.</translation>"
other/restore_download_shelf.patch	chromium-git:0f3bbb229ab1499759ea9760a4b58f25b911572b:chrome/app/resources/generated_resources_th.xtb	chrome/app/resources/generated_resources_th.xtb	generated_resources	th	6098793583803863900	"<translation id=""6098793583803863900"">กำลังสแกนไฟล์ที่ไม่รู้จักเพื่อตรวจหาเนื้อหาที่เป็นอันตราย</translation>"
other/restore_download_shelf.patch	chromium-git:0f3bbb229ab1499759ea9760a4b58f25b911572b:chrome/app/resources/generated_resources_tr.xtb	chrome/app/resources/generated_resources_tr.xtb	generated_resources	tr	6098793583803863900	"<translation id=""6098793583803863900"">Bilinmeyen bir dosya, tehlikeli içerikler için taranıyor.</translation>"
other/restore_download_shelf.patch	chromium-git:0f3bbb229ab1499759ea9760a4b58f25b911572b:chrome/app/resources/generated_resources_uk.xtb	chrome/app/resources/generated_resources_uk.xtb	generated_resources	uk	6098793583803863900	"<translation id=""6098793583803863900"">Невідомий файл сканується на наявність небезпечного контенту.</translation>"
other/restore_download_shelf.patch	chromium-git:0f3bbb229ab1499759ea9760a4b58f25b911572b:chrome/app/resources/generated_resources_ur.xtb	chrome/app/resources/generated_resources_ur.xtb	generated_resources	ur	6098793583803863900	"<translation id=""6098793583803863900"">خطرناک مواد کیلئے ایک نامعلوم فائل اسکین کی جا رہی ہے۔</translation>"
other/restore_download_shelf.patch	chromium-git:0f3bbb229ab1499759ea9760a4b58f25b911572b:chrome/app/resources/generated_resources_uz.xtb	chrome/app/resources/generated_resources_uz.xtb	generated_resources	uz	6098793583803863900	"<translation id=""6098793583803863900"">Notanish fayl tarkibida viruslar mavjudligi tekshirilmoqda.</translation>"
other/restore_download_shelf.patch	chromium-git:0f3bbb229ab1499759ea9760a4b58f25b911572b:chrome/app/resources/generated_resources_vi.xtb	chrome/app/resources/generated_resources_vi.xtb	generated_resources	vi	6098793583803863900	"<translation id=""6098793583803863900"">Đang quét một tệp không xác định để tìm nội dung nguy hiểm.</translation>"
other/restore_download_shelf.patch	chromium-git:0f3bbb229ab1499759ea9760a4b58f25b911572b:chrome/app/resources/generated_resources_zh-CN.xtb	chrome/app/resources/generated_resources_zh-CN.xtb	generated_resources	zh-CN	6098793583803863900	"<translation id=""6098793583803863900"">正在扫描一个不明文件以确认其中是否包含危险内容。</translation>"
other/restore_download_shelf.patch	chromium-git:0f3bbb229ab1499759ea9760a4b58f25b911572b:chrome/app/resources/generated_resources_zh-HK.xtb	chrome/app/resources/generated_resources_zh-HK.xtb	generated_resources	zh-HK	6098793583803863900	"<translation id=""6098793583803863900"">系統正在掃瞄不明檔案是否包含危險內容。</translation>"
other/restore_download_shelf.patch	chromium-git:0f3bbb229ab1499759ea9760a4b58f25b911572b:chrome/app/resources/generated_resources_zh-TW.xtb	chrome/app/resources/generated_resources_zh-TW.xtb	generated_resources	zh-TW	6098793583803863900	"<translation id=""6098793583803863900"">系統正在掃描不明檔案是否包含危險內容。</translation>"
other/restore_download_shelf.patch	chromium-git:0f3bbb229ab1499759ea9760a4b58f25b911572b:chrome/app/resources/generated_resources_zu.xtb	chrome/app/resources/generated_resources_zu.xtb	generated_resources	zu	6098793583803863900	"<translation id=""6098793583803863900"">Ifayela elingaziwa liskenelwa okuqukethwe okuyingozi.</translation>"
other/restore_download_shelf.patch	chromium-git:0f3bbb229ab1499759ea9760a4b58f25b911572b:chrome/app/resources/generated_resources_af.xtb	chrome/app/resources/generated_resources_af.xtb	generated_resources	af	6242574558232861452	"<translation id=""6242574558232861452"">Kontroleer tans met jou organisasie se sekuriteitbeleid.</translation>"
other/restore_download_shelf.patch	chromium-git:0f3bbb229ab1499759ea9760a4b58f25b911572b:chrome/app/resources/generated_resources_am.xtb	chrome/app/resources/generated_resources_am.xtb	generated_resources	am	6242574558232861452	"<translation id=""6242574558232861452"">የእርስዎን ድርጅት የደህንነት መመሪያዎች በመፈተሽ ላይ</translation>"
other/restore_download_shelf.patch	chromium-git:0f3bbb229ab1499759ea9760a4b58f25b911572b:chrome/app/resources/generated_resources_ar.xtb	chrome/app/resources/generated_resources_ar.xtb	generated_resources	ar	6242574558232861452	"<translation id=""6242574558232861452"">جارٍ فحص الملف الجاري تنزيله للتأكّد من توافقه مع سياسات أمان مؤسستك.</translation>"
other/restore_download_shelf.patch	chromium-git:0f3bbb229ab1499759ea9760a4b58f25b911572b:chrome/app/resources/generated_resources_as.xtb	chrome/app/resources/generated_resources_as.xtb	generated_resources	as	6242574558232861452	"<translation id=""6242574558232861452"">আপোনাৰ প্ৰতিষ্ঠানৰ সুৰক্ষা নীতিসমূহৰ জৰিয়তে পৰীক্ষা কৰি থকা হৈছে।</translation>"
other/restore_download_shelf.patch	chromium-git:0f3bbb229ab1499759ea9760a4b58f25b911572b:chrome/app/resources/generated_resources_az.xtb	chrome/app/resources/generated_resources_az.xtb	generated_resources	az	6242574558232861452	"<translation id=""6242574558232861452"">Təşkilatınızın güvənlik siyasətlərinə əsasən yoxlanılır.</translation>"
other/restore_download_shelf.patch	chromium-git:0f3bbb229ab1499759ea9760a4b58f25b911572b:chrome/app/resources/generated_resources_be.xtb	chrome/app/resources/generated_resources_be.xtb	generated_resources	be	6242574558232861452	"<translation id=""6242574558232861452"">Ідзе праверка спампоўкі на адпаведнасць палітыкам бяспекі вашай арганізацыі.</translation>"
other/restore_download_shelf.patch	chromium-git:0f3bbb229ab1499759ea9760a4b58f25b911572b:chrome/app/resources/generated_resources_bg.xtb	chrome/app/resources/generated_resources_bg.xtb	generated_resources	bg	6242574558232861452	"<translation id=""6242574558232861452"">Проверява се за съответствие с правилата за сигурност на организацията ви.</translation>"
other/restore_download_shelf.patch	chromium-git:0f3bbb229ab1499759ea9760a4b58f25b911572b:chrome/app/resources/generated_resources_bn.xtb	chrome/app/resources/generated_resources_bn.xtb	generated_resources	bn	6242574558232861452	"<translation id=""6242574558232861452"">আপনার সংস্থার সুরক্ষা নীতি মেনে চলছে কিনা তা জানতে চেক করা হচ্ছে।</translation>"
other/restore_download_shelf.patch	chromium-git:0f3bbb229ab1499759ea9760a4b58f25b911572b:chrome/app/resources/generated_resources_bs.xtb	chrome/app/resources/generated_resources_bs.xtb	generated_resources	bs	6242574558232861452	"<translation id=""6242574558232861452"">Provjeravamo je li preuzimanje u skladu sa sigurnosnim pravilima vaše organizacije.</translation>"
other/restore_download_shelf.patch	chromium-git:0f3bbb229ab1499759ea9760a4b58f25b911572b:chrome/app/resources/generated_resources_ca.xtb	chrome/app/resources/generated_resources_ca.xtb	generated_resources	ca	6242574558232861452	"<translation id=""6242574558232861452"">S'està comprovant si es compleixen les polítiques de seguretat de la teva organització.</translation>"
other/restore_download_shelf.patch	chromium-git:0f3bbb229ab1499759ea9760a4b58f25b911572b:chrome/app/resources/generated_resources_cs.xtb	chrome/app/resources/generated_resources_cs.xtb	generated_resources	cs	6242574558232861452	"<translation id=""6242574558232861452"">Kontroluje se, zda soubor odpovídá bezpečnostním zásadám organizace.</translation>"
other/restore_download_shelf.patch	chromium-git:0f3bbb229ab1499759ea9760a4b58f25b911572b:chrome/app/resources/generated_resources_cy.xtb	chrome/app/resources/generated_resources_cy.xtb	generated_resources	cy	6242574558232861452	"<translation id=""6242574558232861452"">Wrthi'n gwirio gyda pholisïau diogelwch eich sefydliad.</translation>"
other/restore_download_shelf.patch	chromium-git:0f3bbb229ab1499759ea9760a4b58f25b911572b:chrome/app/resources/generated_resources_da.xtb	chrome/app/resources/generated_resources_da.xtb	generated_resources	da	6242574558232861452	"<translation id=""6242574558232861452"">Tjekker downloaden i henhold til din organisations sikkerhedspolitikker.</translation>"
other/restore_download_shelf.patch	chromium-git:0f3bbb229ab1499759ea9760a4b58f25b911572b:chrome/app/resources/generated_resources_de.xtb	chrome/app/resources/generated_resources_de.xtb	generated_resources	de	6242574558232861452	"<translation id=""6242574558232861452"">Dieser Download wird auf die Einhaltung der Sicherheitsrichtlinien deines Unternehmens geprüft.</translation>"
other/restore_download_shelf.patch	chromium-git:0f3bbb229ab1499759ea9760a4b58f25b911572b:chrome/app/resources/generated_resources_el.xtb	chrome/app/resources/generated_resources_el.xtb	generated_resources	el	6242574558232861452	"<translation id=""6242574558232861452"">Έλεγχος σε σχέση με τις πολιτικές ασφαλείας του οργανισμού σας.</translation>"
other/restore_download_shelf.patch	chromium-git:0f3bbb229ab1499759ea9760a4b58f25b911572b:chrome/app/resources/generated_resources_en-GB.xtb	chrome/app/resources/generated_resources_en-GB.xtb	generated_resources	en-GB	6242574558232861452	"<translation id=""6242574558232861452"">Checking with your organisation's security policies.</translation>"
other/restore_download_shelf.patch	chromium-git:0f3bbb229ab1499759ea9760a4b58f25b911572b:chrome/app/resources/generated_resources_es.xtb	chrome/app/resources/generated_resources_es.xtb	generated_resources	es	6242574558232861452	"<translation id=""6242574558232861452"">Comprobando las políticas de seguridad de tu organización.</translation>"
other/restore_download_shelf.patch	chromium-git:0f3bbb229ab1499759ea9760a4b58f25b911572b:chrome/app/resources/generated_resources_es-419.xtb	chrome/app/resources/generated_resources_es-419.xtb	generated_resources	es-419	6242574558232861452	"<translation id=""6242574558232861452"">Se está comprobando la descarga conforme a las políticas de seguridad de tu organización.</translation>"
other/restore_download_shelf.patch	chromium-git:0f3bbb229ab1499759ea9760a4b58f25b911572b:chrome/app/resources/generated_resources_et.xtb	chrome/app/resources/generated_resources_et.xtb	generated_resources	et	6242574558232861452	"<translation id=""6242574558232861452"">Kontrollitakse kooskõlas teie organisatsiooni turvaeeskirjadega.</translation>"
other/restore_download_shelf.patch	chromium-git:0f3bbb229ab1499759ea9760a4b58f25b911572b:chrome/app/resources/generated_resources_eu.xtb	chrome/app/resources/generated_resources_eu.xtb	generated_resources	eu	6242574558232861452	"<translation id=""6242574558232861452"">Zure erakundeko segurtasun-gidalerroak gordetzen diren egiaztatzen.</translation>"
other/restore_download_shelf.patch	chromium-git:0f3bbb229ab1499759ea9760a4b58f25b911572b:chrome/app/resources/generated_resources_fa.xtb	chrome/app/resources/generated_resources_fa.xtb	generated_resources	fa	6242574558232861452	"<translation id=""6242574558232861452"">درحال بررسی بارگیری با خط‌مشی‌های امنیتی سازمانتان.</translation>"
other/restore_download_shelf.patch	chromium-git:0f3bbb229ab1499759ea9760a4b58f25b911572b:chrome/app/resources/generated_resources_fi.xtb	chrome/app/resources/generated_resources_fi.xtb	generated_resources	fi	6242574558232861452	"<translation id=""6242574558232861452"">Tarkistetaan, noudatetaanko organisaatiosi tietosuojakäytäntöjä.</translation>"
other/restore_download_shelf.patch	chromium-git:0f3bbb229ab1499759ea9760a4b58f25b911572b:chrome/app/resources/generated_resources_fil.xtb	chrome/app/resources/generated_resources_fil.xtb	generated_resources	fil	6242574558232861452	"<translation id=""6242574558232861452"">Sinusuri sa mga patakaran sa seguridad ng iyong organisasyon.</translation>"
other/restore_download_shelf.patch	chromium-git:0f3bbb229ab1499759ea9760a4b58f25b911572b:chrome/app/resources/generated_resources_fr.xtb	chrome/app/resources/generated_resources_fr.xtb	generated_resources	fr	6242574558232861452	"<translation id=""6242574558232861452"">Vérification de la conformité du fichier avec les règles de sécurité de votre organisation…</translation>"
other/restore_download_shelf.patch	chromium-git:0f3bbb229ab1499759ea9760a4b58f25b911572b:chrome/app/resources/generated_resources_fr-CA.xtb	chrome/app/resources/generated_resources_fr-CA.xtb	generated_resources	fr-CA	6242574558232861452	"<translation id=""6242574558232861452"">Vérification de la conformité du fichier aux politiques de sécurité de votre organisation en cours…</translation>"
other/restore_download_shelf.patch	chromium-git:0f3bbb229ab1499759ea9760a4b58f25b911572b:chrome/app/resources/generated_resources_gl.xtb	chrome/app/resources/generated_resources_gl.xtb	generated_resources	gl	6242574558232861452	"<translation id=""6242574558232861452"">Estase comprobando o cumprimento das políticas de seguranza da túa organización.</translation>"
other/restore_download_shelf.patch	chromium-git:0f3bbb229ab1499759ea9760a4b58f25b911572b:chrome/app/resources/generated_resources_gu.xtb	chrome/app/resources/generated_resources_gu.xtb	generated_resources	gu	6242574558232861452	"<translation id=""6242574558232861452"">તમારી સંસ્થાની સુરક્ષા નીતિઓના પાલન સંબંધે ચેક કરી રહ્યાં છીએ.</translation>"
other/restore_download_shelf.patch	chromium-git:0f3bbb229ab1499759ea9760a4b58f25b911572b:chrome/app/resources/generated_resources_hi.xtb	chrome/app/resources/generated_resources_hi.xtb	generated_resources	hi	6242574558232861452	"<translation id=""6242574558232861452"">आपके संगठन की सुरक्षा नीतियों के मुताबिक जांच की जा रही है.</translation>"
other/restore_download_shelf.patch	chromium-git:0f3bbb229ab1499759ea9760a4b58f25b911572b:chrome/app/resources/generated_resources_hr.xtb	chrome/app/resources/generated_resources_hr.xtb	generated_resources	hr	6242574558232861452	"<translation id=""6242574558232861452"">Provjeravamo je li preuzimanje u skladu sa sigurnosnim pravilima vaše organizacije.</translation>"
other/restore_download_shelf.patch	chromium-git:0f3bbb229ab1499759ea9760a4b58f25b911572b:chrome/app/resources/generated_resources_hu.xtb	chrome/app/resources/generated_resources_hu.xtb	generated_resources	hu	6242574558232861452	"<translation id=""6242574558232861452"">Folyamatban van annak ellenőrzése, hogy sérültek-e a szervezete biztonsági szabályai.</translation>"
other/restore_download_shelf.patch	chromium-git:0f3bbb229ab1499759ea9760a4b58f25b911572b:chrome/app/resources/generated_resources_hy.xtb	chrome/app/resources/generated_resources_hy.xtb	generated_resources	hy	6242574558232861452	"<translation id=""6242574558232861452"">Ստուգվում է՝ արդյոք ֆայլը համապատասխանում է ձեր կազմակերպության անվտանգության կանոններին։</translation>"
other/restore_download_shelf.patch	chromium-git:0f3bbb229ab1499759ea9760a4b58f25b911572b:chrome/app/resources/generated_resources_id.xtb	chrome/app/resources/generated_resources_id.xtb	generated_resources	id	6242574558232861452	"<translation id=""6242574558232861452"">Memeriksa berdasarkan kebijakan keamanan organisasi Anda.</translation>"
other/restore_download_shelf.patch	chromium-git:0f3bbb229ab1499759ea9760a4b58f25b911572b:chrome/app/resources/generated_resources_is.xtb	chrome/app/resources/generated_resources_is.xtb	generated_resources	is	6242574558232861452	"<translation id=""6242574558232861452"">Athugar út frá öryggisreglum fyrirtækisins þíns.</translation>"
other/restore_download_shelf.patch	chromium-git:0f3bbb229ab1499759ea9760a4b58f25b911572b:chrome/app/resources/generated_resources_it.xtb	chrome/app/resources/generated_resources_it.xtb	generated_resources	it	6242574558232861452	"<translation id=""6242574558232861452"">Controllo della conformità alle norme di sicurezza della tua organizzazione in corso.</translation>"
other/restore_download_shelf.patch	chromium-git:0f3bbb229ab1499759ea9760a4b58f25b911572b:chrome/app/resources/generated_resources_iw.xtb	chrome/app/resources/generated_resources_iw.xtb	generated_resources	iw	6242574558232861452	"<translation id=""6242574558232861452"">המערכת בודקת אם הקובץ עומד בדרישות של מדיניות האבטחה של הארגון.</translation>"
other/restore_download_shelf.patch	chromium-git:0f3bbb229ab1499759ea9760a4b58f25b911572b:chrome/app/resources/generated_resources_ja.xtb	chrome/app/resources/generated_resources_ja.xtb	generated_resources	ja	6242574558232861452	"<translation id=""6242574558232861452"">組織のセキュリティ ポリシーに沿ってチェックしています。</translation>"
other/restore_download_shelf.patch	chromium-git:0f3bbb229ab1499759ea9760a4b58f25b911572b:chrome/app/resources/generated_resources_ka.xtb	chrome/app/resources/generated_resources_ka.xtb	generated_resources	ka	6242574558232861452	"<translation id=""6242574558232861452"">მიმდინარეობს თქვენი ორგანიზაციის უსაფრთხოების წესებთან შესაბამისობის შემოწმება.</translation>"
other/restore_download_shelf.patch	chromium-git:0f3bbb229ab1499759ea9760a4b58f25b911572b:chrome/app/resources/generated_resources_kk.xtb	chrome/app/resources/generated_resources_kk.xtb	generated_resources	kk	6242574558232861452	"<translation id=""6242574558232861452"">Файлдың ұйымның қауіпсіздік саясаттарына сәйкес келетіні тексерілуде.</translation>"
other/restore_download_shelf.patch	chromium-git:0f3bbb229ab1499759ea9760a4b58f25b911572b:chrome/app/resources/generated_resources_km.xtb	chrome/app/resources/generated_resources_km.xtb	generated_resources	km	6242574558232861452	"<translation id=""6242574558232861452"">កំពុងពិនិត្យមើលគោលការណ៍សុវត្ថិភាពរបស់ស្ថាប័នអ្នក។</translation>"
other/restore_download_shelf.patch	chromium-git:0f3bbb229ab1499759ea9760a4b58f25b911572b:chrome/app/resources/generated_resources_kn.xtb	chrome/app/resources/generated_resources_kn.xtb	generated_resources	kn	6242574558232861452	"<translation id=""6242574558232861452"">ನಿಮ್ಮ ಸಂಸ್ಥೆಯ ಭದ್ರತಾ ನೀತಿಗಳ ಜೊತೆಗೆ ಪರಿಶೀಲಿಸಲಾಗುತ್ತಿದೆ.</translation>"
other/restore_download_shelf.patch	chromium-git:0f3bbb229ab1499759ea9760a4b58f25b911572b:chrome/app/resources/generated_resources_ko.xtb	chrome/app/resources/generated_resources_ko.xtb	generated_resources	ko	6242574558232861452	"<translation id=""6242574558232861452"">조직 보안 정책을 준수하는지 확인하는 중입니다.</translation>"
other/restore_download_shelf.patch	chromium-git:0f3bbb229ab1499759ea9760a4b58f25b911572b:chrome/app/resources/generated_resources_ky.xtb	chrome/app/resources/generated_resources_ky.xtb	generated_resources	ky	6242574558232861452	"<translation id=""6242574558232861452"">Уюмуңуздун коопсуздук эрежелерин бузгандыгы текшерилүүдө.</translation>"
other/restore_download_shelf.patch	chromium-git:0f3bbb229ab1499759ea9760a4b58f25b911572b:chrome/app/resources/generated_resources_lo.xtb	chrome/app/resources/generated_resources_lo.xtb	generated_resources	lo	6242574558232861452	"<translation id=""6242574558232861452"">ກຳລັງກວດສອບນຳນະໂຍບາຍຄວາມປອດໄພຂອງອົງການຂອງທ່ານ.</translation>"
other/restore_download_shelf.patch	chromium-git:0f3bbb229ab1499759ea9760a4b58f25b911572b:chrome/app/resources/generated_resources_lt.xtb	chrome/app/resources/generated_resources_lt.xtb	generated_resources	lt	6242574558232861452	"<translation id=""6242574558232861452"">Tikrinama pagal organizacijos saugos politiką.</translation>"
other/restore_download_shelf.patch	chromium-git:0f3bbb229ab1499759ea9760a4b58f25b911572b:chrome/app/resources/generated_resources_lv.xtb	chrome/app/resources/generated_resources_lv.xtb	generated_resources	lv	6242574558232861452	"<translation id=""6242574558232861452"">Tiek pārbaudīta atbilstība jūsu organizācijas drošības politikai.</translation>"
other/restore_download_shelf.patch	chromium-git:0f3bbb229ab1499759ea9760a4b58f25b911572b:chrome/app/resources/generated_resources_mk.xtb	chrome/app/resources/generated_resources_mk.xtb	generated_resources	mk	6242574558232861452	"<translation id=""6242574558232861452"">Се проверува согласно безбедносните правила на организацијата.</translation>"
other/restore_download_shelf.patch	chromium-git:0f3bbb229ab1499759ea9760a4b58f25b911572b:chrome/app/resources/generated_resources_ml.xtb	chrome/app/resources/generated_resources_ml.xtb	generated_resources	ml	6242574558232861452	"<translation id=""6242574558232861452"">നിങ്ങളുടെ സ്ഥാപനത്തിന്റെ സുരക്ഷാ നയങ്ങൾ പാലിക്കുന്നുണ്ടോയെന്ന് പരിശോധിക്കുന്നു.</translation>"
other/restore_download_shelf.patch	chromium-git:0f3bbb229ab1499759ea9760a4b58f25b911572b:chrome/app/resources/generated_resources_mn.xtb	chrome/app/resources/generated_resources_mn.xtb	generated_resources	mn	6242574558232861452	"<translation id=""6242574558232861452"">Танай байгууллагын аюулгүй байдлын удирдамжуудад нийцэх эсэхийг шалгаж байна.</translation>"
other/restore_download_shelf.patch	chromium-git:0f3bbb229ab1499759ea9760a4b58f25b911572b:chrome/app/resources/generated_resources_mr.xtb	chrome/app/resources/generated_resources_mr.xtb	generated_resources	mr	6242574558232861452	"<translation id=""6242574558232861452"">तुमच्या संस्थेच्या सुरक्षितता धोरणांशी तपासून पाहत आहे.</translation>"
other/restore_download_shelf.patch	chromium-git:0f3bbb229ab1499759ea9760a4b58f25b911572b:chrome/app/resources/generated_resources_ms.xtb	chrome/app/resources/generated_resources_ms.xtb	generated_resources	ms	6242574558232861452	"<translation id=""6242574558232861452"">Membuat semakan berdasarkan dasar keselamatan organisasi anda.</translation>"
other/restore_download_shelf.patch	chromium-git:0f3bbb229ab1499759ea9760a4b58f25b911572b:chrome/app/resources/generated_resources_my.xtb	chrome/app/resources/generated_resources_my.xtb	generated_resources	my	6242574558232861452	"<translation id=""6242574558232861452"">သင့်အဖွဲ့အစည်း၏ လုံခြုံရေးမူဝါဒများဖြင့် စစ်ဆေးနေသည်။</translation>"
other/restore_download_shelf.patch	chromium-git:0f3bbb229ab1499759ea9760a4b58f25b911572b:chrome/app/resources/generated_resources_ne.xtb	chrome/app/resources/generated_resources_ne.xtb	generated_resources	ne	6242574558232861452	"<translation id=""6242574558232861452"">तपाईंको सङ्गठनका सुरक्षासम्बन्धी नीति अनुकूल छ कि छैन भनी जाँच गरिँदै छ।</translation>"
other/restore_download_shelf.patch	chromium-git:0f3bbb229ab1499759ea9760a4b58f25b911572b:chrome/app/resources/generated_resources_nl.xtb	chrome/app/resources/generated_resources_nl.xtb	generated_resources	nl	6242574558232861452	"<translation id=""6242574558232861452"">Checken op basis van het beveiligingsbeleid van je organisatie.</translation>"
other/restore_download_shelf.patch	chromium-git:0f3bbb229ab1499759ea9760a4b58f25b911572b:chrome/app/resources/generated_resources_no.xtb	chrome/app/resources/generated_resources_no.xtb	generated_resources	no	6242574558232861452	"<translation id=""6242574558232861452"">Sjekker opp mot sikkerhetsretningslinjene til organisasjonen din.</translation>"
other/restore_download_shelf.patch	chromium-git:0f3bbb229ab1499759ea9760a4b58f25b911572b:chrome/app/resources/generated_resources_or.xtb	chrome/app/resources/generated_resources_or.xtb	generated_resources	or	6242574558232861452	"<translation id=""6242574558232861452"">ଆପଣଙ୍କ ସଂସ୍ଥାର ସୁରକ୍ଷା ନୀତିଗୁଡ଼ିକ ସହ ଯାଞ୍ଚ କରାଯାଉଛି।</translation>"
other/restore_download_shelf.patch	chromium-git:0f3bbb229ab1499759ea9760a4b58f25b911572b:chrome/app/resources/generated_resources_pa.xtb	chrome/app/resources/generated_resources_pa.xtb	generated_resources	pa	6242574558232861452	"<translation id=""6242574558232861452"">ਤੁਹਾਡੀ ਸੰਸਥਾ ਦੀ ਸੁਰੱਖਿਆ ਨੀਤੀਆਂ ਨਾਲ ਜਾਂਚ ਕੀਤੀ ਜਾ ਰਹੀ ਹੈ।</translation>"
other/restore_download_shelf.patch	chromium-git:0f3bbb229ab1499759ea9760a4b58f25b911572b:chrome/app/resources/generated_resources_pl.xtb	chrome/app/resources/generated_resources_pl.xtb	generated_resources	pl	6242574558232861452	"<translation id=""6242574558232861452"">Sprawdzam zgodność z zasadami bezpieczeństwa obowiązującymi w Twojej organizacji.</translation>"
other/restore_download_shelf.patch	chromium-git:0f3bbb229ab1499759ea9760a4b58f25b911572b:chrome/app/resources/generated_resources_pt-BR.xtb	chrome/app/resources/generated_resources_pt-BR.xtb	generated_resources	pt-BR	6242574558232861452	"<translation id=""6242574558232861452"">Verificando com as políticas de segurança da sua organização.</translation>"
other/restore_download_shelf.patch	chromium-git:0f3bbb229ab1499759ea9760a4b58f25b911572b:chrome/app/resources/generated_resources_pt-PT.xtb	chrome/app/resources/generated_resources_pt-PT.xtb	generated_resources	pt-PT	6242574558232861452	"<translation id=""6242574558232861452"">A verificar as políticas de segurança da sua entidade…</translation>"
other/restore_download_shelf.patch	chromium-git:0f3bbb229ab1499759ea9760a4b58f25b911572b:chrome/app/resources/generated_resources_ro.xtb	chrome/app/resources/generated_resources_ro.xtb	generated_resources	ro	6242574558232861452	"<translation id=""6242574558232861452"">Se verifică în conformitate cu politicile de securitate ale organizației.</translation>"
other/restore_download_shelf.patch	chromium-git:0f3bbb229ab1499759ea9760a4b58f25b911572b:chrome/app/resources/generated_resources_ru.xtb	chrome/app/resources/generated_resources_ru.xtb	generated_resources	ru	6242574558232861452	"<translation id=""6242574558232861452"">Проверка файла на соответствие правилам безопасности вашей организации…</translation>"
other/restore_download_shelf.patch	chromium-git:0f3bbb229ab1499759ea9760a4b58f25b911572b:chrome/app/resources/generated_resources_si.xtb	chrome/app/resources/generated_resources_si.xtb	generated_resources	si	6242574558232861452	"<translation id=""6242574558232861452"">ඔබේ සංවිධානයේ ආරක්ෂක ප්‍රතිපත්ති සමඟ පරීක්ෂා කිරීම.</translation>"
other/restore_download_shelf.patch	chromium-git:0f3bbb229ab1499759ea9760a4b58f25b911572b:chrome/app/resources/generated_resources_sk.xtb	chrome/app/resources/generated_resources_sk.xtb	generated_resources	sk	6242574558232861452	"<translation id=""6242574558232861452"">Kontroluje sa súlad s pravidlami zabezpečenia vašej organizácie.</translation>"
other/restore_download_shelf.patch	chromium-git:0f3bbb229ab1499759ea9760a4b58f25b911572b:chrome/app/resources/generated_resources_sl.xtb	chrome/app/resources/generated_resources_sl.xtb	generated_resources	sl	6242574558232861452	"<translation id=""6242574558232861452"">Preverjamo, ali je datoteka v skladu z varnostnimi pravilniki organizacije.</translation>"
other/restore_download_shelf.patch	chromium-git:0f3bbb229ab1499759ea9760a4b58f25b911572b:chrome/app/resources/generated_resources_sq.xtb	chrome/app/resources/generated_resources_sq.xtb	generated_resources	sq	6242574558232861452	"<translation id=""6242574558232861452"">Po kontrollohet me politikat e sigurisë së organizatës sate.</translation>"
other/restore_download_shelf.patch	chromium-git:0f3bbb229ab1499759ea9760a4b58f25b911572b:chrome/app/resources/generated_resources_sr.xtb	chrome/app/resources/generated_resources_sr.xtb	generated_resources	sr	6242574558232861452	"<translation id=""6242574558232861452"">Проверава се да ли је у складу са безбедносним смерницама организације.</translation>"
other/restore_download_shelf.patch	chromium-git:0f3bbb229ab1499759ea9760a4b58f25b911572b:chrome/app/resources/generated_resources_sr-Latn.xtb	chrome/app/resources/generated_resources_sr-Latn.xtb	generated_resources	sr-Latn	6242574558232861452	"<translation id=""6242574558232861452"">Proverava se da li je u skladu sa bezbednosnim smernicama organizacije.</translation>"
other/restore_download_shelf.patch	chromium-git:0f3bbb229ab1499759ea9760a4b58f25b911572b:chrome/app/resources/generated_resources_sv.xtb	chrome/app/resources/generated_resources_sv.xtb	generated_resources	sv	6242574558232861452	"<translation id=""6242574558232861452"">Kontrollerar utifrån organisationens säkerhetspolicy.</translation>"
other/restore_download_shelf.patch	chromium-git:0f3bbb229ab1499759ea9760a4b58f25b911572b:chrome/app/resources/generated_resources_sw.xtb	chrome/app/resources/generated_resources_sw.xtb	generated_resources	sw	6242574558232861452	"<translation id=""6242574558232861452"">Inakaguliwa kulingana na sera za usalama za shirika lako.</translation>"
other/restore_download_shelf.patch	chromium-git:0f3bbb229ab1499759ea9760a4b58f25b911572b:chrome/app/resources/generated_resources_ta.xtb	chrome/app/resources/generated_resources_ta.xtb	generated_resources	ta	6242574558232861452	"<translation id=""6242574558232861452"">உங்கள் நிறுவனத்தின் பாதுகாப்புக் கொள்கைகளுடன் இந்த ஃபைல் இணங்குகிறதா என்பதைச் சரிபார்க்கிறது.</translation>"
other/restore_download_shelf.patch	chromium-git:0f3bbb229ab1499759ea9760a4b58f25b911572b:chrome/app/resources/generated_resources_te.xtb	chrome/app/resources/generated_resources_te.xtb	generated_resources	te	6242574558232861452	"<translation id=""6242574558232861452"">మీ సంస్థకు చెందిన భద్రతా పాలసీలను చెక్ చేస్తోంది.</translation>"
other/restore_download_shelf.patch	chromium-git:0f3bbb229ab1499759ea9760a4b58f25b911572b:chrome/app/resources/generated_resources_th.xtb	chrome/app/resources/generated_resources_th.xtb	generated_resources	th	6242574558232861452	"<translation id=""6242574558232861452"">กำลังตรวจสอบกับนโยบายความปลอดภัยขององค์กร</translation>"
other/restore_download_shelf.patch	chromium-git:0f3bbb229ab1499759ea9760a4b58f25b911572b:chrome/app/resources/generated_resources_tr.xtb	chrome/app/resources/generated_resources_tr.xtb	generated_resources	tr	6242574558232861452	"<translation id=""6242574558232861452"">Kuruluşunuzun güvenlik politikalarıyla uyumlu olup olmadığı kontrol ediliyor.</translation>"
other/restore_download_shelf.patch	chromium-git:0f3bbb229ab1499759ea9760a4b58f25b911572b:chrome/app/resources/generated_resources_uk.xtb	chrome/app/resources/generated_resources_uk.xtb	generated_resources	uk	6242574558232861452	"<translation id=""6242574558232861452"">Перевірка відповідності правилам безпеки вашої організації.</translation>"
other/restore_download_shelf.patch	chromium-git:0f3bbb229ab1499759ea9760a4b58f25b911572b:chrome/app/resources/generated_resources_ur.xtb	chrome/app/resources/generated_resources_ur.xtb	generated_resources	ur	6242574558232861452	"<translation id=""6242574558232861452"">آپ کی تنظیم کی سکیورٹی پالیسیز کے ساتھ چیک کیا جا رہا ہے۔</translation>"
other/restore_download_shelf.patch	chromium-git:0f3bbb229ab1499759ea9760a4b58f25b911572b:chrome/app/resources/generated_resources_uz.xtb	chrome/app/resources/generated_resources_uz.xtb	generated_resources	uz	6242574558232861452	"<translation id=""6242574558232861452"">Tashkilotingizning xavfsizlik siyosati asosida tekshirilmoqda.</translation>"
other/restore_download_shelf.patch	chromium-git:0f3bbb229ab1499759ea9760a4b58f25b911572b:chrome/app/resources/generated_resources_vi.xtb	chrome/app/resources/generated_resources_vi.xtb	generated_resources	vi	6242574558232861452	"<translation id=""6242574558232861452"">Đang kiểm tra để xem tệp có tuân thủ các chính sách bảo mật của tổ chức bạn hay không.</translation>"
other/restore_download_shelf.patch	chromium-git:0f3bbb229ab1499759ea9760a4b58f25b911572b:chrome/app/resources/generated_resources_zh-CN.xtb	chrome/app/resources/generated_resources_zh-CN.xtb	generated_resources	zh-CN	6242574558232861452	"<translation id=""6242574558232861452"">正在检查是否符合贵组织的安全政策。</translation>"
other/restore_download_shelf.patch	chromium-git:0f3bbb229ab1499759ea9760a4b58f25b911572b:chrome/app/resources/generated_resources_zh-HK.xtb	chrome/app/resources/generated_resources_zh-HK.xtb	generated_resources	zh-HK	6242574558232861452	"<translation id=""6242574558232861452"">正在檢查是否符合您機構的安全性政策。</translation>"
other/restore_download_shelf.patch	chromium-git:0f3bbb229ab1499759ea9760a4b58f25b911572b:chrome/app/resources/generated_resources_zh-TW.xtb	chrome/app/resources/generated_resources_zh-TW.xtb	generated_resources	zh-TW	6242574558232861452	"<translation id=""6242574558232861452"">正在檢查下載內容是否符合貴機構的安全性政策。</translation>"
other/restore_download_shelf.patch	chromium-git:0f3bbb229ab1499759ea9760a4b58f25b911572b:chrome/app/resources/generated_resources_zu.xtb	chrome/app/resources/generated_resources_zu.xtb	generated_resources	zu	6242574558232861452	"<translation id=""6242574558232861452"">Ihlola kuzinqubomgomo zokuvikeleka zenhlangano yakho</translation>"
other/restore_download_shelf.patch	chromium-git:0f3bbb229ab1499759ea9760a4b58f25b911572b:chrome/app/resources/generated_resources_af.xtb	chrome/app/resources/generated_resources_af.xtb	generated_resources	af	6483805311199035658	"<translation id=""6483805311199035658"">Maak tans <ph name=""FILE"" /> oop …</translation>"
other/restore_download_shelf.patch	chromium-git:0f3bbb229ab1499759ea9760a4b58f25b911572b:chrome/app/resources/generated_resources_am.xtb	chrome/app/resources/generated_resources_am.xtb	generated_resources	am	6483805311199035658	"<translation id=""6483805311199035658""><ph name=""FILE"" /> በመክፈት ላይ…</translation>"
other/restore_download_shelf.patch	chromium-git:0f3bbb229ab1499759ea9760a4b58f25b911572b:chrome/app/resources/generated_resources_ar.xtb	chrome/app/resources/generated_resources_ar.xtb	generated_resources	ar	6483805311199035658	"<translation id=""6483805311199035658"">يجري فتح <ph name=""FILE"" />...</translation>"
other/restore_download_shelf.patch	chromium-git:0f3bbb229ab1499759ea9760a4b58f25b911572b:chrome/app/resources/generated_resources_as.xtb	chrome/app/resources/generated_resources_as.xtb	generated_resources	as	6483805311199035658	"<translation id=""6483805311199035658""><ph name=""FILE"" /> খুলি থকা হৈছে...</translation>"
other/restore_download_shelf.patch	chromium-git:0f3bbb229ab1499759ea9760a4b58f25b911572b:chrome/app/resources/generated_resources_az.xtb	chrome/app/resources/generated_resources_az.xtb	generated_resources	az	6483805311199035658	"<translation id=""6483805311199035658""><ph name=""FILE"" /> açılır...</translation>"
other/restore_download_shelf.patch	chromium-git:0f3bbb229ab1499759ea9760a4b58f25b911572b:chrome/app/resources/generated_resources_be.xtb	chrome/app/resources/generated_resources_be.xtb	generated_resources	be	6483805311199035658	"<translation id=""6483805311199035658"">Адкрываецца <ph name=""FILE"" />...</translation>"
other/restore_download_shelf.patch	chromium-git:0f3bbb229ab1499759ea9760a4b58f25b911572b:chrome/app/resources/generated_resources_bg.xtb	chrome/app/resources/generated_resources_bg.xtb	generated_resources	bg	6483805311199035658	"<translation id=""6483805311199035658""><ph name=""FILE"" /> се отваря...</translation>"
other/restore_download_shelf.patch	chromium-git:0f3bbb229ab1499759ea9760a4b58f25b911572b:chrome/app/resources/generated_resources_bn.xtb	chrome/app/resources/generated_resources_bn.xtb	generated_resources	bn	6483805311199035658	"<translation id=""6483805311199035658""><ph name=""FILE"" /> খোলা হচ্ছে...</translation>"
other/restore_download_shelf.patch	chromium-git:0f3bbb229ab1499759ea9760a4b58f25b911572b:chrome/app/resources/generated_resources_bs.xtb	chrome/app/resources/generated_resources_bs.xtb	generated_resources	bs	6483805311199035658	"<translation id=""6483805311199035658"">Otvara se <ph name=""FILE"" />...</translation>"
other/restore_download_shelf.patch	chromium-git:0f3bbb229ab1499759ea9760a4b58f25b911572b:chrome/app/resources/generated_resources_ca.xtb	chrome/app/resources/generated_resources_ca.xtb	generated_resources	ca	6483805311199035658	"<translation id=""6483805311199035658"">S'està obrint <ph name=""FILE"" />...</translation>"
other/restore_download_shelf.patch	chromium-git:0f3bbb229ab1499759ea9760a4b58f25b911572b:chrome/app/resources/generated_resources_cs.xtb	chrome/app/resources/generated_resources_cs.xtb	generated_resources	cs	6483805311199035658	"<translation id=""6483805311199035658"">Otevírání souboru <ph name=""FILE"" />...</translation>"
other/restore_download_shelf.patch	chromium-git:0f3bbb229ab1499759ea9760a4b58f25b911572b:chrome/app/resources/generated_resources_cy.xtb	chrome/app/resources/generated_resources_cy.xtb	generated_resources	cy	6483805311199035658	"<translation id=""6483805311199035658"">Wrthi'n agor <ph name=""FILE"" />...</translation>"
other/restore_download_shelf.patch	chromium-git:0f3bbb229ab1499759ea9760a4b58f25b911572b:chrome/app/resources/generated_resources_da.xtb	chrome/app/resources/generated_resources_da.xtb	generated_resources	da	6483805311199035658	"<translation id=""6483805311199035658"">Åbner <ph name=""FILE"" />...</translation>"
other/restore_download_shelf.patch	chromium-git:0f3bbb229ab1499759ea9760a4b58f25b911572b:chrome/app/resources/generated_resources_de.xtb	chrome/app/resources/generated_resources_de.xtb	generated_resources	de	6483805311199035658	"<translation id=""6483805311199035658""><ph name=""FILE"" /> wird geöffnet...</translation>"
other/restore_download_shelf.patch	chromium-git:0f3bbb229ab1499759ea9760a4b58f25b911572b:chrome/app/resources/generated_resources_el.xtb	chrome/app/resources/generated_resources_el.xtb	generated_resources	el	6483805311199035658	"<translation id=""6483805311199035658"">Άνοιγμα του αρχείου <ph name=""FILE"" />...</translation>"
other/restore_download_shelf.patch	chromium-git:0f3bbb229ab1499759ea9760a4b58f25b911572b:chrome/app/resources/generated_resources_en-GB.xtb	chrome/app/resources/generated_resources_en-GB.xtb	generated_resources	en-GB	6483805311199035658	"<translation id=""6483805311199035658"">Opening <ph name=""FILE"" />...</translation>"
other/restore_download_shelf.patch	chromium-git:0f3bbb229ab1499759ea9760a4b58f25b911572b:chrome/app/resources/generated_resources_es.xtb	chrome/app/resources/generated_resources_es.xtb	generated_resources	es	6483805311199035658	"<translation id=""6483805311199035658"">Abriendo <ph name=""FILE"" />...</translation>"
other/restore_download_shelf.patch	chromium-git:0f3bbb229ab1499759ea9760a4b58f25b911572b:chrome/app/resources/generated_resources_es-419.xtb	chrome/app/resources/generated_resources_es-419.xtb	generated_resources	es-419	6483805311199035658	"<translation id=""6483805311199035658"">Abriendo <ph name=""FILE"" />...</translation>"
other/restore_download_shelf.patch	chromium-git:0f3bbb229ab1499759ea9760a4b58f25b911572b:chrome/app/resources/generated_resources_et.xtb	chrome/app/resources/generated_resources_et.xtb	generated_resources	et	6483805311199035658	"<translation id=""6483805311199035658"">Avatakse <ph name=""FILE"" />...</translation>"
other/restore_download_shelf.patch	chromium-git:0f3bbb229ab1499759ea9760a4b58f25b911572b:chrome/app/resources/generated_resources_eu.xtb	chrome/app/resources/generated_resources_eu.xtb	generated_resources	eu	6483805311199035658	"<translation id=""6483805311199035658""><ph name=""FILE"" /> irekitzen…</translation>"
other/restore_download_shelf.patch	chromium-git:0f3bbb229ab1499759ea9760a4b58f25b911572b:chrome/app/resources/generated_resources_fa.xtb	chrome/app/resources/generated_resources_fa.xtb	generated_resources	fa	6483805311199035658	"<translation id=""6483805311199035658"">در حال باز کردن <ph name=""FILE"" />...</translation>"
other/restore_download_shelf.patch	chromium-git:0f3bbb229ab1499759ea9760a4b58f25b911572b:chrome/app/resources/generated_resources_fi.xtb	chrome/app/resources/generated_resources_fi.xtb	generated_resources	fi	6483805311199035658	"<translation id=""6483805311199035658"">Avataan tiedostoa <ph name=""FILE"" />...</translation>"
other/restore_download_shelf.patch	chromium-git:0f3bbb229ab1499759ea9760a4b58f25b911572b:chrome/app/resources/generated_resources_fil.xtb	chrome/app/resources/generated_resources_fil.xtb	generated_resources	fil	6483805311199035658	"<translation id=""6483805311199035658"">Binubuksan ang <ph name=""FILE"" />...</translation>"
other/restore_download_shelf.patch	chromium-git:0f3bbb229ab1499759ea9760a4b58f25b911572b:chrome/app/resources/generated_resources_fr.xtb	chrome/app/resources/generated_resources_fr.xtb	generated_resources	fr	6483805311199035658	"<translation id=""6483805311199035658"">Ouverture de <ph name=""FILE"" /> en cours</translation>"
other/restore_download_shelf.patch	chromium-git:0f3bbb229ab1499759ea9760a4b58f25b911572b:chrome/app/resources/generated_resources_fr-CA.xtb	chrome/app/resources/generated_resources_fr-CA.xtb	generated_resources	fr-CA	6483805311199035658	"<translation id=""6483805311199035658"">Ouverture de <ph name=""FILE"" /> en cours...</translation>"
other/restore_download_shelf.patch	chromium-git:0f3bbb229ab1499759ea9760a4b58f25b911572b:chrome/app/resources/generated_resources_gl.xtb	chrome/app/resources/generated_resources_gl.xtb	generated_resources	gl	6483805311199035658	"<translation id=""6483805311199035658"">Abrindo <ph name=""FILE"" />...</translation>"
other/restore_download_shelf.patch	chromium-git:0f3bbb229ab1499759ea9760a4b58f25b911572b:chrome/app/resources/generated_resources_gu.xtb	chrome/app/resources/generated_resources_gu.xtb	generated_resources	gu	6483805311199035658	"<translation id=""6483805311199035658"">ખુલી રહી છે <ph name=""FILE"" />...</translation>"
other/restore_download_shelf.patch	chromium-git:0f3bbb229ab1499759ea9760a4b58f25b911572b:chrome/app/resources/generated_resources_hi.xtb	chrome/app/resources/generated_resources_hi.xtb	generated_resources	hi	6483805311199035658	"<translation id=""6483805311199035658""><ph name=""FILE"" /> खोला जा रहा है...</translation>"
other/restore_download_shelf.patch	chromium-git:0f3bbb229ab1499759ea9760a4b58f25b911572b:chrome/app/resources/generated_resources_hr.xtb	chrome/app/resources/generated_resources_hr.xtb	generated_resources	hr	6483805311199035658	"<translation id=""6483805311199035658"">Otvaranje datoteke <ph name=""FILE"" />...</translation>"
other/restore_download_shelf.patch	chromium-git:0f3bbb229ab1499759ea9760a4b58f25b911572b:chrome/app/resources/generated_resources_hu.xtb	chrome/app/resources/generated_resources_hu.xtb	generated_resources	hu	6483805311199035658	"<translation id=""6483805311199035658""><ph name=""FILE"" /> megnyitása...</translation>"
other/restore_download_shelf.patch	chromium-git:0f3bbb229ab1499759ea9760a4b58f25b911572b:chrome/app/resources/generated_resources_hy.xtb	chrome/app/resources/generated_resources_hy.xtb	generated_resources	hy	6483805311199035658	"<translation id=""6483805311199035658""><ph name=""FILE"" /> ֆայլը բացվում է…</translation>"
other/restore_download_shelf.patch	chromium-git:0f3bbb229ab1499759ea9760a4b58f25b911572b:chrome/app/resources/generated_resources_id.xtb	chrome/app/resources/generated_resources_id.xtb	generated_resources	id	6483805311199035658	"<translation id=""6483805311199035658"">Membuka <ph name=""FILE"" />...</translation>"
other/restore_download_shelf.patch	chromium-git:0f3bbb229ab1499759ea9760a4b58f25b911572b:chrome/app/resources/generated_resources_is.xtb	chrome/app/resources/generated_resources_is.xtb	generated_resources	is	6483805311199035658	"<translation id=""6483805311199035658"">Opnar <ph name=""FILE"" />...</translation>"
other/restore_download_shelf.patch	chromium-git:0f3bbb229ab1499759ea9760a4b58f25b911572b:chrome/app/resources/generated_resources_it.xtb	chrome/app/resources/generated_resources_it.xtb	generated_resources	it	6483805311199035658	"<translation id=""6483805311199035658"">Apertura di <ph name=""FILE"" /> in corso...</translation>"
other/restore_download_shelf.patch	chromium-git:0f3bbb229ab1499759ea9760a4b58f25b911572b:chrome/app/resources/generated_resources_iw.xtb	chrome/app/resources/generated_resources_iw.xtb	generated_resources	iw	6483805311199035658	"<translation id=""6483805311199035658"">הפתיחה של <ph name=""FILE"" /> מתבצעת...</translation>"
other/restore_download_shelf.patch	chromium-git:0f3bbb229ab1499759ea9760a4b58f25b911572b:chrome/app/resources/generated_resources_ja.xtb	chrome/app/resources/generated_resources_ja.xtb	generated_resources	ja	6483805311199035658	"<translation id=""6483805311199035658""><ph name=""FILE"" /> を開いています...</translation>"
other/restore_download_shelf.patch	chromium-git:0f3bbb229ab1499759ea9760a4b58f25b911572b:chrome/app/resources/generated_resources_ka.xtb	chrome/app/resources/generated_resources_ka.xtb	generated_resources	ka	6483805311199035658	"<translation id=""6483805311199035658"">იხსნება <ph name=""FILE"" />…</translation>"
other/restore_download_shelf.patch	chromium-git:0f3bbb229ab1499759ea9760a4b58f25b911572b:chrome/app/resources/generated_resources_kk.xtb	chrome/app/resources/generated_resources_kk.xtb	generated_resources	kk	6483805311199035658	"<translation id=""6483805311199035658""><ph name=""FILE"" /> ашылуда…</translation>"
other/restore_download_shelf.patch	chromium-git:0f3bbb229ab1499759ea9760a4b58f25b911572b:chrome/app/resources/generated_resources_km.xtb	chrome/app/resources/generated_resources_km.xtb	generated_resources	km	6483805311199035658	"<translation id=""6483805311199035658"">កំពុងបើក <ph name=""FILE"" />...</translation>"
other/restore_download_shelf.patch	chromium-git:0f3bbb229ab1499759ea9760a4b58f25b911572b:chrome/app/resources/generated_resources_kn.xtb	chrome/app/resources/generated_resources_kn.xtb	generated_resources	kn	6483805311199035658	"<translation id=""6483805311199035658""><ph name=""FILE"" /> ತೆರೆಯುತ್ತಿದೆ...</translation>"
other/restore_download_shelf.patch	chromium-git:0f3bbb229ab1499759ea9760a4b58f25b911572b:chrome/app/resources/generated_resources_ko.xtb	chrome/app/resources/generated_resources_ko.xtb	generated_resources	ko	6483805311199035658	"<translation id=""6483805311199035658""><ph name=""FILE"" /> 파일 여는 중...</translation>"
other/restore_download_shelf.patch	chromium-git:0f3bbb229ab1499759ea9760a4b58f25b911572b:chrome/app/resources/generated_resources_ky.xtb	chrome/app/resources/generated_resources_ky.xtb	generated_resources	ky	6483805311199035658	"<translation id=""6483805311199035658""><ph name=""FILE"" /> ачылууда…</translation>"
other/restore_download_shelf.patch	chromium-git:0f3bbb229ab1499759ea9760a4b58f25b911572b:chrome/app/resources/generated_resources_lo.xtb	chrome/app/resources/generated_resources_lo.xtb	generated_resources	lo	6483805311199035658	"<translation id=""6483805311199035658"">ກໍາລັງເປີດ <ph name=""FILE"" />...</translation>"
other/restore_download_shelf.patch	chromium-git:0f3bbb229ab1499759ea9760a4b58f25b911572b:chrome/app/resources/generated_resources_lt.xtb	chrome/app/resources/generated_resources_lt.xtb	generated_resources	lt	6483805311199035658	"<translation id=""6483805311199035658"">Atidaroma <ph name=""FILE"" />...</translation>"
other/restore_download_shelf.patch	chromium-git:0f3bbb229ab1499759ea9760a4b58f25b911572b:chrome/app/resources/generated_resources_lv.xtb	chrome/app/resources/generated_resources_lv.xtb	generated_resources	lv	6483805311199035658	"<translation id=""6483805311199035658"">Tiek atvērts fails <ph name=""FILE"" />...</translation>"
other/restore_download_shelf.patch	chromium-git:0f3bbb229ab1499759ea9760a4b58f25b911572b:chrome/app/resources/generated_resources_mk.xtb	chrome/app/resources/generated_resources_mk.xtb	generated_resources	mk	6483805311199035658	"<translation id=""6483805311199035658"">Се отвора <ph name=""FILE"" />…</translation>"
other/restore_download_shelf.patch	chromium-git:0f3bbb229ab1499759ea9760a4b58f25b911572b:chrome/app/resources/generated_resources_ml.xtb	chrome/app/resources/generated_resources_ml.xtb	generated_resources	ml	6483805311199035658	"<translation id=""6483805311199035658""><ph name=""FILE"" /> തുറക്കുന്നു...</translation>"
other/restore_download_shelf.patch	chromium-git:0f3bbb229ab1499759ea9760a4b58f25b911572b:chrome/app/resources/generated_resources_mn.xtb	chrome/app/resources/generated_resources_mn.xtb	generated_resources	mn	6483805311199035658	"<translation id=""6483805311199035658""><ph name=""FILE"" />-ыг нээж байна...</translation>"
other/restore_download_shelf.patch	chromium-git:0f3bbb229ab1499759ea9760a4b58f25b911572b:chrome/app/resources/generated_resources_mr.xtb	chrome/app/resources/generated_resources_mr.xtb	generated_resources	mr	6483805311199035658	"<translation id=""6483805311199035658""><ph name=""FILE"" /> उघडत आहे...</translation>"
other/restore_download_shelf.patch	chromium-git:0f3bbb229ab1499759ea9760a4b58f25b911572b:chrome/app/resources/generated_resources_ms.xtb	chrome/app/resources/generated_resources_ms.xtb	generated_resources	ms	6483805311199035658	"<translation id=""6483805311199035658"">Membuka <ph name=""FILE"" />...</translation>"
other/restore_download_shelf.patch	chromium-git:0f3bbb229ab1499759ea9760a4b58f25b911572b:chrome/app/resources/generated_resources_my.xtb	chrome/app/resources/generated_resources_my.xtb	generated_resources	my	6483805311199035658	"<translation id=""6483805311199035658""><ph name=""FILE"" />ကို ဖွင့်ပေးနေ...</translation>"
other/restore_download_shelf.patch	chromium-git:0f3bbb229ab1499759ea9760a4b58f25b911572b:chrome/app/resources/generated_resources_ne.xtb	chrome/app/resources/generated_resources_ne.xtb	generated_resources	ne	6483805311199035658	"<translation id=""6483805311199035658""><ph name=""FILE"" /> खोल्दै...</translation>"
other/restore_download_shelf.patch	chromium-git:0f3bbb229ab1499759ea9760a4b58f25b911572b:chrome/app/resources/generated_resources_nl.xtb	chrome/app/resources/generated_resources_nl.xtb	generated_resources	nl	6483805311199035658	"<translation id=""6483805311199035658""><ph name=""FILE"" /> openen...</translation>"
other/restore_download_shelf.patch	chromium-git:0f3bbb229ab1499759ea9760a4b58f25b911572b:chrome/app/resources/generated_resources_no.xtb	chrome/app/resources/generated_resources_no.xtb	generated_resources	no	6483805311199035658	"<translation id=""6483805311199035658"">Åpner <ph name=""FILE"" /> ...</translation>"
other/restore_download_shelf.patch	chromium-git:0f3bbb229ab1499759ea9760a4b58f25b911572b:chrome/app/resources/generated_resources_or.xtb	chrome/app/resources/generated_resources_or.xtb	generated_resources	or	6483805311199035658	"<translation id=""6483805311199035658""><ph name=""FILE"" /> ଖୋଲୁଛି...</translation>"
other/restore_download_shelf.patch	chromium-git:0f3bbb229ab1499759ea9760a4b58f25b911572b:chrome/app/resources/generated_resources_pa.xtb	chrome/app/resources/generated_resources_pa.xtb	generated_resources	pa	6483805311199035658	"<translation id=""6483805311199035658""><ph name=""FILE"" /> ਨੂੰ ਖੋਲ੍ਹ ਰਿਹਾ ਹੈ...</translation>"
other/restore_download_shelf.patch	chromium-git:0f3bbb229ab1499759ea9760a4b58f25b911572b:chrome/app/resources/generated_resources_pl.xtb	chrome/app/resources/generated_resources_pl.xtb	generated_resources	pl	6483805311199035658	"<translation id=""6483805311199035658"">Otwieram <ph name=""FILE"" />...</translation>"
other/restore_download_shelf.patch	chromium-git:0f3bbb229ab1499759ea9760a4b58f25b911572b:chrome/app/resources/generated_resources_pt-BR.xtb	chrome/app/resources/generated_resources_pt-BR.xtb	generated_resources	pt-BR	6483805311199035658	"<translation id=""6483805311199035658"">Abrindo <ph name=""FILE"" />...</translation>"
other/restore_download_shelf.patch	chromium-git:0f3bbb229ab1499759ea9760a4b58f25b911572b:chrome/app/resources/generated_resources_pt-PT.xtb	chrome/app/resources/generated_resources_pt-PT.xtb	generated_resources	pt-PT	6483805311199035658	"<translation id=""6483805311199035658"">A abrir <ph name=""FILE"" />...</translation>"
other/restore_download_shelf.patch	chromium-git:0f3bbb229ab1499759ea9760a4b58f25b911572b:chrome/app/resources/generated_resources_ro.xtb	chrome/app/resources/generated_resources_ro.xtb	generated_resources	ro	6483805311199035658	"<translation id=""6483805311199035658"">Se deschide <ph name=""FILE"" />...</translation>"
other/restore_download_shelf.patch	chromium-git:0f3bbb229ab1499759ea9760a4b58f25b911572b:chrome/app/resources/generated_resources_ru.xtb	chrome/app/resources/generated_resources_ru.xtb	generated_resources	ru	6483805311199035658	"<translation id=""6483805311199035658"">Открывается <ph name=""FILE"" />...</translation>"
other/restore_download_shelf.patch	chromium-git:0f3bbb229ab1499759ea9760a4b58f25b911572b:chrome/app/resources/generated_resources_si.xtb	chrome/app/resources/generated_resources_si.xtb	generated_resources	si	6483805311199035658	"<translation id=""6483805311199035658""><ph name=""FILE"" /> විවෘත කෙරෙමින්...</translation>"
other/restore_download_shelf.patch	chromium-git:0f3bbb229ab1499759ea9760a4b58f25b911572b:chrome/app/resources/generated_resources_sk.xtb	chrome/app/resources/generated_resources_sk.xtb	generated_resources	sk	6483805311199035658	"<translation id=""6483805311199035658"">Otváranie súboru <ph name=""FILE"" />...</translation>"
other/restore_download_shelf.patch	chromium-git:0f3bbb229ab1499759ea9760a4b58f25b911572b:chrome/app/resources/generated_resources_sl.xtb	chrome/app/resources/generated_resources_sl.xtb	generated_resources	sl	6483805311199035658	"<translation id=""6483805311199035658"">Odpiranje datoteke <ph name=""FILE"" /> ...</translation>"
other/restore_download_shelf.patch	chromium-git:0f3bbb229ab1499759ea9760a4b58f25b911572b:chrome/app/resources/generated_resources_sq.xtb	chrome/app/resources/generated_resources_sq.xtb	generated_resources	sq	6483805311199035658	"<translation id=""6483805311199035658"">Po hap <ph name=""FILE"" />...</translation>"
other/restore_download_shelf.patch	chromium-git:0f3bbb229ab1499759ea9760a4b58f25b911572b:chrome/app/resources/generated_resources_sr.xtb	chrome/app/resources/generated_resources_sr.xtb	generated_resources	sr	6483805311199035658	"<translation id=""6483805311199035658"">Отварање датотеке <ph name=""FILE"" />...</translation>"
other/restore_download_shelf.patch	chromium-git:0f3bbb229ab1499759ea9760a4b58f25b911572b:chrome/app/resources/generated_resources_sr-Latn.xtb	chrome/app/resources/generated_resources_sr-Latn.xtb	generated_resources	sr-Latn	6483805311199035658	"<translation id=""6483805311199035658"">Otvaranje datoteke <ph name=""FILE"" />...</translation>"
other/restore_download_shelf.patch	chromium-git:0f3bbb229ab1499759ea9760a4b58f25b911572b:chrome/app/resources/generated_resources_sv.xtb	chrome/app/resources/generated_resources_sv.xtb	generated_resources	sv	6483805311199035658	"<translation id=""6483805311199035658"">Öppnar <ph name=""FILE"" />...</translation>"
other/restore_download_shelf.patch	chromium-git:0f3bbb229ab1499759ea9760a4b58f25b911572b:chrome/app/resources/generated_resources_sw.xtb	chrome/app/resources/generated_resources_sw.xtb	generated_resources	sw	6483805311199035658	"<translation id=""6483805311199035658""><ph name=""FILE"" /> inafunguliwa...</translation>"
other/restore_download_shelf.patch	chromium-git:0f3bbb229ab1499759ea9760a4b58f25b911572b:chrome/app/resources/generated_resources_ta.xtb	chrome/app/resources/generated_resources_ta.xtb	generated_resources	ta	6483805311199035658	"<translation id=""6483805311199035658""><ph name=""FILE"" /> ஐத் திறக்கிறது...</translation>"
other/restore_download_shelf.patch	chromium-git:0f3bbb229ab1499759ea9760a4b58f25b911572b:chrome/app/resources/generated_resources_te.xtb	chrome/app/resources/generated_resources_te.xtb	generated_resources	te	6483805311199035658	"<translation id=""6483805311199035658""><ph name=""FILE"" /> ని తెరుస్తుంది...</translation>"
other/restore_download_shelf.patch	chromium-git:0f3bbb229ab1499759ea9760a4b58f25b911572b:chrome/app/resources/generated_resources_th.xtb	chrome/app/resources/generated_resources_th.xtb	generated_resources	th	6483805311199035658	"<translation id=""6483805311199035658"">กำลังเปิด <ph name=""FILE"" />...</translation>"
other/restore_download_shelf.patch	chromium-git:0f3bbb229ab1499759ea9760a4b58f25b911572b:chrome/app/resources/generated_resources_tr.xtb	chrome/app/resources/generated_resources_tr.xtb	generated_resources	tr	6483805311199035658	"<translation id=""6483805311199035658""><ph name=""FILE"" /> açılıyor...</translation>"
other/restore_download_shelf.patch	chromium-git:0f3bbb229ab1499759ea9760a4b58f25b911572b:chrome/app/resources/generated_resources_uk.xtb	chrome/app/resources/generated_resources_uk.xtb	generated_resources	uk	6483805311199035658	"<translation id=""6483805311199035658"">Відкривається файл <ph name=""FILE"" />...</translation>"
other/restore_download_shelf.patch	chromium-git:0f3bbb229ab1499759ea9760a4b58f25b911572b:chrome/app/resources/generated_resources_ur.xtb	chrome/app/resources/generated_resources_ur.xtb	generated_resources	ur	6483805311199035658	"<translation id=""6483805311199035658""><ph name=""FILE"" /> کھل رہی ہے…</translation>"
other/restore_download_shelf.patch	chromium-git:0f3bbb229ab1499759ea9760a4b58f25b911572b:chrome/app/resources/generated_resources_uz.xtb	chrome/app/resources/generated_resources_uz.xtb	generated_resources	uz	6483805311199035658	"<translation id=""6483805311199035658""><ph name=""FILE"" /> ochilmoqda...</translation>"
other/restore_download_shelf.patch	chromium-git:0f3bbb229ab1499759ea9760a4b58f25b911572b:chrome/app/resources/generated_resources_vi.xtb	chrome/app/resources/generated_resources_vi.xtb	generated_resources	vi	6483805311199035658	"<translation id=""6483805311199035658"">Đang mở <ph name=""FILE"" />...</translation>"
other/restore_download_shelf.patch	chromium-git:0f3bbb229ab1499759ea9760a4b58f25b911572b:chrome/app/resources/generated_resources_zh-CN.xtb	chrome/app/resources/generated_resources_zh-CN.xtb	generated_resources	zh-CN	6483805311199035658	"<translation id=""6483805311199035658"">正在打开 <ph name=""FILE"" />...</translation>"
other/restore_download_shelf.patch	chromium-git:0f3bbb229ab1499759ea9760a4b58f25b911572b:chrome/app/resources/generated_resources_zh-HK.xtb	chrome/app/resources/generated_resources_zh-HK.xtb	generated_resources	zh-HK	6483805311199035658	"<translation id=""6483805311199035658"">正在開啟「<ph name=""FILE"" />」…</translation>"
other/restore_download_shelf.patch	chromium-git:0f3bbb229ab1499759ea9760a4b58f25b911572b:chrome/app/resources/generated_resources_zh-TW.xtb	chrome/app/resources/generated_resources_zh-TW.xtb	generated_resources	zh-TW	6483805311199035658	"<translation id=""6483805311199035658"">正在開啟「<ph name=""FILE"" />」...</translation>"
other/restore_download_shelf.patch	chromium-git:0f3bbb229ab1499759ea9760a4b58f25b911572b:chrome/app/resources/generated_resources_zu.xtb	chrome/app/resources/generated_resources_zu.xtb	generated_resources	zu	6483805311199035658	"<translation id=""6483805311199035658"">Ivula i-<ph name=""FILE"" />...</translation>"
other/thorium-2024-ui.patch	chromium-m150:IDS_RESTORE_TAB:accelerator-removed	chrome/app/resources/generated_resources_af.xtb	generated_resources	af	4951928971902990561	"<translation id=""4951928971902990561"">Maak geslote oortjie weer oop</translation>"
other/thorium-2024-ui.patch	chromium-m150:IDS_RESTORE_TAB:accelerator-removed	chrome/app/resources/generated_resources_am.xtb	generated_resources	am	4951928971902990561	"<translation id=""4951928971902990561"">የተዘጋውን ትር ዳግም ክፈት</translation>"
other/thorium-2024-ui.patch	chromium-m150:IDS_RESTORE_TAB:accelerator-removed	chrome/app/resources/generated_resources_ar.xtb	generated_resources	ar	4951928971902990561	"<translation id=""4951928971902990561"">إعادة فتح علامة التبويب المغلقة</translation>"
other/thorium-2024-ui.patch	chromium-m150:IDS_RESTORE_TAB:accelerator-removed	chrome/app/resources/generated_resources_as.xtb	generated_resources	as	4951928971902990561	"<translation id=""4951928971902990561"">বন্ধ কৰা টেব পুনৰ খোলক</translation>"
other/thorium-2024-ui.patch	chromium-m150:IDS_RESTORE_TAB:accelerator-removed	chrome/app/resources/generated_resources_az.xtb	generated_resources	az	4951928971902990561	"<translation id=""4951928971902990561"">Bağlanmış Paneli yenidən açın</translation>"
other/thorium-2024-ui.patch	chromium-m150:IDS_RESTORE_TAB:accelerator-removed	chrome/app/resources/generated_resources_be.xtb	generated_resources	be	4951928971902990561	"<translation id=""4951928971902990561"">Паўторна адкрыць закрытыя ўкладкі</translation>"
other/thorium-2024-ui.patch	chromium-m150:IDS_RESTORE_TAB:accelerator-removed	chrome/app/resources/generated_resources_bg.xtb	generated_resources	bg	4951928971902990561	"<translation id=""4951928971902990561"">Повторно отваряне на затворения раздел</translation>"
other/thorium-2024-ui.patch	chromium-m150:IDS_RESTORE_TAB:accelerator-removed	chrome/app/resources/generated_resources_bn.xtb	generated_resources	bn	4951928971902990561	"<translation id=""4951928971902990561"">বন্ধ ট্যাবটি পুনঃরায় খুলুন</translation>"
other/thorium-2024-ui.patch	chromium-m150:IDS_RESTORE_TAB:accelerator-removed	chrome/app/resources/generated_resources_bs.xtb	generated_resources	bs	4951928971902990561	"<translation id=""4951928971902990561"">Ponovo otvori zatvorenu karticu</translation>"
other/thorium-2024-ui.patch	chromium-m150:IDS_RESTORE_TAB:accelerator-removed	chrome/app/resources/generated_resources_ca.xtb	generated_resources	ca	4951928971902990561	"<translation id=""4951928971902990561"">Torna a obrir la pestanya tancada</translation>"
other/thorium-2024-ui.patch	chromium-m150:IDS_RESTORE_TAB:accelerator-removed	chrome/app/resources/generated_resources_cs.xtb	generated_resources	cs	4951928971902990561	"<translation id=""4951928971902990561"">Znovu otevřít zavřenou kartu</translation>"
other/thorium-2024-ui.patch	chromium-m150:IDS_RESTORE_TAB:accelerator-removed	chrome/app/resources/generated_resources_cy.xtb	generated_resources	cy	4951928971902990561	"<translation id=""4951928971902990561"">Ailagor tab a gaewyd</translation>"
other/thorium-2024-ui.patch	chromium-m150:IDS_RESTORE_TAB:accelerator-removed	chrome/app/resources/generated_resources_da.xtb	generated_resources	da	4951928971902990561	"<translation id=""4951928971902990561"">Genåbn lukket fane</translation>"
other/thorium-2024-ui.patch	chromium-m150:IDS_RESTORE_TAB:accelerator-removed	chrome/app/resources/generated_resources_de.xtb	generated_resources	de	4951928971902990561	"<translation id=""4951928971902990561"">Geschlossenen Tab wieder öffnen</translation>"
other/thorium-2024-ui.patch	chromium-m150:IDS_RESTORE_TAB:accelerator-removed	chrome/app/resources/generated_resources_el.xtb	generated_resources	el	4951928971902990561	"<translation id=""4951928971902990561"">Επαναφορά καρτέλας που έχει κλείσει</translation>"
other/thorium-2024-ui.patch	chromium-m150:IDS_RESTORE_TAB:accelerator-removed	chrome/app/resources/generated_resources_en-GB.xtb	generated_resources	en-GB	4951928971902990561	"<translation id=""4951928971902990561"">Reopen closed tab</translation>"
other/thorium-2024-ui.patch	chromium-m150:IDS_RESTORE_TAB:accelerator-removed	chrome/app/resources/generated_resources_es.xtb	generated_resources	es	4951928971902990561	"<translation id=""4951928971902990561"">Volver a abrir pestaña cerrada</translation>"
other/thorium-2024-ui.patch	chromium-m150:IDS_RESTORE_TAB:accelerator-removed	chrome/app/resources/generated_resources_es-419.xtb	generated_resources	es-419	4951928971902990561	"<translation id=""4951928971902990561"">Volver a abrir una pestaña cerrada</translation>"
other/thorium-2024-ui.patch	chromium-m150:IDS_RESTORE_TAB:accelerator-removed	chrome/app/resources/generated_resources_et.xtb	generated_resources	et	4951928971902990561	"<translation id=""4951928971902990561"">Ava suletud vaheleht uuesti</translation>"
other/thorium-2024-ui.patch	chromium-m150:IDS_RESTORE_TAB:accelerator-removed	chrome/app/resources/generated_resources_eu.xtb	generated_resources	eu	4951928971902990561	"<translation id=""4951928971902990561"">Ireki berriro fitxa</translation>"
other/thorium-2024-ui.patch	chromium-m150:IDS_RESTORE_TAB:accelerator-removed	chrome/app/resources/generated_resources_fa.xtb	generated_resources	fa	4951928971902990561	"<translation id=""4951928971902990561"">باز کردن مجدد برگه بسته</translation>"
other/thorium-2024-ui.patch	chromium-m150:IDS_RESTORE_TAB:accelerator-removed	chrome/app/resources/generated_resources_fi.xtb	generated_resources	fi	4951928971902990561	"<translation id=""4951928971902990561"">Avaa suljettu välilehti uudelleen</translation>"
other/thorium-2024-ui.patch	chromium-m150:IDS_RESTORE_TAB:accelerator-removed	chrome/app/resources/generated_resources_fil.xtb	generated_resources	fil	4951928971902990561	"<translation id=""4951928971902990561"">Muling buksan ang nakasarang tab</translation>"
other/thorium-2024-ui.patch	chromium-m150:IDS_RESTORE_TAB:accelerator-removed	chrome/app/resources/generated_resources_fr.xtb	generated_resources	fr	4951928971902990561	"<translation id=""4951928971902990561"">Rouvrir l&#x27;onglet fermé</translation>"
other/thorium-2024-ui.patch	chromium-m150:IDS_RESTORE_TAB:accelerator-removed	chrome/app/resources/generated_resources_fr-CA.xtb	generated_resources	fr-CA	4951928971902990561	"<translation id=""4951928971902990561"">Rouvrir l&#x27;onglet fermé</translation>"
other/thorium-2024-ui.patch	chromium-m150:IDS_RESTORE_TAB:accelerator-removed	chrome/app/resources/generated_resources_gl.xtb	generated_resources	gl	4951928971902990561	"<translation id=""4951928971902990561"">Volver abrir pestana pechada</translation>"
other/thorium-2024-ui.patch	chromium-m150:IDS_RESTORE_TAB:accelerator-removed	chrome/app/resources/generated_resources_gu.xtb	generated_resources	gu	4951928971902990561	"<translation id=""4951928971902990561"">બંધ કરેલું ટેબ ફરિથી ખોલો</translation>"
other/thorium-2024-ui.patch	chromium-m150:IDS_RESTORE_TAB:accelerator-removed	chrome/app/resources/generated_resources_hi.xtb	generated_resources	hi	4951928971902990561	"<translation id=""4951928971902990561"">बंद किए गए टैब पुन: खोलें</translation>"
other/thorium-2024-ui.patch	chromium-m150:IDS_RESTORE_TAB:accelerator-removed	chrome/app/resources/generated_resources_hr.xtb	generated_resources	hr	4951928971902990561	"<translation id=""4951928971902990561"">Ponovo otvori zatvorenu karticu</translation>"
other/thorium-2024-ui.patch	chromium-m150:IDS_RESTORE_TAB:accelerator-removed	chrome/app/resources/generated_resources_hu.xtb	generated_resources	hu	4951928971902990561	"<translation id=""4951928971902990561"">Bezárt lap megnyitása</translation>"
other/thorium-2024-ui.patch	chromium-m150:IDS_RESTORE_TAB:accelerator-removed	chrome/app/resources/generated_resources_hy.xtb	generated_resources	hy	4951928971902990561	"<translation id=""4951928971902990561"">Նորից բացել փակված ներդիրը</translation>"
other/thorium-2024-ui.patch	chromium-m150:IDS_RESTORE_TAB:accelerator-removed	chrome/app/resources/generated_resources_id.xtb	generated_resources	id	4951928971902990561	"<translation id=""4951928971902990561"">Buka kembali tab yang tertutup</translation>"
other/thorium-2024-ui.patch	chromium-m150:IDS_RESTORE_TAB:accelerator-removed	chrome/app/resources/generated_resources_is.xtb	generated_resources	is	4951928971902990561	"<translation id=""4951928971902990561"">Enduropna lokaðan flipa</translation>"
other/thorium-2024-ui.patch	chromium-m150:IDS_RESTORE_TAB:accelerator-removed	chrome/app/resources/generated_resources_it.xtb	generated_resources	it	4951928971902990561	"<translation id=""4951928971902990561"">Riapri scheda chiusa</translation>"
other/thorium-2024-ui.patch	chromium-m150:IDS_RESTORE_TAB:accelerator-removed	chrome/app/resources/generated_resources_iw.xtb	generated_resources	iw	4951928971902990561	"<translation id=""4951928971902990561"">פתיחה מחדש של הכרטיסייה הסגורה</translation>"
other/thorium-2024-ui.patch	chromium-m150:IDS_RESTORE_TAB:accelerator-removed	chrome/app/resources/generated_resources_ja.xtb	generated_resources	ja	4951928971902990561	"<translation id=""4951928971902990561"">閉じたタブを開く</translation>"
other/thorium-2024-ui.patch	chromium-m150:IDS_RESTORE_TAB:accelerator-removed	chrome/app/resources/generated_resources_ka.xtb	generated_resources	ka	4951928971902990561	"<translation id=""4951928971902990561"">დახურული ჩანართის ხელახლა გახსნა</translation>"
other/thorium-2024-ui.patch	chromium-m150:IDS_RESTORE_TAB:accelerator-removed	chrome/app/resources/generated_resources_kk.xtb	generated_resources	kk	4951928971902990561	"<translation id=""4951928971902990561"">Жабық қойындыны қайта ашу</translation>"
other/thorium-2024-ui.patch	chromium-m150:IDS_RESTORE_TAB:accelerator-removed	chrome/app/resources/generated_resources_km.xtb	generated_resources	km	4951928971902990561	"<translation id=""4951928971902990561"">បើកផ្ទាំងដែលបានបិទឡើងវិញ</translation>"
other/thorium-2024-ui.patch	chromium-m150:IDS_RESTORE_TAB:accelerator-removed	chrome/app/resources/generated_resources_kn.xtb	generated_resources	kn	4951928971902990561	"<translation id=""4951928971902990561"">ಮುಚ್ಚಿದ ಟ್ಯಾಬ್‌ಗಳನ್ನು ಮತ್ತೆ ತೆರೆಯಿರಿ</translation>"
other/thorium-2024-ui.patch	chromium-m150:IDS_RESTORE_TAB:accelerator-removed	chrome/app/resources/generated_resources_ko.xtb	generated_resources	ko	4951928971902990561	"<translation id=""4951928971902990561"">닫은 탭 다시 열기</translation>"
other/thorium-2024-ui.patch	chromium-m150:IDS_RESTORE_TAB:accelerator-removed	chrome/app/resources/generated_resources_ky.xtb	generated_resources	ky	4951928971902990561	"<translation id=""4951928971902990561"">Жабылган терезени кайра ачуу</translation>"
other/thorium-2024-ui.patch	chromium-m150:IDS_RESTORE_TAB:accelerator-removed	chrome/app/resources/generated_resources_lo.xtb	generated_resources	lo	4951928971902990561	"<translation id=""4951928971902990561"">ເປີດແຖບທີ່ປິດແລ້ວຄືນໃໝ່</translation>"
other/thorium-2024-ui.patch	chromium-m150:IDS_RESTORE_TAB:accelerator-removed	chrome/app/resources/generated_resources_lt.xtb	generated_resources	lt	4951928971902990561	"<translation id=""4951928971902990561"">Iš naujo atidaryti uždarytą skirtuką</translation>"
other/thorium-2024-ui.patch	chromium-m150:IDS_RESTORE_TAB:accelerator-removed	chrome/app/resources/generated_resources_lv.xtb	generated_resources	lv	4951928971902990561	"<translation id=""4951928971902990561"">Vēlreiz atvērt aizvērto cilni</translation>"
other/thorium-2024-ui.patch	chromium-m150:IDS_RESTORE_TAB:accelerator-removed	chrome/app/resources/generated_resources_mk.xtb	generated_resources	mk	4951928971902990561	"<translation id=""4951928971902990561"">Повторно отвори затворена картичка</translation>"
other/thorium-2024-ui.patch	chromium-m150:IDS_RESTORE_TAB:accelerator-removed	chrome/app/resources/generated_resources_ml.xtb	generated_resources	ml	4951928971902990561	"<translation id=""4951928971902990561"">അടച്ച ടാബ് വീണ്ടും തുറക്കുക</translation>"
other/thorium-2024-ui.patch	chromium-m150:IDS_RESTORE_TAB:accelerator-removed	chrome/app/resources/generated_resources_mn.xtb	generated_resources	mn	4951928971902990561	"<translation id=""4951928971902990561"">Хаагдсан цонхыг дахин нээ</translation>"
other/thorium-2024-ui.patch	chromium-m150:IDS_RESTORE_TAB:accelerator-removed	chrome/app/resources/generated_resources_mr.xtb	generated_resources	mr	4951928971902990561	"<translation id=""4951928971902990561"">पुन्हा बंद टॅब उघडा</translation>"
other/thorium-2024-ui.patch	chromium-m150:IDS_RESTORE_TAB:accelerator-removed	chrome/app/resources/generated_resources_ms.xtb	generated_resources	ms	4951928971902990561	"<translation id=""4951928971902990561"">Buka semula tab yang ditutup</translation>"
other/thorium-2024-ui.patch	chromium-m150:IDS_RESTORE_TAB:accelerator-removed	chrome/app/resources/generated_resources_my.xtb	generated_resources	my	4951928971902990561	"<translation id=""4951928971902990561"">ပိတ်ထားသည့် တဲဘ်များ ပြန်ဖွင့်ရန်</translation>"
other/thorium-2024-ui.patch	chromium-m150:IDS_RESTORE_TAB:accelerator-removed	chrome/app/resources/generated_resources_ne.xtb	generated_resources	ne	4951928971902990561	"<translation id=""4951928971902990561"">बन्द ट्याबलाई पुन: खोल्नुहोस्</translation>"
other/thorium-2024-ui.patch	chromium-m150:IDS_RESTORE_TAB:accelerator-removed	chrome/app/resources/generated_resources_nl.xtb	generated_resources	nl	4951928971902990561	"<translation id=""4951928971902990561"">Gesloten tabblad opnieuw openen</translation>"
other/thorium-2024-ui.patch	chromium-m150:IDS_RESTORE_TAB:accelerator-removed	chrome/app/resources/generated_resources_no.xtb	generated_resources	no	4951928971902990561	"<translation id=""4951928971902990561"">Gjenåpne den lukkede fanen</translation>"
other/thorium-2024-ui.patch	chromium-m150:IDS_RESTORE_TAB:accelerator-removed	chrome/app/resources/generated_resources_or.xtb	generated_resources	or	4951928971902990561	"<translation id=""4951928971902990561"">ବନ୍ଦ ଟ୍ୟାବ୍ ପୁନଃ ଖୋଲନ୍ତୁ</translation>"
other/thorium-2024-ui.patch	chromium-m150:IDS_RESTORE_TAB:accelerator-removed	chrome/app/resources/generated_resources_pa.xtb	generated_resources	pa	4951928971902990561	"<translation id=""4951928971902990561"">ਬੰਦ ਟੈਬ ਦੁਬਾਰਾ ਖੋਲ੍ਹੋ</translation>"
other/thorium-2024-ui.patch	chromium-m150:IDS_RESTORE_TAB:accelerator-removed	chrome/app/resources/generated_resources_pl.xtb	generated_resources	pl	4951928971902990561	"<translation id=""4951928971902990561"">Przywróć zamkniętą kartę</translation>"
other/thorium-2024-ui.patch	chromium-m150:IDS_RESTORE_TAB:accelerator-removed	chrome/app/resources/generated_resources_pt-BR.xtb	generated_resources	pt-BR	4951928971902990561	"<translation id=""4951928971902990561"">Reabrir guia fechada</translation>"
other/thorium-2024-ui.patch	chromium-m150:IDS_RESTORE_TAB:accelerator-removed	chrome/app/resources/generated_resources_pt-PT.xtb	generated_resources	pt-PT	4951928971902990561	"<translation id=""4951928971902990561"">Voltar a abrir o separador fechado</translation>"
other/thorium-2024-ui.patch	chromium-m150:IDS_RESTORE_TAB:accelerator-removed	chrome/app/resources/generated_resources_ro.xtb	generated_resources	ro	4951928971902990561	"<translation id=""4951928971902990561"">Redeschide fila închisă</translation>"
other/thorium-2024-ui.patch	chromium-m150:IDS_RESTORE_TAB:accelerator-removed	chrome/app/resources/generated_resources_ru.xtb	generated_resources	ru	4951928971902990561	"<translation id=""4951928971902990561"">Открыть закрытую вкладку</translation>"
other/thorium-2024-ui.patch	chromium-m150:IDS_RESTORE_TAB:accelerator-removed	chrome/app/resources/generated_resources_si.xtb	generated_resources	si	4951928971902990561	"<translation id=""4951928971902990561"">වැසූ ටැබ නැවත විවෘත කරන්න</translation>"
other/thorium-2024-ui.patch	chromium-m150:IDS_RESTORE_TAB:accelerator-removed	chrome/app/resources/generated_resources_sk.xtb	generated_resources	sk	4951928971902990561	"<translation id=""4951928971902990561"">Znovu otvoriť zatvorenú kartu</translation>"
other/thorium-2024-ui.patch	chromium-m150:IDS_RESTORE_TAB:accelerator-removed	chrome/app/resources/generated_resources_sl.xtb	generated_resources	sl	4951928971902990561	"<translation id=""4951928971902990561"">Znova odpri zaprt zavihek</translation>"
other/thorium-2024-ui.patch	chromium-m150:IDS_RESTORE_TAB:accelerator-removed	chrome/app/resources/generated_resources_sq.xtb	generated_resources	sq	4951928971902990561	"<translation id=""4951928971902990561"">Hap përsëri skedën e mbyllur</translation>"
other/thorium-2024-ui.patch	chromium-m150:IDS_RESTORE_TAB:accelerator-removed	chrome/app/resources/generated_resources_sr.xtb	generated_resources	sr	4951928971902990561	"<translation id=""4951928971902990561"">Поново отвори затворену картицу</translation>"
other/thorium-2024-ui.patch	chromium-m150:IDS_RESTORE_TAB:accelerator-removed	chrome/app/resources/generated_resources_sr-Latn.xtb	generated_resources	sr-Latn	4951928971902990561	"<translation id=""4951928971902990561"">Ponovo otvori zatvorenu karticu</translation>"
other/thorium-2024-ui.patch	chromium-m150:IDS_RESTORE_TAB:accelerator-removed	chrome/app/resources/generated_resources_sv.xtb	generated_resources	sv	4951928971902990561	"<translation id=""4951928971902990561"">Öppna en stängd flik igen</translation>"
other/thorium-2024-ui.patch	chromium-m150:IDS_RESTORE_TAB:accelerator-removed	chrome/app/resources/generated_resources_sw.xtb	generated_resources	sw	4951928971902990561	"<translation id=""4951928971902990561"">Fungua tena kichupo kilichofungwa</translation>"
other/thorium-2024-ui.patch	chromium-m150:IDS_RESTORE_TAB:accelerator-removed	chrome/app/resources/generated_resources_ta.xtb	generated_resources	ta	4951928971902990561	"<translation id=""4951928971902990561"">மூடிய தாவலை மறுபடி திறக்கவும்</translation>"
other/thorium-2024-ui.patch	chromium-m150:IDS_RESTORE_TAB:accelerator-removed	chrome/app/resources/generated_resources_te.xtb	generated_resources	te	4951928971902990561	"<translation id=""4951928971902990561"">మూసివేయబడిన ట్యాబ్‌ను మళ్లీ తెరవండి</translation>"
other/thorium-2024-ui.patch	chromium-m150:IDS_RESTORE_TAB:accelerator-removed	chrome/app/resources/generated_resources_th.xtb	generated_resources	th	4951928971902990561	"<translation id=""4951928971902990561"">เปิดแท็บที่ถูกปิดขึ้นใหม่</translation>"
other/thorium-2024-ui.patch	chromium-m150:IDS_RESTORE_TAB:accelerator-removed	chrome/app/resources/generated_resources_tr.xtb	generated_resources	tr	4951928971902990561	"<translation id=""4951928971902990561"">Kapatılan sekmeyi yeniden aç</translation>"
other/thorium-2024-ui.patch	chromium-m150:IDS_RESTORE_TAB:accelerator-removed	chrome/app/resources/generated_resources_uk.xtb	generated_resources	uk	4951928971902990561	"<translation id=""4951928971902990561"">Відкрити закриту вкладку знову</translation>"
other/thorium-2024-ui.patch	chromium-m150:IDS_RESTORE_TAB:accelerator-removed	chrome/app/resources/generated_resources_ur.xtb	generated_resources	ur	4951928971902990561	"<translation id=""4951928971902990561"">بند ٹیب کو دوبارہ کھولیں</translation>"
other/thorium-2024-ui.patch	chromium-m150:IDS_RESTORE_TAB:accelerator-removed	chrome/app/resources/generated_resources_uz.xtb	generated_resources	uz	4951928971902990561	"<translation id=""4951928971902990561"">Yopiq ichki oynani qayta ochish</translation>"
other/thorium-2024-ui.patch	chromium-m150:IDS_RESTORE_TAB:accelerator-removed	chrome/app/resources/generated_resources_vi.xtb	generated_resources	vi	4951928971902990561	"<translation id=""4951928971902990561"">Mở lại thẻ đã đóng</translation>"
other/thorium-2024-ui.patch	chromium-m150:IDS_RESTORE_TAB:accelerator-removed	chrome/app/resources/generated_resources_zh-CN.xtb	generated_resources	zh-CN	4951928971902990561	"<translation id=""4951928971902990561"">重新打开关闭的标签页</translation>"
other/thorium-2024-ui.patch	chromium-m150:IDS_RESTORE_TAB:accelerator-removed	chrome/app/resources/generated_resources_zh-HK.xtb	generated_resources	zh-HK	4951928971902990561	"<translation id=""4951928971902990561"">重新開啟已關閉分頁</translation>"
other/thorium-2024-ui.patch	chromium-m150:IDS_RESTORE_TAB:accelerator-removed	chrome/app/resources/generated_resources_zh-TW.xtb	generated_resources	zh-TW	4951928971902990561	"<translation id=""4951928971902990561"">重新開啟已關閉分頁</translation>"
other/thorium-2024-ui.patch	chromium-m150:IDS_RESTORE_TAB:accelerator-removed	chrome/app/resources/generated_resources_zu.xtb	generated_resources	zu	4951928971902990561	"<translation id=""4951928971902990561"">Phinda uvule ithebhu evaliwe</translation>"
