"chromium_path","message_id","source","allowlist_category","translation_required","file_classification","notes"
"chrome/app/app_management_strings.grdp","IDS_APP_MANAGEMENT_FILE_HANDLING_SET_DEFAULTS_LINK","overlay","branding_text_replacement","yes_old_new_id_sync","branding_text_replacement",""
"chrome/app/app_management_strings.grdp","IDS_APP_MANAGEMENT_INTENT_SHARING_APP_OPEN","overlay","branding_text_replacement","yes_old_new_id_sync","branding_text_replacement",""
"chrome/app/app_management_strings.grdp","IDS_APP_MANAGEMENT_INTENT_SHARING_BROWSER_OPEN","overlay","branding_text_replacement","yes_old_new_id_sync","branding_text_replacement",""
"chrome/app/chromium_strings.grd","IDS_ABANDON_DOWNLOAD_DIALOG_BROWSER_MESSAGE","overlay","mixed_replacement_pending_split","yes_old_new_id_sync","branding_text_replacement;special_exception_text","Needs message-level category split in checklist step 15."
"chrome/app/chromium_strings.grd","IDS_ABOUT","overlay","mixed_replacement_pending_split","yes_old_new_id_sync","branding_text_replacement;special_exception_text","Needs message-level category split in checklist step 15."
"chrome/app/chromium_strings.grd","IDS_ABOUT_BROWSER_SWITCH_DESCRIPTION_KNOWN_BROWSER","overlay","mixed_replacement_pending_split","yes_old_new_id_sync","branding_text_replacement;special_exception_text","Needs message-level category split in checklist step 15."
"chrome/app/chromium_strings.grd","IDS_ABOUT_BROWSER_SWITCH_DESCRIPTION_UNKNOWN_BROWSER","overlay","mixed_replacement_pending_split","yes_old_new_id_sync","branding_text_replacement;special_exception_text","Needs message-level category split in checklist step 15."
"chrome/app/chromium_strings.grd","IDS_ABOUT_CROS_VERSION_LICENSE","overlay","mixed_replacement_pending_split","yes_old_new_id_sync","branding_text_replacement;special_exception_text","Needs message-level category split in checklist step 15."
"chrome/app/chromium_strings.grd","IDS_ABOUT_CROS_WITH_LINUX_VERSION_LICENSE","overlay","mixed_replacement_pending_split","yes_old_new_id_sync","branding_text_replacement;special_exception_text","Needs message-level category split in checklist step 15."
"chrome/app/chromium_strings.grd","IDS_ABOUT_SAFETY_INFORMATION","overlay","mixed_replacement_pending_split","yes_old_new_id_sync","branding_text_replacement;special_exception_text","Needs message-level category split in checklist step 15."
"chrome/app/chromium_strings.grd","IDS_ABOUT_TERMS_OF_SERVICE","overlay","mixed_replacement_pending_split","yes_old_new_id_sync","branding_text_replacement;special_exception_text","Needs message-level category split in checklist step 15."
"chrome/app/chromium_strings.grd","IDS_ABOUT_VERSION_COMPANY_NAME","overlay","mixed_replacement_pending_split","yes_old_new_id_sync","branding_text_replacement;special_exception_text","Needs message-level category split in checklist step 15."
"chrome/app/chromium_strings.grd","IDS_ABOUT_VERSION_COPYRIGHT","overlay","mixed_replacement_pending_split","yes_old_new_id_sync","branding_text_replacement;special_exception_text","Needs message-level category split in checklist step 15."
"chrome/app/chromium_strings.grd","IDS_ACCESSIBLE_BETA_BROWSER_WINDOW_TITLE_FORMAT","overlay","mixed_replacement_pending_split","yes_old_new_id_sync","branding_text_replacement;special_exception_text","Needs message-level category split in checklist step 15."
"chrome/app/chromium_strings.grd","IDS_ACCESSIBLE_BROWSER_WINDOW_TITLE_FORMAT","overlay","mixed_replacement_pending_split","yes_old_new_id_sync","branding_text_replacement;special_exception_text","Needs message-level category split in checklist step 15."
"chrome/app/chromium_strings.grd","IDS_ACCESSIBLE_CANARY_BROWSER_WINDOW_TITLE_FORMAT","overlay","mixed_replacement_pending_split","yes_old_new_id_sync","branding_text_replacement;special_exception_text","Needs message-level category split in checklist step 15."
"chrome/app/chromium_strings.grd","IDS_ACCESSIBLE_DEV_BROWSER_WINDOW_TITLE_FORMAT","overlay","mixed_replacement_pending_split","yes_old_new_id_sync","branding_text_replacement;special_exception_text","Needs message-level category split in checklist step 15."
"chrome/app/chromium_strings.grd","IDS_ACCNAME_APP","overlay","mixed_replacement_pending_split","yes_old_new_id_sync","branding_text_replacement;special_exception_text","Needs message-level category split in checklist step 15."
"chrome/app/chromium_strings.grd","IDS_ADVANCED_PROTECTION_RELAUNCH_REQUIRED_BODY","overlay","mixed_replacement_pending_split","yes_old_new_id_sync","branding_text_replacement;special_exception_text","Needs message-level category split in checklist step 15."
"chrome/app/chromium_strings.grd","IDS_APP_ALSO_DELETE_APPS_DATA","overlay","mixed_replacement_pending_split","yes_old_new_id_sync","branding_text_replacement;special_exception_text","Needs message-level category split in checklist step 15."
"chrome/app/chromium_strings.grd","IDS_APP_LIST_EXTENSIONS_UNINSTALL","overlay","mixed_replacement_pending_split","yes_old_new_id_sync","branding_text_replacement;special_exception_text","Needs message-level category split in checklist step 15."
"chrome/app/chromium_strings.grd","IDS_APP_MENU_BUTTON_DEFAULT_PROMPT","overlay","mixed_replacement_pending_split","yes_old_new_id_sync","branding_text_replacement;special_exception_text","Needs message-level category split in checklist step 15."
"chrome/app/chromium_strings.grd","IDS_APP_MENU_PRODUCT_NAME","overlay","mixed_replacement_pending_split","yes_old_new_id_sync","branding_text_replacement;special_exception_text","Needs message-level category split in checklist step 15."
"chrome/app/chromium_strings.grd","IDS_APP_MENU_TOOLTIP_DEFAULT_PROMPT","overlay","mixed_replacement_pending_split","yes_old_new_id_sync","branding_text_replacement;special_exception_text","Needs message-level category split in checklist step 15."
"chrome/app/chromium_strings.grd","IDS_APP_SHORTCUTS_SUBDIR_NAME","overlay","mixed_replacement_pending_split","yes_old_new_id_sync","branding_text_replacement;special_exception_text","Needs message-level category split in checklist step 15."
"chrome/app/chromium_strings.grd","IDS_APP_SHORTCUTS_SUBDIR_NAME_BETA","overlay","mixed_replacement_pending_split","yes_old_new_id_sync","branding_text_replacement;special_exception_text","Needs message-level category split in checklist step 15."
"chrome/app/chromium_strings.grd","IDS_APP_SHORTCUTS_SUBDIR_NAME_CANARY","overlay","mixed_replacement_pending_split","yes_old_new_id_sync","branding_text_replacement;special_exception_text","Needs message-level category split in checklist step 15."
"chrome/app/chromium_strings.grd","IDS_APP_SHORTCUTS_SUBDIR_NAME_DEV","overlay","mixed_replacement_pending_split","yes_old_new_id_sync","branding_text_replacement;special_exception_text","Needs message-level category split in checklist step 15."
"chrome/app/chromium_strings.grd","IDS_APPMENU_TOOLTIP","overlay","mixed_replacement_pending_split","yes_old_new_id_sync","branding_text_replacement;special_exception_text","Needs message-level category split in checklist step 15."
"chrome/app/chromium_strings.grd","IDS_APPMENU_TOOLTIP_ALERT","overlay","mixed_replacement_pending_split","yes_old_new_id_sync","branding_text_replacement;special_exception_text","Needs message-level category split in checklist step 15."
"chrome/app/chromium_strings.grd","IDS_APPMENU_TOOLTIP_UPDATE_AVAILABLE","overlay","mixed_replacement_pending_split","yes_old_new_id_sync","branding_text_replacement;special_exception_text","Needs message-level category split in checklist step 15."
"chrome/app/chromium_strings.grd","IDS_AUTOFILL_SIGNIN_PROMO_SUBTITLE_ADDRESS","overlay","mixed_replacement_pending_split","yes_old_new_id_sync","branding_text_replacement;special_exception_text","Needs message-level category split in checklist step 15."
"chrome/app/chromium_strings.grd","IDS_AUTOFILL_SIGNIN_PROMO_SUBTITLE_PASSWORD","overlay","mixed_replacement_pending_split","yes_old_new_id_sync","branding_text_replacement;special_exception_text","Needs message-level category split in checklist step 15."
"chrome/app/chromium_strings.grd","IDS_AVATAR_BUTTON_INTERCEPT_BUBBLE_CHROME_SIGNIN_ACCESSIBILITY_LABEL","overlay","mixed_replacement_pending_split","yes_old_new_id_sync","branding_text_replacement;special_exception_text","Needs message-level category split in checklist step 15."
"chrome/app/chromium_strings.grd","IDS_AVATAR_BUTTON_INTERCEPT_BUBBLE_CHROME_SIGNIN_TEXT","overlay","mixed_replacement_pending_split","yes_old_new_id_sync","branding_text_replacement;special_exception_text","Needs message-level category split in checklist step 15."
"chrome/app/chromium_strings.grd","IDS_AVATAR_BUTTON_MAKING_CHROME_YOURS","overlay","mixed_replacement_pending_split","yes_old_new_id_sync","branding_text_replacement;special_exception_text","Needs message-level category split in checklist step 15."
"chrome/app/chromium_strings.grd","IDS_AVATAR_BUTTON_SIGNIN_PENDING_ACCESSIBILITY_LABEL","overlay","mixed_replacement_pending_split","yes_old_new_id_sync","branding_text_replacement;special_exception_text","Needs message-level category split in checklist step 15."
"chrome/app/chromium_strings.grd","IDS_BLOCK_DOWNLOAD_REASON_DANGEROUS","overlay","mixed_replacement_pending_split","yes_old_new_id_sync","branding_text_replacement;special_exception_text","Needs message-level category split in checklist step 15."
"chrome/app/chromium_strings.grd","IDS_BLOCK_DOWNLOAD_REASON_DANGEROUS_COOKIE_THEFT","overlay","mixed_replacement_pending_split","yes_old_new_id_sync","branding_text_replacement;special_exception_text","Needs message-level category split in checklist step 15."
"chrome/app/chromium_strings.grd","IDS_BLOCK_DOWNLOAD_REASON_DANGEROUS_FILETYPE","overlay","mixed_replacement_pending_split","yes_old_new_id_sync","branding_text_replacement;special_exception_text","Needs message-level category split in checklist step 15."
"chrome/app/chromium_strings.grd","IDS_BLOCK_DOWNLOAD_REASON_INSECURE","overlay","mixed_replacement_pending_split","yes_old_new_id_sync","branding_text_replacement;special_exception_text","Needs message-level category split in checklist step 15."
"chrome/app/chromium_strings.grd","IDS_BLOCK_DOWNLOAD_REASON_POTENTIALLY_UNWANTED","overlay","mixed_replacement_pending_split","yes_old_new_id_sync","branding_text_replacement;special_exception_text","Needs message-level category split in checklist step 15."
"chrome/app/chromium_strings.grd","IDS_BLOCK_DOWNLOAD_REASON_UNCOMMON","overlay","mixed_replacement_pending_split","yes_old_new_id_sync","branding_text_replacement;special_exception_text","Needs message-level category split in checklist step 15."
"chrome/app/chromium_strings.grd","IDS_BLOCK_DOWNLOAD_REASON_UNCOMMON_SUSPICIOUS_ARCHIVE","overlay","mixed_replacement_pending_split","yes_old_new_id_sync","branding_text_replacement;special_exception_text","Needs message-level category split in checklist step 15."
"chrome/app/chromium_strings.grd","IDS_BLOCK_DOWNLOAD_REASON_UNVERIFIED_NO_SAFE_BROWSING","overlay","mixed_replacement_pending_split","yes_old_new_id_sync","branding_text_replacement;special_exception_text","Needs message-level category split in checklist step 15."
"chrome/app/chromium_strings.grd","IDS_BLOCK_REASON_PROMPT_FOR_SCANNING","overlay","mixed_replacement_pending_split","yes_old_new_id_sync","branding_text_replacement;special_exception_text","Needs message-level category split in checklist step 15."
"chrome/app/chromium_strings.grd","IDS_BOOKMARK_INSTALLED_BUBBLE_PROMO_EXPLICIT_SIGNIN_MESSAGE","overlay","mixed_replacement_pending_split","yes_old_new_id_sync","branding_text_replacement;special_exception_text","Needs message-level category split in checklist step 15."
"chrome/app/chromium_strings.grd","IDS_BOOKMARK_INSTALLED_PROMO_EXPLICIT_SIGNIN_MESSAGE","overlay","mixed_replacement_pending_split","yes_old_new_id_sync","branding_text_replacement;special_exception_text","Needs message-level category split in checklist step 15."
"chrome/app/chromium_strings.grd","IDS_BROWSER_HUNGBROWSER_MESSAGE","overlay","mixed_replacement_pending_split","yes_old_new_id_sync","branding_text_replacement;special_exception_text","Needs message-level category split in checklist step 15."
"chrome/app/chromium_strings.grd","IDS_BROWSER_SHARING_CLICK_TO_CALL_DIALOG_HELP_TEXT_NO_DEVICES","overlay","mixed_replacement_pending_split","yes_old_new_id_sync","branding_text_replacement;special_exception_text","Needs message-level category split in checklist step 15."
"chrome/app/chromium_strings.grd","IDS_BROWSER_SHARING_CLICK_TO_CALL_DIALOG_HELP_TEXT_NO_DEVICES_ORIGIN","overlay","mixed_replacement_pending_split","yes_old_new_id_sync","branding_text_replacement;special_exception_text","Needs message-level category split in checklist step 15."
"chrome/app/chromium_strings.grd","IDS_BROWSER_SHARING_ERROR_DIALOG_TEXT_DEVICE_NOT_FOUND","overlay","mixed_replacement_pending_split","yes_old_new_id_sync","branding_text_replacement;special_exception_text","Needs message-level category split in checklist step 15."
"chrome/app/chromium_strings.grd","IDS_BROWSER_WINDOW_TITLE_FORMAT","overlay","mixed_replacement_pending_split","yes_old_new_id_sync","branding_text_replacement;special_exception_text","Needs message-level category split in checklist step 15."
"chrome/app/chromium_strings.grd","IDS_CANT_WRITE_USER_DIRECTORY_SUMMARY","overlay","mixed_replacement_pending_split","yes_old_new_id_sync","branding_text_replacement;special_exception_text","Needs message-level category split in checklist step 15."
"chrome/app/chromium_strings.grd","IDS_CAPTIVE_PORTAL_BROWSER_WINDOW_TITLE_FORMAT","overlay","mixed_replacement_pending_split","yes_old_new_id_sync","branding_text_replacement;special_exception_text","Needs message-level category split in checklist step 15."
"chrome/app/chromium_strings.grd","IDS_CHROME_SIGNIN_TITLE","overlay","mixed_replacement_pending_split","yes_old_new_id_sync","branding_text_replacement;special_exception_text","Needs message-level category split in checklist step 15."
"chrome/app/chromium_strings.grd","IDS_CHROME_SIGNOUT_CONFIRMATION_PROMPT_NO_UNSYNCED_BODY","overlay","mixed_replacement_pending_split","yes_old_new_id_sync","branding_text_replacement;special_exception_text","Needs message-level category split in checklist step 15."
"chrome/app/chromium_strings.grd","IDS_CHROME_SIGNOUT_CONFIRMATION_PROMPT_NO_UNSYNCED_DATA_BODY","overlay","mixed_replacement_pending_split","yes_old_new_id_sync","branding_text_replacement;special_exception_text","Needs message-level category split in checklist step 15."
"chrome/app/chromium_strings.grd","IDS_CHROME_SIGNOUT_CONFIRMATION_PROMPT_NO_UNSYNCED_TITLE","overlay","mixed_replacement_pending_split","yes_old_new_id_sync","branding_text_replacement;special_exception_text","Needs message-level category split in checklist step 15."
"chrome/app/chromium_strings.grd","IDS_CHROME_SIGNOUT_CONFIRMATION_PROMPT_UNSYNCED_BODY","overlay","mixed_replacement_pending_split","yes_old_new_id_sync","branding_text_replacement;special_exception_text","Needs message-level category split in checklist step 15."
"chrome/app/chromium_strings.grd","IDS_CHROME_SIGNOUT_CONFIRMATION_PROMPT_UNSYNCED_BODY_WITH_COUNT","overlay","mixed_replacement_pending_split","yes_old_new_id_sync","branding_text_replacement;special_exception_text","Needs message-level category split in checklist step 15."
"chrome/app/chromium_strings.grd","IDS_CHROME_SIGNOUT_CONFIRMATION_PROMPT_VERIFY_BODY","overlay","mixed_replacement_pending_split","yes_old_new_id_sync","branding_text_replacement;special_exception_text","Needs message-level category split in checklist step 15."
"chrome/app/chromium_strings.grd","IDS_CHROME_SIGNOUT_CONFIRMATION_PROMPT_VERIFY_BODY_WITH_COUNT","overlay","mixed_replacement_pending_split","yes_old_new_id_sync","branding_text_replacement;special_exception_text","Needs message-level category split in checklist step 15."
"chrome/app/chromium_strings.grd","IDS_CHROMELABS_RELAUNCH_FOOTER_MESSAGE","overlay","mixed_replacement_pending_split","yes_old_new_id_sync","branding_text_replacement;special_exception_text","Needs message-level category split in checklist step 15."
"chrome/app/chromium_strings.grd","IDS_CHROMIUM_SHORCUT_DESCRIPTION","overlay","mixed_replacement_pending_split","yes_old_new_id_sync","branding_text_replacement;special_exception_text","Needs message-level category split in checklist step 15."
"chrome/app/chromium_strings.grd","IDS_CLEAR_BROWSING_DATA_TOAST_BODY","overlay","mixed_replacement_pending_split","yes_old_new_id_sync","branding_text_replacement;special_exception_text","Needs message-level category split in checklist step 15."
"chrome/app/chromium_strings.grd","IDS_CLOSE_WARNING_FOR_CLEAR_COOKIES_ON_EXIT_TEXT","overlay","mixed_replacement_pending_split","yes_old_new_id_sync","branding_text_replacement;special_exception_text","Needs message-level category split in checklist step 15."
"chrome/app/chromium_strings.grd","IDS_CONTENT_CONTEXT_ACCESSIBILITY_LABELS_BUBBLE_TEXT","overlay","mixed_replacement_pending_split","yes_old_new_id_sync","branding_text_replacement;special_exception_text","Needs message-level category split in checklist step 15."
"chrome/app/chromium_strings.grd","IDS_CONTENT_CONTEXT_ACCESSIBILITY_LABELS_BUBBLE_TEXT_ONCE","overlay","mixed_replacement_pending_split","yes_old_new_id_sync","branding_text_replacement;special_exception_text","Needs message-level category split in checklist step 15."
"chrome/app/chromium_strings.grd","IDS_CONTENT_CONTEXT_OPENLINKNEWTAB_INAPP","overlay","mixed_replacement_pending_split","yes_old_new_id_sync","branding_text_replacement;special_exception_text","Needs message-level category split in checklist step 15."
"chrome/app/chromium_strings.grd","IDS_CONTENT_CONTEXT_OPENLINKOFFTHERECORD_INAPP","overlay","mixed_replacement_pending_split","yes_old_new_id_sync","branding_text_replacement;special_exception_text","Needs message-level category split in checklist step 15."
"chrome/app/chromium_strings.grd","IDS_CONTENT_CONTEXT_SPELLING_BUBBLE_TEXT","overlay","mixed_replacement_pending_split","yes_old_new_id_sync","branding_text_replacement;special_exception_text","Needs message-level category split in checklist step 15."
"chrome/app/chromium_strings.grd","IDS_CREATE_SHORTCUT_NOT_APPS_DIALOG_SUBTITLE","overlay","mixed_replacement_pending_split","yes_old_new_id_sync","branding_text_replacement;special_exception_text","Needs message-level category split in checklist step 15."
"chrome/app/chromium_strings.grd","IDS_CRITICAL_NOTIFICATION_TEXT","overlay","mixed_replacement_pending_split","yes_old_new_id_sync","branding_text_replacement;special_exception_text","Needs message-level category split in checklist step 15."
"chrome/app/chromium_strings.grd","IDS_CRITICAL_NOTIFICATION_TITLE","overlay","mixed_replacement_pending_split","yes_old_new_id_sync","branding_text_replacement;special_exception_text","Needs message-level category split in checklist step 15."
"chrome/app/chromium_strings.grd","IDS_CRITICAL_NOTIFICATION_TITLE_ALTERNATE","overlay","mixed_replacement_pending_split","yes_old_new_id_sync","branding_text_replacement;special_exception_text","Needs message-level category split in checklist step 15."
"chrome/app/chromium_strings.grd","IDS_CUSTOMIZE_CHROME","overlay","mixed_replacement_pending_split","yes_old_new_id_sync","branding_text_replacement;special_exception_text","Needs message-level category split in checklist step 15."
"chrome/app/chromium_strings.grd","IDS_DEFAULT_BROWSER_INFOBAR_TEXT","overlay","mixed_replacement_pending_split","yes_old_new_id_sync","branding_text_replacement;special_exception_text","Needs message-level category split in checklist step 15."
"chrome/app/chromium_strings.grd","IDS_DEFAULT_BROWSER_PIN_INFOBAR_TEXT","overlay","mixed_replacement_pending_split","yes_old_new_id_sync","branding_text_replacement;special_exception_text","Needs message-level category split in checklist step 15."
"chrome/app/chromium_strings.grd","IDS_DEFAULT_SEARCH_ENGINE_RESET_NOTIFICATION_BODY","overlay","mixed_replacement_pending_split","yes_old_new_id_sync","branding_text_replacement;special_exception_text","Needs message-level category split in checklist step 15."
"chrome/app/chromium_strings.grd","IDS_DEFAULT_SEARCH_ENGINE_RESET_NOTIFICATION_TITLE","overlay","mixed_replacement_pending_split","yes_old_new_id_sync","branding_text_replacement;special_exception_text","Needs message-level category split in checklist step 15."
"chrome/app/chromium_strings.grd","IDS_DESKTOP_MEDIA_PICKER_PERMISSION_RESTART_TEXT_MAC","overlay","mixed_replacement_pending_split","yes_old_new_id_sync","branding_text_replacement;special_exception_text","Needs message-level category split in checklist step 15."
"chrome/app/chromium_strings.grd","IDS_DESKTOP_MEDIA_PICKER_SCREEN_PERMISSION_TEXT_MAC","overlay","mixed_replacement_pending_split","yes_old_new_id_sync","branding_text_replacement;special_exception_text","Needs message-level category split in checklist step 15."
"chrome/app/chromium_strings.grd","IDS_DESKTOP_MEDIA_PICKER_SCREEN_PERMISSION_TEXT_PERIOD_MAC","overlay","mixed_replacement_pending_split","yes_old_new_id_sync","branding_text_replacement;special_exception_text","Needs message-level category split in checklist step 15."
"chrome/app/chromium_strings.grd","IDS_DESKTOP_MEDIA_PICKER_SOURCE_TYPE_TAB","overlay","mixed_replacement_pending_split","yes_old_new_id_sync","branding_text_replacement;special_exception_text","Needs message-level category split in checklist step 15."
"chrome/app/chromium_strings.grd","IDS_DESKTOP_MEDIA_PICKER_SYSTEM_AUDIO_PERMISSION_TEXT_MAC","overlay","mixed_replacement_pending_split","yes_old_new_id_sync","branding_text_replacement;special_exception_text","Needs message-level category split in checklist step 15."
"chrome/app/chromium_strings.grd","IDS_DESKTOP_MEDIA_PICKER_TITLE_WEB_CONTENTS_ONLY","overlay","mixed_replacement_pending_split","yes_old_new_id_sync","branding_text_replacement;special_exception_text","Needs message-level category split in checklist step 15."
"chrome/app/chromium_strings.grd","IDS_DESKTOP_MEDIA_PICKER_WINDOW_PERMISSION_TEXT_MAC","overlay","mixed_replacement_pending_split","yes_old_new_id_sync","branding_text_replacement;special_exception_text","Needs message-level category split in checklist step 15."
"chrome/app/chromium_strings.grd","IDS_DESKTOP_MEDIA_PICKER_WINDOW_PERMISSION_TEXT_PERIOD_MAC","overlay","mixed_replacement_pending_split","yes_old_new_id_sync","branding_text_replacement;special_exception_text","Needs message-level category split in checklist step 15."
"chrome/app/chromium_strings.grd","IDS_DESKTOP_SHORTCUT_COMMENT","overlay","mixed_replacement_pending_split","yes_old_new_id_sync","branding_text_replacement;special_exception_text","Needs message-level category split in checklist step 15."
"chrome/app/chromium_strings.grd","IDS_DICE_MIGRATION_CONFIRMATION_TOAST_BUTTON","overlay","mixed_replacement_pending_split","yes_old_new_id_sync","branding_text_replacement;special_exception_text","Needs message-level category split in checklist step 15."
"chrome/app/chromium_strings.grd","IDS_DICE_MIGRATION_CONFIRMATION_TOAST_MESSAGE","overlay","mixed_replacement_pending_split","yes_old_new_id_sync","branding_text_replacement;special_exception_text","Needs message-level category split in checklist step 15."
"chrome/app/chromium_strings.grd","IDS_DICE_MIGRATION_DIALOG_DESCRIPTION","overlay","mixed_replacement_pending_split","yes_old_new_id_sync","branding_text_replacement;special_exception_text","Needs message-level category split in checklist step 15."
"chrome/app/chromium_strings.grd","IDS_DICE_MIGRATION_DIALOG_OK_BUTTON","overlay","mixed_replacement_pending_split","yes_old_new_id_sync","branding_text_replacement;special_exception_text","Needs message-level category split in checklist step 15."
"chrome/app/chromium_strings.grd","IDS_DICE_MIGRATION_DIALOG_TITLE","overlay","mixed_replacement_pending_split","yes_old_new_id_sync","branding_text_replacement;special_exception_text","Needs message-level category split in checklist step 15."
"chrome/app/chromium_strings.grd","IDS_DOWNLOAD_BUBBLE_SUBPAGE_SUMMARY_DEEP_SCANNING_PROMPT_LOCAL_DECRYPTION","overlay","mixed_replacement_pending_split","yes_old_new_id_sync","branding_text_replacement;special_exception_text","Needs message-level category split in checklist step 15."
"chrome/app/chromium_strings.grd","IDS_DOWNLOAD_BUBBLE_SUBPAGE_SUMMARY_UNKNOWN_SOURCE","overlay","mixed_replacement_pending_split","yes_old_new_id_sync","branding_text_replacement;special_exception_text","Needs message-level category split in checklist step 15."
"chrome/app/chromium_strings.grd","IDS_DOWNLOAD_BUBBLE_SUBPAGE_SUMMARY_WARNING_BLOCKED_LEARN_MORE_LINK","overlay","mixed_replacement_pending_split","yes_old_new_id_sync","branding_text_replacement;special_exception_text","Needs message-level category split in checklist step 15."
"chrome/app/chromium_strings.grd","IDS_DOWNLOAD_STATUS_CRX_INSTALL_RUNNING","overlay","mixed_replacement_pending_split","yes_old_new_id_sync","branding_text_replacement;special_exception_text","Needs message-level category split in checklist step 15."
"chrome/app/chromium_strings.grd","IDS_DOWNLOAD_WARNING_BYPASS_PROMPT_LEARN_MORE_LINK","overlay","mixed_replacement_pending_split","yes_old_new_id_sync","branding_text_replacement;special_exception_text","Needs message-level category split in checklist step 15."
"chrome/app/chromium_strings.grd","IDS_DOWNLOAD_WARNING_BYPASS_PROMPT_LEARN_MORE_LINK_ACCESSIBLE","overlay","mixed_replacement_pending_split","yes_old_new_id_sync","branding_text_replacement;special_exception_text","Needs message-level category split in checklist step 15."
"chrome/app/chromium_strings.grd","IDS_ELEVATION_SERVICE_DESCRIPTION","overlay","mixed_replacement_pending_split","yes_old_new_id_sync","branding_text_replacement;special_exception_text","Needs message-level category split in checklist step 15."
"chrome/app/chromium_strings.grd","IDS_ENTERPRISE_SIGNIN_EXPLANATION_WITH_PROFILE_CREATION","overlay","mixed_replacement_pending_split","yes_old_new_id_sync","branding_text_replacement;special_exception_text","Needs message-level category split in checklist step 15."
"chrome/app/chromium_strings.grd","IDS_ENTERPRISE_SIGNIN_EXPLANATION_WITHOUT_PROFILE_CREATION","overlay","mixed_replacement_pending_split","yes_old_new_id_sync","branding_text_replacement;special_exception_text","Needs message-level category split in checklist step 15."
"chrome/app/chromium_strings.grd","IDS_ENTERPRISE_SIGNIN_TITLE","overlay","mixed_replacement_pending_split","yes_old_new_id_sync","branding_text_replacement;special_exception_text","Needs message-level category split in checklist step 15."
"chrome/app/chromium_strings.grd","IDS_ENTERPRISE_STARTUP_CLOUD_POLICY_ENROLLMENT_ERROR","overlay","mixed_replacement_pending_split","yes_old_new_id_sync","branding_text_replacement;special_exception_text","Needs message-level category split in checklist step 15."
"chrome/app/chromium_strings.grd","IDS_ENTERPRISE_STARTUP_CLOUD_POLICY_ENROLLMENT_TOOLTIP","overlay","mixed_replacement_pending_split","yes_old_new_id_sync","branding_text_replacement;special_exception_text","Needs message-level category split in checklist step 15."
"chrome/app/chromium_strings.grd","IDS_ENTERPRISE_STARTUP_RELAUNCH_BUTTON","overlay","mixed_replacement_pending_split","yes_old_new_id_sync","branding_text_replacement;special_exception_text","Needs message-level category split in checklist step 15."
"chrome/app/chromium_strings.grd","IDS_ENTERPRISE_VALUE_PROPOSITION_PROFILE_REQUIRED_BY_ORG_KNOWN_DOMAIN_TITLE","overlay","mixed_replacement_pending_split","yes_old_new_id_sync","branding_text_replacement;special_exception_text","Needs message-level category split in checklist step 15."
"chrome/app/chromium_strings.grd","IDS_ENTERPRISE_VALUE_PROPOSITION_PROFILE_REQUIRED_BY_ORG_TITLE","overlay","mixed_replacement_pending_split","yes_old_new_id_sync","branding_text_replacement;special_exception_text","Needs message-level category split in checklist step 15."
"chrome/app/chromium_strings.grd","IDS_ENTERPRISE_VALUE_PROPOSITION_PROFILE_SUGGESTED_TITLE","overlay","mixed_replacement_pending_split","yes_old_new_id_sync","branding_text_replacement;special_exception_text","Needs message-level category split in checklist step 15."
"chrome/app/chromium_strings.grd","IDS_ENTERPRISE_WELCOME_PROFILE_INFORMATION_DETAILS","overlay","mixed_replacement_pending_split","yes_old_new_id_sync","branding_text_replacement;special_exception_text","Needs message-level category split in checklist step 15."
"chrome/app/chromium_strings.grd","IDS_EULA_CHECKBOX_ENABLE_LOGGING","overlay","mixed_replacement_pending_split","yes_old_new_id_sync","branding_text_replacement;special_exception_text","Needs message-level category split in checklist step 15."
"chrome/app/chromium_strings.grd","IDS_EULA_SCREEN_ACCESSIBLE_TITLE","overlay","mixed_replacement_pending_split","yes_old_new_id_sync","branding_text_replacement;special_exception_text","Needs message-level category split in checklist step 15."
"chrome/app/chromium_strings.grd","IDS_EXTENSION_ALERT_ITEM_BLOCKLISTED_MALWARE","overlay","mixed_replacement_pending_split","yes_old_new_id_sync","branding_text_replacement;special_exception_text","Needs message-level category split in checklist step 15."
"chrome/app/chromium_strings.grd","IDS_EXTENSION_ASKS_IDENTITY_WHILE_SIGNED_IN_WEB_ONLY_BODY_PART_1","overlay","mixed_replacement_pending_split","yes_old_new_id_sync","branding_text_replacement;special_exception_text","Needs message-level category split in checklist step 15."
"chrome/app/chromium_strings.grd","IDS_EXTENSION_ASKS_IDENTITY_WHILE_SIGNED_IN_WEB_ONLY_TITLE","overlay","mixed_replacement_pending_split","yes_old_new_id_sync","branding_text_replacement;special_exception_text","Needs message-level category split in checklist step 15."
"chrome/app/chromium_strings.grd","IDS_EXTENSION_ASKS_IDENTITY_WHILE_SIGNED_IN_WEB_ONLY_TITLE_FALLBACK","overlay","mixed_replacement_pending_split","yes_old_new_id_sync","branding_text_replacement;special_exception_text","Needs message-level category split in checklist step 15."
"chrome/app/chromium_strings.grd","IDS_EXTENSION_EXTERNAL_INITIAL_INSTALL_PROMPT_TITLE_EXTENSION","overlay","mixed_replacement_pending_split","yes_old_new_id_sync","branding_text_replacement;special_exception_text","Needs message-level category split in checklist step 15."
"chrome/app/chromium_strings.grd","IDS_EXTENSION_EXTERNAL_INSTALL_PROMPT_ABORT_BUTTON","overlay","mixed_replacement_pending_split","yes_old_new_id_sync","branding_text_replacement;special_exception_text","Needs message-level category split in checklist step 15."
"chrome/app/chromium_strings.grd","IDS_EXTENSION_EXTERNAL_INSTALL_PROMPT_TITLE_APP","overlay","mixed_replacement_pending_split","yes_old_new_id_sync","branding_text_replacement;special_exception_text","Needs message-level category split in checklist step 15."
"chrome/app/chromium_strings.grd","IDS_EXTENSION_EXTERNAL_INSTALL_PROMPT_TITLE_EXTENSION","overlay","mixed_replacement_pending_split","yes_old_new_id_sync","branding_text_replacement;special_exception_text","Needs message-level category split in checklist step 15."
"chrome/app/chromium_strings.grd","IDS_EXTENSION_EXTERNAL_INSTALL_PROMPT_TITLE_THEME","overlay","mixed_replacement_pending_split","yes_old_new_id_sync","branding_text_replacement;special_exception_text","Needs message-level category split in checklist step 15."
"chrome/app/chromium_strings.grd","IDS_EXTENSION_INSTALLED_HEADING","overlay","mixed_replacement_pending_split","yes_old_new_id_sync","branding_text_replacement;special_exception_text","Needs message-level category split in checklist step 15."
"chrome/app/chromium_strings.grd","IDS_EXTENSION_INSTALLED_PROMO_EXPLICIT_SIGNIN_MESSAGE","overlay","mixed_replacement_pending_split","yes_old_new_id_sync","branding_text_replacement;special_exception_text","Needs message-level category split in checklist step 15."
"chrome/app/chromium_strings.grd","IDS_EXTENSION_PERMISSIONS_BLOCKED_BY_PARENT_PROMPT_MESSAGE","overlay","mixed_replacement_pending_split","yes_old_new_id_sync","branding_text_replacement;special_exception_text","Needs message-level category split in checklist step 15."
"chrome/app/chromium_strings.grd","IDS_EXTENSION_UNINSTALL_PROMPT_REMOVE_DATA_CHECKBOX","overlay","mixed_replacement_pending_split","yes_old_new_id_sync","branding_text_replacement;special_exception_text","Needs message-level category split in checklist step 15."
"chrome/app/chromium_strings.grd","IDS_EXTENSIONS_ALERT_ITEM_BLOCKLISTED_MALWARE_TITLE","overlay","mixed_replacement_pending_split","yes_old_new_id_sync","branding_text_replacement;special_exception_text","Needs message-level category split in checklist step 15."
"chrome/app/chromium_strings.grd","IDS_EXTENSIONS_INCOGNITO_WARNING","overlay","mixed_replacement_pending_split","yes_old_new_id_sync","branding_text_replacement;special_exception_text","Needs message-level category split in checklist step 15."
"chrome/app/chromium_strings.grd","IDS_EXTENSIONS_ITEM_SHOW_ACCESS_REQUESTS_IN_TOOLBAR","overlay","mixed_replacement_pending_split","yes_old_new_id_sync","branding_text_replacement;special_exception_text","Needs message-level category split in checklist step 15."
"chrome/app/chromium_strings.grd","IDS_EXTENSIONS_MANIFEST_V2_DEPRECATION_DISABLED_DIALOG_DESCRIPTION","overlay","mixed_replacement_pending_split","yes_old_new_id_sync","branding_text_replacement;special_exception_text","Needs message-level category split in checklist step 15."
"chrome/app/chromium_strings.grd","IDS_EXTENSIONS_MANIFEST_V2_DEPRECATION_KEEP_DIALOG_DESCRIPTION","overlay","mixed_replacement_pending_split","yes_old_new_id_sync","branding_text_replacement;special_exception_text","Needs message-level category split in checklist step 15."
"chrome/app/chromium_strings.grd","IDS_EXTENSIONS_MULTIPLE_UNSUPPORTED_DISABLED_BODY","overlay","mixed_replacement_pending_split","yes_old_new_id_sync","branding_text_replacement;special_exception_text","Needs message-level category split in checklist step 15."
"chrome/app/chromium_strings.grd","IDS_EXTENSIONS_MV2_DEPRECATION_MESSAGE_DISABLED_SUBTITLE","overlay","mixed_replacement_pending_split","yes_old_new_id_sync","branding_text_replacement;special_exception_text","Needs message-level category split in checklist step 15."
"chrome/app/chromium_strings.grd","IDS_EXTENSIONS_MV2_DEPRECATION_PANEL_DISABLED_SUBTITLE","overlay","mixed_replacement_pending_split","yes_old_new_id_sync","branding_text_replacement;special_exception_text","Needs message-level category split in checklist step 15."
"chrome/app/chromium_strings.grd","IDS_EXTENSIONS_MV2_DEPRECATION_PANEL_REMOVE_BUTTON_ACC_LABEL","overlay","mixed_replacement_pending_split","yes_old_new_id_sync","branding_text_replacement;special_exception_text","Needs message-level category split in checklist step 15."
"chrome/app/chromium_strings.grd","IDS_EXTENSIONS_SAFETY_CHECK_NO_PRIVACY_PRACTICES","overlay","mixed_replacement_pending_split","yes_old_new_id_sync","branding_text_replacement;special_exception_text","Needs message-level category split in checklist step 15."
"chrome/app/chromium_strings.grd","IDS_EXTENSIONS_SAFETY_CHECK_OFFSTORE","overlay","mixed_replacement_pending_split","yes_old_new_id_sync","branding_text_replacement;special_exception_text","Needs message-level category split in checklist step 15."
"chrome/app/chromium_strings.grd","IDS_EXTENSIONS_SAFETY_CHECK_OFFSTORE_OFF","overlay","mixed_replacement_pending_split","yes_old_new_id_sync","branding_text_replacement;special_exception_text","Needs message-level category split in checklist step 15."
"chrome/app/chromium_strings.grd","IDS_EXTENSIONS_SAFETY_CHECK_OFFSTORE_ON","overlay","mixed_replacement_pending_split","yes_old_new_id_sync","branding_text_replacement;special_exception_text","Needs message-level category split in checklist step 15."
"chrome/app/chromium_strings.grd","IDS_EXTENSIONS_SAFETY_CHECK_PRIMARY_LABEL","overlay","mixed_replacement_pending_split","yes_old_new_id_sync","branding_text_replacement;special_exception_text","Needs message-level category split in checklist step 15."
"chrome/app/chromium_strings.grd","IDS_EXTENSIONS_SC_DESCRIPTION","overlay","mixed_replacement_pending_split","yes_old_new_id_sync","branding_text_replacement;special_exception_text","Needs message-level category split in checklist step 15."
"chrome/app/chromium_strings.grd","IDS_EXTENSIONS_SETTINGS_API_SECOND_LINE_START_AND_SEARCH","overlay","mixed_replacement_pending_split","yes_old_new_id_sync","branding_text_replacement;special_exception_text","Needs message-level category split in checklist step 15."
"chrome/app/chromium_strings.grd","IDS_EXTENSIONS_SETTINGS_API_SECOND_LINE_START_PAGES","overlay","mixed_replacement_pending_split","yes_old_new_id_sync","branding_text_replacement;special_exception_text","Needs message-level category split in checklist step 15."
"chrome/app/chromium_strings.grd","IDS_EXTENSIONS_SHORTCUT_SCOPE_IN_CHROME","overlay","mixed_replacement_pending_split","yes_old_new_id_sync","branding_text_replacement;special_exception_text","Needs message-level category split in checklist step 15."
"chrome/app/chromium_strings.grd","IDS_EXTENSIONS_SINGLE_UNSUPPORTED_DISABLED_BODY","overlay","mixed_replacement_pending_split","yes_old_new_id_sync","branding_text_replacement;special_exception_text","Needs message-level category split in checklist step 15."
"chrome/app/chromium_strings.grd","IDS_EXTENSIONS_UNINSTALL","overlay","mixed_replacement_pending_split","yes_old_new_id_sync","branding_text_replacement;special_exception_text","Needs message-level category split in checklist step 15."
"chrome/app/chromium_strings.grd","IDS_FIRST_RUN_DIALOG_WINDOW_TITLE","overlay","mixed_replacement_pending_split","yes_old_new_id_sync","branding_text_replacement;special_exception_text","Needs message-level category split in checklist step 15."
"chrome/app/chromium_strings.grd","IDS_FIRSTRUN_DLG_MAC_SET_DEFAULT_BROWSER_LABEL","overlay","mixed_replacement_pending_split","yes_old_new_id_sync","branding_text_replacement;special_exception_text","Needs message-level category split in checklist step 15."
"chrome/app/chromium_strings.grd","IDS_FR_CUSTOMIZE_DEFAULT_BROWSER","overlay","mixed_replacement_pending_split","yes_old_new_id_sync","branding_text_replacement;special_exception_text","Needs message-level category split in checklist step 15."
"chrome/app/chromium_strings.grd","IDS_FRE_DEFAULT_BROWSER_AND_PINNING_SUBTITLE","overlay","mixed_replacement_pending_split","yes_old_new_id_sync","branding_text_replacement;special_exception_text","Needs message-level category split in checklist step 15."
"chrome/app/chromium_strings.grd","IDS_FRE_DEFAULT_BROWSER_AND_PINNING_TITLE","overlay","mixed_replacement_pending_split","yes_old_new_id_sync","branding_text_replacement;special_exception_text","Needs message-level category split in checklist step 15."
"chrome/app/chromium_strings.grd","IDS_FRE_DEFAULT_BROWSER_ILLUSTRATION_ALT_TEXT","overlay","mixed_replacement_pending_split","yes_old_new_id_sync","branding_text_replacement;special_exception_text","Needs message-level category split in checklist step 15."
"chrome/app/chromium_strings.grd","IDS_FRE_DEFAULT_BROWSER_SUBTITLE_NEW","overlay","mixed_replacement_pending_split","yes_old_new_id_sync","branding_text_replacement;special_exception_text","Needs message-level category split in checklist step 15."
"chrome/app/chromium_strings.grd","IDS_FRE_DEFAULT_BROWSER_TITLE","overlay","mixed_replacement_pending_split","yes_old_new_id_sync","branding_text_replacement;special_exception_text","Needs message-level category split in checklist step 15."
"chrome/app/chromium_strings.grd","IDS_FRE_SIGN_IN_TITLE_0","overlay","mixed_replacement_pending_split","yes_old_new_id_sync","branding_text_replacement;special_exception_text","Needs message-level category split in checklist step 15."
"chrome/app/chromium_strings.grd","IDS_FRIENDLY_COMPANY_NAME","overlay","mixed_replacement_pending_split","yes_old_new_id_sync","branding_text_replacement;special_exception_text","Needs message-level category split in checklist step 15."
"chrome/app/chromium_strings.grd","IDS_GLIC_BUTTON_ENTRYPOINT_ASK_BROWSER_LABEL","overlay","mixed_replacement_pending_split","yes_old_new_id_sync","branding_text_replacement;special_exception_text","Needs message-level category split in checklist step 15."
"chrome/app/chromium_strings.grd","IDS_GLIC_CONTEXTUAL_CUEING_ANNOUNCEMENT","overlay","mixed_replacement_pending_split","yes_old_new_id_sync","branding_text_replacement;special_exception_text","Needs message-level category split in checklist step 15."
"chrome/app/chromium_strings.grd","IDS_GLIC_PROMO_TITLE","overlay","mixed_replacement_pending_split","yes_old_new_id_sync","branding_text_replacement;special_exception_text","Needs message-level category split in checklist step 15."
"chrome/app/chromium_strings.grd","IDS_GLIC_STATUS_ICON_MENU_CLOSE","overlay","mixed_replacement_pending_split","yes_old_new_id_sync","branding_text_replacement;special_exception_text","Needs message-level category split in checklist step 15."
"chrome/app/chromium_strings.grd","IDS_GLIC_STATUS_ICON_MENU_SHOW","overlay","mixed_replacement_pending_split","yes_old_new_id_sync","branding_text_replacement;special_exception_text","Needs message-level category split in checklist step 15."
"chrome/app/chromium_strings.grd","IDS_GLIC_STATUS_ICON_MENU_TOGGLE","overlay","mixed_replacement_pending_split","yes_old_new_id_sync","branding_text_replacement;special_exception_text","Needs message-level category split in checklist step 15."
"chrome/app/chromium_strings.grd","IDS_GLIC_STATUS_ICON_TOOLTIP","overlay","mixed_replacement_pending_split","yes_old_new_id_sync","branding_text_replacement;special_exception_text","Needs message-level category split in checklist step 15."
"chrome/app/chromium_strings.grd","IDS_GLIC_STATUS_ICON_TOOLTIP_CLOSE","overlay","mixed_replacement_pending_split","yes_old_new_id_sync","branding_text_replacement;special_exception_text","Needs message-level category split in checklist step 15."
"chrome/app/chromium_strings.grd","IDS_GLIC_STATUS_ICON_TOOLTIP_TOGGLE","overlay","mixed_replacement_pending_split","yes_old_new_id_sync","branding_text_replacement;special_exception_text","Needs message-level category split in checklist step 15."
"chrome/app/chromium_strings.grd","IDS_GLIC_TAB_STRIP_BUTTON_TOOLTIP","overlay","mixed_replacement_pending_split","yes_old_new_id_sync","branding_text_replacement;special_exception_text","Needs message-level category split in checklist step 15."
"chrome/app/chromium_strings.grd","IDS_GLIC_TAB_STRIP_BUTTON_TOOLTIP_CLOSE","overlay","mixed_replacement_pending_split","yes_old_new_id_sync","branding_text_replacement;special_exception_text","Needs message-level category split in checklist step 15."
"chrome/app/chromium_strings.grd","IDS_GLIC_THREE_DOT_MENU_ITEM","overlay","mixed_replacement_pending_split","yes_old_new_id_sync","branding_text_replacement;special_exception_text","Needs message-level category split in checklist step 15."
"chrome/app/chromium_strings.grd","IDS_HATS_BUBBLE_TITLE","overlay","mixed_replacement_pending_split","yes_old_new_id_sync","branding_text_replacement;special_exception_text","Needs message-level category split in checklist step 15."
"chrome/app/chromium_strings.grd","IDS_HELPER_NAME","overlay","mixed_replacement_pending_split","yes_old_new_id_sync","branding_text_replacement;special_exception_text","Needs message-level category split in checklist step 15."
"chrome/app/chromium_strings.grd","IDS_HISTORY_HISTORY_MENU_ITEM","overlay","mixed_replacement_pending_split","yes_old_new_id_sync","branding_text_replacement;special_exception_text","Needs message-level category split in checklist step 15."
"chrome/app/chromium_strings.grd","IDS_IDLE_BUBBLE_BODY_CLEAR","overlay","mixed_replacement_pending_split","yes_old_new_id_sync","branding_text_replacement;special_exception_text","Needs message-level category split in checklist step 15."
"chrome/app/chromium_strings.grd","IDS_IDLE_BUBBLE_BODY_CLOSE","overlay","mixed_replacement_pending_split","yes_old_new_id_sync","branding_text_replacement;special_exception_text","Needs message-level category split in checklist step 15."
"chrome/app/chromium_strings.grd","IDS_IDLE_BUBBLE_BODY_CLOSE_AND_CLEAR","overlay","mixed_replacement_pending_split","yes_old_new_id_sync","branding_text_replacement;special_exception_text","Needs message-level category split in checklist step 15."
"chrome/app/chromium_strings.grd","IDS_IDLE_BUBBLE_TITLE_CLOSE","overlay","mixed_replacement_pending_split","yes_old_new_id_sync","branding_text_replacement;special_exception_text","Needs message-level category split in checklist step 15."
"chrome/app/chromium_strings.grd","IDS_IDLE_DISMISS_BUTTON","overlay","mixed_replacement_pending_split","yes_old_new_id_sync","branding_text_replacement;special_exception_text","Needs message-level category split in checklist step 15."
"chrome/app/chromium_strings.grd","IDS_IDLE_TIMEOUT_CLEAR_BODY","overlay","mixed_replacement_pending_split","yes_old_new_id_sync","branding_text_replacement;special_exception_text","Needs message-level category split in checklist step 15."
"chrome/app/chromium_strings.grd","IDS_IDLE_TIMEOUT_CLEAR_TITLE","overlay","mixed_replacement_pending_split","yes_old_new_id_sync","branding_text_replacement;special_exception_text","Needs message-level category split in checklist step 15."
"chrome/app/chromium_strings.grd","IDS_IDLE_TIMEOUT_CLOSE_AND_CLEAR_BODY","overlay","mixed_replacement_pending_split","yes_old_new_id_sync","branding_text_replacement;special_exception_text","Needs message-level category split in checklist step 15."
"chrome/app/chromium_strings.grd","IDS_IDLE_TIMEOUT_CLOSE_AND_CLEAR_TITLE","overlay","mixed_replacement_pending_split","yes_old_new_id_sync","branding_text_replacement;special_exception_text","Needs message-level category split in checklist step 15."
"chrome/app/chromium_strings.grd","IDS_IDLE_TIMEOUT_CLOSE_BODY","overlay","mixed_replacement_pending_split","yes_old_new_id_sync","branding_text_replacement;special_exception_text","Needs message-level category split in checklist step 15."
"chrome/app/chromium_strings.grd","IDS_IDLE_TIMEOUT_CLOSE_TITLE","overlay","mixed_replacement_pending_split","yes_old_new_id_sync","branding_text_replacement;special_exception_text","Needs message-level category split in checklist step 15."
"chrome/app/chromium_strings.grd","IDS_INBOUND_MDNS_RULE_DESCRIPTION","overlay","mixed_replacement_pending_split","yes_old_new_id_sync","branding_text_replacement;special_exception_text","Needs message-level category split in checklist step 15."
"chrome/app/chromium_strings.grd","IDS_INBOUND_MDNS_RULE_DESCRIPTION_BETA","overlay","mixed_replacement_pending_split","yes_old_new_id_sync","branding_text_replacement;special_exception_text","Needs message-level category split in checklist step 15."
"chrome/app/chromium_strings.grd","IDS_INBOUND_MDNS_RULE_DESCRIPTION_CANARY","overlay","mixed_replacement_pending_split","yes_old_new_id_sync","branding_text_replacement;special_exception_text","Needs message-level category split in checklist step 15."
"chrome/app/chromium_strings.grd","IDS_INBOUND_MDNS_RULE_DESCRIPTION_DEV","overlay","mixed_replacement_pending_split","yes_old_new_id_sync","branding_text_replacement;special_exception_text","Needs message-level category split in checklist step 15."
"chrome/app/chromium_strings.grd","IDS_INBOUND_MDNS_RULE_NAME","overlay","mixed_replacement_pending_split","yes_old_new_id_sync","branding_text_replacement;special_exception_text","Needs message-level category split in checklist step 15."
"chrome/app/chromium_strings.grd","IDS_INBOUND_MDNS_RULE_NAME_BETA","overlay","mixed_replacement_pending_split","yes_old_new_id_sync","branding_text_replacement;special_exception_text","Needs message-level category split in checklist step 15."
"chrome/app/chromium_strings.grd","IDS_INBOUND_MDNS_RULE_NAME_CANARY","overlay","mixed_replacement_pending_split","yes_old_new_id_sync","branding_text_replacement;special_exception_text","Needs message-level category split in checklist step 15."
"chrome/app/chromium_strings.grd","IDS_INBOUND_MDNS_RULE_NAME_DEV","overlay","mixed_replacement_pending_split","yes_old_new_id_sync","branding_text_replacement;special_exception_text","Needs message-level category split in checklist step 15."
"chrome/app/chromium_strings.grd","IDS_INFOBAR_MISSING_AR_CAMERA_PERMISSION_TEXT","overlay","mixed_replacement_pending_split","yes_old_new_id_sync","branding_text_replacement;special_exception_text","Needs message-level category split in checklist step 15."
"chrome/app/chromium_strings.grd","IDS_INFOBAR_MISSING_CAMERA_PERMISSION_TEXT","overlay","mixed_replacement_pending_split","yes_old_new_id_sync","branding_text_replacement;special_exception_text","Needs message-level category split in checklist step 15."
"chrome/app/chromium_strings.grd","IDS_INFOBAR_MISSING_HAND_TRACKING_PERMISSION_TEXT","overlay","mixed_replacement_pending_split","yes_old_new_id_sync","branding_text_replacement;special_exception_text","Needs message-level category split in checklist step 15."
"chrome/app/chromium_strings.grd","IDS_INFOBAR_MISSING_LOCATION_PERMISSION_TEXT","overlay","mixed_replacement_pending_split","yes_old_new_id_sync","branding_text_replacement;special_exception_text","Needs message-level category split in checklist step 15."
"chrome/app/chromium_strings.grd","IDS_INFOBAR_MISSING_MICROPHONE_CAMERA_PERMISSIONS_TEXT","overlay","mixed_replacement_pending_split","yes_old_new_id_sync","branding_text_replacement;special_exception_text","Needs message-level category split in checklist step 15."
"chrome/app/chromium_strings.grd","IDS_INFOBAR_MISSING_MICROPHONE_PERMISSION_TEXT","overlay","mixed_replacement_pending_split","yes_old_new_id_sync","branding_text_replacement;special_exception_text","Needs message-level category split in checklist step 15."
"chrome/app/chromium_strings.grd","IDS_INSTALL_EXISTING_VERSION_LAUNCHED","overlay","mixed_replacement_pending_split","yes_old_new_id_sync","branding_text_replacement;special_exception_text","Needs message-level category split in checklist step 15."
"chrome/app/chromium_strings.grd","IDS_INSTALL_FAILED","overlay","mixed_replacement_pending_split","yes_old_new_id_sync","branding_text_replacement;special_exception_text","Needs message-level category split in checklist step 15."
"chrome/app/chromium_strings.grd","IDS_INSTALL_HIGHER_VERSION","overlay","mixed_replacement_pending_split","yes_old_new_id_sync","branding_text_replacement;special_exception_text","Needs message-level category split in checklist step 15."
"chrome/app/chromium_strings.grd","IDS_INSTALL_INVALID_ARCHIVE","overlay","mixed_replacement_pending_split","yes_old_new_id_sync","branding_text_replacement;special_exception_text","Needs message-level category split in checklist step 15."
"chrome/app/chromium_strings.grd","IDS_INSTALL_OS_ERROR","overlay","mixed_replacement_pending_split","yes_old_new_id_sync","branding_text_replacement;special_exception_text","Needs message-level category split in checklist step 15."
"chrome/app/chromium_strings.grd","IDS_INSTALL_OS_NOT_SUPPORTED","overlay","mixed_replacement_pending_split","yes_old_new_id_sync","branding_text_replacement;special_exception_text","Needs message-level category split in checklist step 15."
"chrome/app/chromium_strings.grd","IDS_INSTALL_SINGLETON_ACQUISITION_FAILED","overlay","mixed_replacement_pending_split","yes_old_new_id_sync","branding_text_replacement;special_exception_text","Needs message-level category split in checklist step 15."
"chrome/app/chromium_strings.grd","IDS_INSTALL_UNCOMPRESSION_FAILED","overlay","mixed_replacement_pending_split","yes_old_new_id_sync","branding_text_replacement;special_exception_text","Needs message-level category split in checklist step 15."
"chrome/app/chromium_strings.grd","IDS_INSTALLED_PRODUCT_OS_NAME","overlay","mixed_replacement_pending_split","yes_old_new_id_sync","branding_text_replacement;special_exception_text","Needs message-level category split in checklist step 15."
"chrome/app/chromium_strings.grd","IDS_INSTALLER_DISPLAY_NAME","overlay","mixed_replacement_pending_split","yes_old_new_id_sync","branding_text_replacement;special_exception_text","Needs message-level category split in checklist step 15."
"chrome/app/chromium_strings.grd","IDS_INSTALLING_UPDATE","overlay","mixed_replacement_pending_split","yes_old_new_id_sync","branding_text_replacement;special_exception_text","Needs message-level category split in checklist step 15."
"chrome/app/chromium_strings.grd","IDS_INTERNAL_UPDATER_SERVICE_DISPLAY_NAME","overlay","mixed_replacement_pending_split","yes_old_new_id_sync","branding_text_replacement;special_exception_text","Needs message-level category split in checklist step 15."
"chrome/app/chromium_strings.grd","IDS_IPH_CUSTOMIZE_CHROME_AUTO_OPEN_BODY","overlay","mixed_replacement_pending_split","yes_old_new_id_sync","branding_text_replacement;special_exception_text","Needs message-level category split in checklist step 15."
"chrome/app/chromium_strings.grd","IDS_IPH_CUSTOMIZE_CHROME_AUTO_OPEN_SCREENREADER","overlay","mixed_replacement_pending_split","yes_old_new_id_sync","branding_text_replacement;special_exception_text","Needs message-level category split in checklist step 15."
"chrome/app/chromium_strings.grd","IDS_LENS_PERMISSION_BUBBLE_DIALOG_LEARN_MORE_ABOUT_GOOGLE_LENS_LINK","overlay","mixed_replacement_pending_split","yes_old_new_id_sync","branding_text_replacement;special_exception_text","Needs message-level category split in checklist step 15."
"chrome/app/chromium_strings.grd","IDS_LINUX_OBSOLETE","overlay","mixed_replacement_pending_split","yes_old_new_id_sync","branding_text_replacement;special_exception_text","Needs message-level category split in checklist step 15."
"chrome/app/chromium_strings.grd","IDS_LOCAL_NETWORK_ACCESS_PERMISSION_DESC","overlay","mixed_replacement_pending_split","yes_old_new_id_sync","branding_text_replacement;special_exception_text","Needs message-level category split in checklist step 15."
"chrome/app/chromium_strings.grd","IDS_LOGIN_POD_USER_REMOVE_WARNING_SYNC","overlay","mixed_replacement_pending_split","yes_old_new_id_sync","branding_text_replacement;special_exception_text","Needs message-level category split in checklist step 15."
"chrome/app/chromium_strings.grd","IDS_MACOS_OBSOLETE","overlay","mixed_replacement_pending_split","yes_old_new_id_sync","branding_text_replacement;special_exception_text","Needs message-level category split in checklist step 15."
"chrome/app/chromium_strings.grd","IDS_MANAGE_CHROME_PROFILES","overlay","mixed_replacement_pending_split","yes_old_new_id_sync","branding_text_replacement;special_exception_text","Needs message-level category split in checklist step 15."
"chrome/app/chromium_strings.grd","IDS_MANAGED_PROFILE_INTERSTITIAL_PRIMARY_PARAGRAPH","overlay","mixed_replacement_pending_split","yes_old_new_id_sync","branding_text_replacement;special_exception_text","Needs message-level category split in checklist step 15."
"chrome/app/chromium_strings.grd","IDS_MANAGEMENT_DIALOG_BROWSER_MANAGED","overlay","mixed_replacement_pending_split","yes_old_new_id_sync","branding_text_replacement;special_exception_text","Needs message-level category split in checklist step 15."
"chrome/app/chromium_strings.grd","IDS_MANAGEMENT_DIALOG_BROWSER_MANAGED_BY","overlay","mixed_replacement_pending_split","yes_old_new_id_sync","branding_text_replacement;special_exception_text","Needs message-level category split in checklist step 15."
"chrome/app/chromium_strings.grd","IDS_MANAGEMENT_DIALOG_BROWSER_MANAGED_BY_MULTIPLE_ORGANIZATIONS","overlay","mixed_replacement_pending_split","yes_old_new_id_sync","branding_text_replacement;special_exception_text","Needs message-level category split in checklist step 15."
"chrome/app/chromium_strings.grd","IDS_MEDIA_STREAM_STATUS_TRAY_TEXT_AUDIO_AND_VIDEO","overlay","mixed_replacement_pending_split","yes_old_new_id_sync","branding_text_replacement;special_exception_text","Needs message-level category split in checklist step 15."
"chrome/app/chromium_strings.grd","IDS_MEDIA_STREAM_STATUS_TRAY_TEXT_AUDIO_ONLY","overlay","mixed_replacement_pending_split","yes_old_new_id_sync","branding_text_replacement;special_exception_text","Needs message-level category split in checklist step 15."
"chrome/app/chromium_strings.grd","IDS_MEDIA_STREAM_STATUS_TRAY_TEXT_VIDEO_ONLY","overlay","mixed_replacement_pending_split","yes_old_new_id_sync","branding_text_replacement;special_exception_text","Needs message-level category split in checklist step 15."
"chrome/app/chromium_strings.grd","IDS_MEMORY_SAVER_DIALOG_BODY","overlay","mixed_replacement_pending_split","yes_old_new_id_sync","branding_text_replacement;special_exception_text","Needs message-level category split in checklist step 15."
"chrome/app/chromium_strings.grd","IDS_MEMORY_SAVER_MODE_PROMO_TITLE","overlay","mixed_replacement_pending_split","yes_old_new_id_sync","branding_text_replacement;special_exception_text","Needs message-level category split in checklist step 15."
"chrome/app/chromium_strings.grd","IDS_MESSAGE_MISSING_AR_CAMERA_PERMISSION_TEXT","overlay","mixed_replacement_pending_split","yes_old_new_id_sync","branding_text_replacement;special_exception_text","Needs message-level category split in checklist step 15."
"chrome/app/chromium_strings.grd","IDS_MESSAGE_MISSING_CAMERA_PERMISSION_TEXT","overlay","mixed_replacement_pending_split","yes_old_new_id_sync","branding_text_replacement;special_exception_text","Needs message-level category split in checklist step 15."
"chrome/app/chromium_strings.grd","IDS_MESSAGE_MISSING_HAND_TRACKING_PERMISSION_TEXT","overlay","mixed_replacement_pending_split","yes_old_new_id_sync","branding_text_replacement;special_exception_text","Needs message-level category split in checklist step 15."
"chrome/app/chromium_strings.grd","IDS_MESSAGE_MISSING_LOCATION_PERMISSION_TEXT","overlay","mixed_replacement_pending_split","yes_old_new_id_sync","branding_text_replacement;special_exception_text","Needs message-level category split in checklist step 15."
"chrome/app/chromium_strings.grd","IDS_MESSAGE_MISSING_MICROPHONE_CAMERA_PERMISSIONS_TEXT","overlay","mixed_replacement_pending_split","yes_old_new_id_sync","branding_text_replacement;special_exception_text","Needs message-level category split in checklist step 15."
"chrome/app/chromium_strings.grd","IDS_MESSAGE_MISSING_MICROPHONE_PERMISSION_TEXT","overlay","mixed_replacement_pending_split","yes_old_new_id_sync","branding_text_replacement;special_exception_text","Needs message-level category split in checklist step 15."
"chrome/app/chromium_strings.grd","IDS_MESSAGE_MISSING_XR_PERMISSION_TEXT","overlay","mixed_replacement_pending_split","yes_old_new_id_sync","branding_text_replacement;special_exception_text","Needs message-level category split in checklist step 15."
"chrome/app/chromium_strings.grd","IDS_MESSAGE_STORAGE_ACCESS_PERMISSION_TEXT","overlay","mixed_replacement_pending_split","yes_old_new_id_sync","branding_text_replacement;special_exception_text","Needs message-level category split in checklist step 15."
"chrome/app/chromium_strings.grd","IDS_MISSING_GOOGLE_API_KEYS","overlay","mixed_replacement_pending_split","yes_old_new_id_sync","branding_text_replacement;special_exception_text","Needs message-level category split in checklist step 15."
"chrome/app/chromium_strings.grd","IDS_MISSING_STORAGE_PERMISSION_DOWNLOAD_EDUCATION_TEXT","overlay","mixed_replacement_pending_split","yes_old_new_id_sync","branding_text_replacement;special_exception_text","Needs message-level category split in checklist step 15."
"chrome/app/chromium_strings.grd","IDS_NO_NETWORK_PRESENT_ERROR","overlay","mixed_replacement_pending_split","yes_old_new_id_sync","branding_text_replacement;special_exception_text","Needs message-level category split in checklist step 15."
"chrome/app/chromium_strings.grd","IDS_NTP_CUSTOMIZE_BUTTON_LABEL","overlay","mixed_replacement_pending_split","yes_old_new_id_sync","branding_text_replacement;special_exception_text","Needs message-level category split in checklist step 15."
"chrome/app/chromium_strings.grd","IDS_NTP_MODULES_SETUP_LIST_TITLE","overlay","mixed_replacement_pending_split","yes_old_new_id_sync","branding_text_replacement;special_exception_text","Needs message-level category split in checklist step 15."
"chrome/app/chromium_strings.grd","IDS_ONE_CLICK_SIGNIN_DIALOG_TITLE_NEW","overlay","mixed_replacement_pending_split","yes_old_new_id_sync","branding_text_replacement;special_exception_text","Needs message-level category split in checklist step 15."
"chrome/app/chromium_strings.grd","IDS_OPEN_IN_CHROME","overlay","mixed_replacement_pending_split","yes_old_new_id_sync","branding_text_replacement;special_exception_text","Needs message-level category split in checklist step 15."
"chrome/app/chromium_strings.grd","IDS_OTHER_CHROME_PROFILES_TITLE","overlay","mixed_replacement_pending_split","yes_old_new_id_sync","branding_text_replacement;special_exception_text","Needs message-level category split in checklist step 15."
"chrome/app/chromium_strings.grd","IDS_PASSWORD_MANAGER_EXPORT_DIALOG_TITLE","overlay","mixed_replacement_pending_split","yes_old_new_id_sync","branding_text_replacement;special_exception_text","Needs message-level category split in checklist step 15."
"chrome/app/chromium_strings.grd","IDS_PASSWORD_MANAGER_IMPORT_DIALOG_TITLE","overlay","mixed_replacement_pending_split","yes_old_new_id_sync","branding_text_replacement;special_exception_text","Needs message-level category split in checklist step 15."
"chrome/app/chromium_strings.grd","IDS_PASSWORD_MANAGER_IPH_BODY_WEB_APP_PROFILE_SWITCH","overlay","mixed_replacement_pending_split","yes_old_new_id_sync","branding_text_replacement;special_exception_text","Needs message-level category split in checklist step 15."
"chrome/app/chromium_strings.grd","IDS_PASSWORD_MANAGER_ONBOARDING_DETAILS_C","overlay","mixed_replacement_pending_split","yes_old_new_id_sync","branding_text_replacement;special_exception_text","Needs message-level category split in checklist step 15."
"chrome/app/chromium_strings.grd","IDS_PASSWORD_MANAGER_TITLE_BRAND","overlay","mixed_replacement_pending_split","yes_old_new_id_sync","branding_text_replacement;special_exception_text","Needs message-level category split in checklist step 15."
"chrome/app/chromium_strings.grd","IDS_PASSWORDS_AUTHENTICATION_PROMPT_PREFIX","overlay","mixed_replacement_pending_split","yes_old_new_id_sync","branding_text_replacement;special_exception_text","Needs message-level category split in checklist step 15."
"chrome/app/chromium_strings.grd","IDS_PASSWORDS_PAGE_AUTHENTICATION_PROMPT","overlay","mixed_replacement_pending_split","yes_old_new_id_sync","branding_text_replacement;special_exception_text","Needs message-level category split in checklist step 15."
"chrome/app/chromium_strings.grd","IDS_PASSWORDS_PAGE_COPY_AUTHENTICATION_PROMPT","overlay","mixed_replacement_pending_split","yes_old_new_id_sync","branding_text_replacement;special_exception_text","Needs message-level category split in checklist step 15."
"chrome/app/chromium_strings.grd","IDS_PASSWORDS_PAGE_DELETE_ALL_DATA_AUTHENTICATION_PROMPT","overlay","mixed_replacement_pending_split","yes_old_new_id_sync","branding_text_replacement;special_exception_text","Needs message-level category split in checklist step 15."
"chrome/app/chromium_strings.grd","IDS_PASSWORDS_PAGE_EDIT_AUTHENTICATION_PROMPT","overlay","mixed_replacement_pending_split","yes_old_new_id_sync","branding_text_replacement;special_exception_text","Needs message-level category split in checklist step 15."
"chrome/app/chromium_strings.grd","IDS_PASSWORDS_PAGE_EXPORT_AUTHENTICATION_PROMPT","overlay","mixed_replacement_pending_split","yes_old_new_id_sync","branding_text_replacement;special_exception_text","Needs message-level category split in checklist step 15."
"chrome/app/chromium_strings.grd","IDS_PASSWORDS_PAGE_IMPORT_AUTHENTICATION_PROMPT","overlay","mixed_replacement_pending_split","yes_old_new_id_sync","branding_text_replacement;special_exception_text","Needs message-level category split in checklist step 15."
"chrome/app/chromium_strings.grd","IDS_PDF_INFOBAR_TEXT","overlay","mixed_replacement_pending_split","yes_old_new_id_sync","branding_text_replacement;special_exception_text","Needs message-level category split in checklist step 15."
"chrome/app/chromium_strings.grd","IDS_PENDING_CHANGE_WARNING","overlay","mixed_replacement_pending_split","yes_old_new_id_sync","branding_text_replacement;special_exception_text","Needs message-level category split in checklist step 15."
"chrome/app/chromium_strings.grd","IDS_PERFORMANCE_INTERVENTION_DIALOG_BODY_SINGULAR_V1","overlay","mixed_replacement_pending_split","yes_old_new_id_sync","branding_text_replacement;special_exception_text","Needs message-level category split in checklist step 15."
"chrome/app/chromium_strings.grd","IDS_PERFORMANCE_INTERVENTION_DIALOG_BODY_V1","overlay","mixed_replacement_pending_split","yes_old_new_id_sync","branding_text_replacement;special_exception_text","Needs message-level category split in checklist step 15."
"chrome/app/chromium_strings.grd","IDS_PERFORMANCE_INTERVENTION_DIALOG_TITLE_UPDATED_V3","overlay","mixed_replacement_pending_split","yes_old_new_id_sync","branding_text_replacement;special_exception_text","Needs message-level category split in checklist step 15."
"chrome/app/chromium_strings.grd","IDS_PIN_INFOBAR_BUTTON","overlay","mixed_replacement_pending_split","yes_old_new_id_sync","branding_text_replacement;special_exception_text","Needs message-level category split in checklist step 15."
"chrome/app/chromium_strings.grd","IDS_PIN_INFOBAR_DOCK_BUTTON","overlay","mixed_replacement_pending_split","yes_old_new_id_sync","branding_text_replacement;special_exception_text","Needs message-level category split in checklist step 15."
"chrome/app/chromium_strings.grd","IDS_PIN_INFOBAR_DOCK_TEXT","overlay","mixed_replacement_pending_split","yes_old_new_id_sync","branding_text_replacement;special_exception_text","Needs message-level category split in checklist step 15."
"chrome/app/chromium_strings.grd","IDS_PIN_INFOBAR_TEXT","overlay","mixed_replacement_pending_split","yes_old_new_id_sync","branding_text_replacement;special_exception_text","Needs message-level category split in checklist step 15."
"chrome/app/chromium_strings.grd","IDS_PREFERENCES_CORRUPT_ERROR","overlay","mixed_replacement_pending_split","yes_old_new_id_sync","branding_text_replacement;special_exception_text","Needs message-level category split in checklist step 15."
"chrome/app/chromium_strings.grd","IDS_PRODUCT_DESCRIPTION","overlay","mixed_replacement_pending_split","yes_old_new_id_sync","branding_text_replacement;special_exception_text","Needs message-level category split in checklist step 15."
"chrome/app/chromium_strings.grd","IDS_PRODUCT_LOGO_ENTERPRISE_ALT_TEXT","overlay","mixed_replacement_pending_split","yes_old_new_id_sync","branding_text_replacement;special_exception_text","Needs message-level category split in checklist step 15."
"chrome/app/chromium_strings.grd","IDS_PRODUCT_NAME","overlay","mixed_replacement_pending_split","yes_old_new_id_sync","branding_text_replacement;special_exception_text","Needs message-level category split in checklist step 15."
"chrome/app/chromium_strings.grd","IDS_PRODUCT_OS_NAME","overlay","mixed_replacement_pending_split","yes_old_new_id_sync","branding_text_replacement;special_exception_text","Needs message-level category split in checklist step 15."
"chrome/app/chromium_strings.grd","IDS_PROFILE_CUSTOMIZATION_TEXT","overlay","mixed_replacement_pending_split","yes_old_new_id_sync","branding_text_replacement;special_exception_text","Needs message-level category split in checklist step 15."
"chrome/app/chromium_strings.grd","IDS_PROFILE_CUSTOMIZATION_TITLE_V2","overlay","mixed_replacement_pending_split","yes_old_new_id_sync","branding_text_replacement;special_exception_text","Needs message-level category split in checklist step 15."
"chrome/app/chromium_strings.grd","IDS_PROFILE_IN_USE_POSIX","overlay","mixed_replacement_pending_split","yes_old_new_id_sync","branding_text_replacement;special_exception_text","Needs message-level category split in checklist step 15."
"chrome/app/chromium_strings.grd","IDS_PROFILE_MENU_ACCOUNT_SETTINGS_BUTTON","overlay","mixed_replacement_pending_split","yes_old_new_id_sync","branding_text_replacement;special_exception_text","Needs message-level category split in checklist step 15."
"chrome/app/chromium_strings.grd","IDS_PROFILE_MENU_ADD_PROFILE","overlay","mixed_replacement_pending_split","yes_old_new_id_sync","branding_text_replacement;special_exception_text","Needs message-level category split in checklist step 15."
"chrome/app/chromium_strings.grd","IDS_PROFILE_MENU_MANAGE_PROFILES","overlay","mixed_replacement_pending_split","yes_old_new_id_sync","branding_text_replacement;special_exception_text","Needs message-level category split in checklist step 15."
"chrome/app/chromium_strings.grd","IDS_PROFILE_MENU_PLACEHOLDER_PROFILE_NAME","overlay","mixed_replacement_pending_split","yes_old_new_id_sync","branding_text_replacement;special_exception_text","Needs message-level category split in checklist step 15."
"chrome/app/chromium_strings.grd","IDS_PROFILE_MENU_PROFILES_LIST_TITLE","overlay","mixed_replacement_pending_split","yes_old_new_id_sync","branding_text_replacement;special_exception_text","Needs message-level category split in checklist step 15."
"chrome/app/chromium_strings.grd","IDS_PROFILE_MENU_SIGN_OUT","overlay","mixed_replacement_pending_split","yes_old_new_id_sync","branding_text_replacement;special_exception_text","Needs message-level category split in checklist step 15."
"chrome/app/chromium_strings.grd","IDS_PROFILE_MENU_SIGN_OUT_WHEN_SIGNIN_PENDING","overlay","mixed_replacement_pending_split","yes_old_new_id_sync","branding_text_replacement;special_exception_text","Needs message-level category split in checklist step 15."
"chrome/app/chromium_strings.grd","IDS_PROFILE_MENU_SIGNIN_PROMO_BUTTON","overlay","mixed_replacement_pending_split","yes_old_new_id_sync","branding_text_replacement;special_exception_text","Needs message-level category split in checklist step 15."
"chrome/app/chromium_strings.grd","IDS_PROFILE_PICKER_ADD_PROFILE_HELPER_GLIC","overlay","mixed_replacement_pending_split","yes_old_new_id_sync","branding_text_replacement;special_exception_text","Needs message-level category split in checklist step 15."
"chrome/app/chromium_strings.grd","IDS_PROFILE_PICKER_FORCE_SIGN_IN_ERROR_DIALOG_NOT_SUPPORTED_BY_GLIC_FLOW_BODY","overlay","mixed_replacement_pending_split","yes_old_new_id_sync","branding_text_replacement;special_exception_text","Needs message-level category split in checklist step 15."
"chrome/app/chromium_strings.grd","IDS_PROFILE_PICKER_IPH_FOR_ADD_PROFILE_TEXT","overlay","mixed_replacement_pending_split","yes_old_new_id_sync","branding_text_replacement;special_exception_text","Needs message-level category split in checklist step 15."
"chrome/app/chromium_strings.grd","IDS_PROFILE_PICKER_IPH_FOR_PROFILES_TEXT","overlay","mixed_replacement_pending_split","yes_old_new_id_sync","branding_text_replacement;special_exception_text","Needs message-level category split in checklist step 15."
"chrome/app/chromium_strings.grd","IDS_PROFILE_PICKER_MAIN_VIEW_SUBTITLE","overlay","mixed_replacement_pending_split","yes_old_new_id_sync","branding_text_replacement;special_exception_text","Needs message-level category split in checklist step 15."
"chrome/app/chromium_strings.grd","IDS_PROFILE_PICKER_MAIN_VIEW_SUBTITLE_GLIC","overlay","mixed_replacement_pending_split","yes_old_new_id_sync","branding_text_replacement;special_exception_text","Needs message-level category split in checklist step 15."
"chrome/app/chromium_strings.grd","IDS_PROFILE_PICKER_MAIN_VIEW_SUBTITLE_GLIC_NO_PROFILE","overlay","mixed_replacement_pending_split","yes_old_new_id_sync","branding_text_replacement;special_exception_text","Needs message-level category split in checklist step 15."
"chrome/app/chromium_strings.grd","IDS_PROFILE_PICKER_MAIN_VIEW_SUBTITLE_GOT_ANOTHER_GOOGLE_ACCOUNT","overlay","mixed_replacement_pending_split","yes_old_new_id_sync","branding_text_replacement;special_exception_text","Needs message-level category split in checklist step 15."
"chrome/app/chromium_strings.grd","IDS_PROFILE_PICKER_MAIN_VIEW_SUBTITLE_KEEP_TASKS_SEPARATE","overlay","mixed_replacement_pending_split","yes_old_new_id_sync","branding_text_replacement;special_exception_text","Needs message-level category split in checklist step 15."
"chrome/app/chromium_strings.grd","IDS_PROFILE_PICKER_MAIN_VIEW_SUBTITLE_KEEP_WORK_AND_LIFE_SEPARATE","overlay","mixed_replacement_pending_split","yes_old_new_id_sync","branding_text_replacement;special_exception_text","Needs message-level category split in checklist step 15."
"chrome/app/chromium_strings.grd","IDS_PROFILE_PICKER_MAIN_VIEW_TITLE","overlay","mixed_replacement_pending_split","yes_old_new_id_sync","branding_text_replacement;special_exception_text","Needs message-level category split in checklist step 15."
"chrome/app/chromium_strings.grd","IDS_PROFILE_PICKER_MAIN_VIEW_TITLE_GLIC","overlay","mixed_replacement_pending_split","yes_old_new_id_sync","branding_text_replacement;special_exception_text","Needs message-level category split in checklist step 15."
"chrome/app/chromium_strings.grd","IDS_PROFILE_PICKER_MAIN_VIEW_TITLE_GLIC_NO_PROFILE","overlay","mixed_replacement_pending_split","yes_old_new_id_sync","branding_text_replacement;special_exception_text","Needs message-level category split in checklist step 15."
"chrome/app/chromium_strings.grd","IDS_PROFILE_PICKER_MAIN_VIEW_TITLE_KEEP_EVERYTHING_IN_CHROME","overlay","mixed_replacement_pending_split","yes_old_new_id_sync","branding_text_replacement;special_exception_text","Needs message-level category split in checklist step 15."
"chrome/app/chromium_strings.grd","IDS_PROFILE_PICKER_MAIN_VIEW_TITLE_V2","overlay","mixed_replacement_pending_split","yes_old_new_id_sync","branding_text_replacement;special_exception_text","Needs message-level category split in checklist step 15."
"chrome/app/chromium_strings.grd","IDS_PROFILE_PICKER_PROFILE_CREATION_FLOW_PROFILE_TYPE_CHOICE_TITLE","overlay","mixed_replacement_pending_split","yes_old_new_id_sync","branding_text_replacement;special_exception_text","Needs message-level category split in checklist step 15."
"chrome/app/chromium_strings.grd","IDS_PROFILE_PICKER_PROFILE_SWITCH_SUBTITLE","overlay","mixed_replacement_pending_split","yes_old_new_id_sync","branding_text_replacement;special_exception_text","Needs message-level category split in checklist step 15."
"chrome/app/chromium_strings.grd","IDS_PROFILE_PICKER_PROFILE_SWITCH_TITLE","overlay","mixed_replacement_pending_split","yes_old_new_id_sync","branding_text_replacement;special_exception_text","Needs message-level category split in checklist step 15."
"chrome/app/chromium_strings.grd","IDS_PROFILE_SWITCH_PROMO","overlay","mixed_replacement_pending_split","yes_old_new_id_sync","branding_text_replacement;special_exception_text","Needs message-level category split in checklist step 15."
"chrome/app/chromium_strings.grd","IDS_PROFILE_SWITCH_PROMO_SCREENREADER","overlay","mixed_replacement_pending_split","yes_old_new_id_sync","branding_text_replacement;special_exception_text","Needs message-level category split in checklist step 15."
"chrome/app/chromium_strings.grd","IDS_PROFILE_TOO_NEW_ERROR","overlay","mixed_replacement_pending_split","yes_old_new_id_sync","branding_text_replacement;special_exception_text","Needs message-level category split in checklist step 15."
"chrome/app/chromium_strings.grd","IDS_PROFILES_DICE_SYNC_PROMO","overlay","mixed_replacement_pending_split","yes_old_new_id_sync","branding_text_replacement;special_exception_text","Needs message-level category split in checklist step 15."
"chrome/app/chromium_strings.grd","IDS_PROMPT_DOWNLOAD_CHANGES_SETTINGS","overlay","mixed_replacement_pending_split","yes_old_new_id_sync","branding_text_replacement;special_exception_text","Needs message-level category split in checklist step 15."
"chrome/app/chromium_strings.grd","IDS_PROMPT_MALICIOUS_DOWNLOAD_CONTENT","overlay","mixed_replacement_pending_split","yes_old_new_id_sync","branding_text_replacement;special_exception_text","Needs message-level category split in checklist step 15."
"chrome/app/chromium_strings.grd","IDS_PROMPT_MALICIOUS_DOWNLOAD_URL","overlay","mixed_replacement_pending_split","yes_old_new_id_sync","branding_text_replacement;special_exception_text","Needs message-level category split in checklist step 15."
"chrome/app/chromium_strings.grd","IDS_QUIT_WITH_APPS_TITLE","overlay","mixed_replacement_pending_split","yes_old_new_id_sync","branding_text_replacement;special_exception_text","Needs message-level category split in checklist step 15."
"chrome/app/chromium_strings.grd","IDS_RECOVERY_BUBBLE_TITLE","overlay","mixed_replacement_pending_split","yes_old_new_id_sync","branding_text_replacement;special_exception_text","Needs message-level category split in checklist step 15."
"chrome/app/chromium_strings.grd","IDS_REINSTALL_APP","overlay","mixed_replacement_pending_split","yes_old_new_id_sync","branding_text_replacement;special_exception_text","Needs message-level category split in checklist step 15."
"chrome/app/chromium_strings.grd","IDS_RELAUNCH_AND_UPDATE","overlay","mixed_replacement_pending_split","yes_old_new_id_sync","branding_text_replacement;special_exception_text","Needs message-level category split in checklist step 15."
"chrome/app/chromium_strings.grd","IDS_RELAUNCH_RECOMMENDED_BODY","overlay","mixed_replacement_pending_split","yes_old_new_id_sync","branding_text_replacement;special_exception_text","Needs message-level category split in checklist step 15."
"chrome/app/chromium_strings.grd","IDS_RELAUNCH_RECOMMENDED_TITLE","overlay","mixed_replacement_pending_split","yes_old_new_id_sync","branding_text_replacement;special_exception_text","Needs message-level category split in checklist step 15."
"chrome/app/chromium_strings.grd","IDS_RELAUNCH_REQUIRED_BODY","overlay","mixed_replacement_pending_split","yes_old_new_id_sync","branding_text_replacement;special_exception_text","Needs message-level category split in checklist step 15."
"chrome/app/chromium_strings.grd","IDS_RELAUNCH_REQUIRED_TITLE_DAYS","overlay","mixed_replacement_pending_split","yes_old_new_id_sync","branding_text_replacement;special_exception_text","Needs message-level category split in checklist step 15."
"chrome/app/chromium_strings.grd","IDS_RELAUNCH_REQUIRED_TITLE_HOURS","overlay","mixed_replacement_pending_split","yes_old_new_id_sync","branding_text_replacement;special_exception_text","Needs message-level category split in checklist step 15."
"chrome/app/chromium_strings.grd","IDS_RELAUNCH_REQUIRED_TITLE_MINUTES","overlay","mixed_replacement_pending_split","yes_old_new_id_sync","branding_text_replacement;special_exception_text","Needs message-level category split in checklist step 15."
"chrome/app/chromium_strings.grd","IDS_RELAUNCH_REQUIRED_TITLE_SECONDS","overlay","mixed_replacement_pending_split","yes_old_new_id_sync","branding_text_replacement;special_exception_text","Needs message-level category split in checklist step 15."
"chrome/app/chromium_strings.grd","IDS_RELAUNCH_TO_UPDATE","overlay","mixed_replacement_pending_split","yes_old_new_id_sync","branding_text_replacement;special_exception_text","Needs message-level category split in checklist step 15."
"chrome/app/chromium_strings.grd","IDS_RESET_PROFILE_SETTINGS_EXPLANATION_IN_BULLET_POINTS","overlay","mixed_replacement_pending_split","yes_old_new_id_sync","branding_text_replacement;special_exception_text","Needs message-level category split in checklist step 15."
"chrome/app/chromium_strings.grd","IDS_RUN_RECOVERY","overlay","mixed_replacement_pending_split","yes_old_new_id_sync","branding_text_replacement;special_exception_text","Needs message-level category split in checklist step 15."
"chrome/app/chromium_strings.grd","IDS_RUNTIME_PERMISSION_OS_REASON_TEXT","overlay","mixed_replacement_pending_split","yes_old_new_id_sync","branding_text_replacement;special_exception_text","Needs message-level category split in checklist step 15."
"chrome/app/chromium_strings.grd","IDS_SAFETY_CHECK_EXTENSIONS_MALWARE","overlay","mixed_replacement_pending_split","yes_old_new_id_sync","branding_text_replacement;special_exception_text","Needs message-level category split in checklist step 15."
"chrome/app/chromium_strings.grd","IDS_SAFETY_CHECK_EXTENSIONS_POLICY_VIOLATION","overlay","mixed_replacement_pending_split","yes_old_new_id_sync","branding_text_replacement;special_exception_text","Needs message-level category split in checklist step 15."
"chrome/app/chromium_strings.grd","IDS_SAFETY_CHECK_EXTENSIONS_UNPUBLISHED","overlay","mixed_replacement_pending_split","yes_old_new_id_sync","branding_text_replacement;special_exception_text","Needs message-level category split in checklist step 15."
"chrome/app/chromium_strings.grd","IDS_SAME_VERSION_REPAIR_FAILED","overlay","mixed_replacement_pending_split","yes_old_new_id_sync","branding_text_replacement;special_exception_text","Needs message-level category split in checklist step 15."
"chrome/app/chromium_strings.grd","IDS_SERIAL_DEVICE_CHOOSER_AUTHORIZE_BLUETOOTH","overlay","mixed_replacement_pending_split","yes_old_new_id_sync","branding_text_replacement;special_exception_text","Needs message-level category split in checklist step 15."
"chrome/app/chromium_strings.grd","IDS_SESSION_CRASHED_VIEW_UMA_OPTIN","overlay","mixed_replacement_pending_split","yes_old_new_id_sync","branding_text_replacement;special_exception_text","Needs message-level category split in checklist step 15."
"chrome/app/chromium_strings.grd","IDS_SESSION_RESTORE_TURN_OFF_RESTORE_FROM_RESTART","overlay","mixed_replacement_pending_split","yes_old_new_id_sync","branding_text_replacement;special_exception_text","Needs message-level category split in checklist step 15."
"chrome/app/chromium_strings.grd","IDS_SESSION_RESTORE_TURN_OFF_RESTORE_FROM_SESSION","overlay","mixed_replacement_pending_split","yes_old_new_id_sync","branding_text_replacement;special_exception_text","Needs message-level category split in checklist step 15."
"chrome/app/chromium_strings.grd","IDS_SESSION_RESTORE_TURN_ON","overlay","mixed_replacement_pending_split","yes_old_new_id_sync","branding_text_replacement;special_exception_text","Needs message-level category split in checklist step 15."
"chrome/app/chromium_strings.grd","IDS_SET_BROWSER_AS_DEFAULT_MENU_ITEM","overlay","mixed_replacement_pending_split","yes_old_new_id_sync","branding_text_replacement;special_exception_text","Needs message-level category split in checklist step 15."
"chrome/app/chromium_strings.grd","IDS_SETTINGS_CLEAR_BROWSING_DATA_SIGNED_IN","overlay","mixed_replacement_pending_split","yes_old_new_id_sync","branding_text_replacement;special_exception_text","Needs message-level category split in checklist step 15."
"chrome/app/chromium_strings.grd","IDS_SETTINGS_GLIC_PAGE_TITLE","overlay","mixed_replacement_pending_split","yes_old_new_id_sync","branding_text_replacement;special_exception_text","Needs message-level category split in checklist step 15."
"chrome/app/chromium_strings.grd","IDS_SETTINGS_GLIC_PERMISSIONS_WEB_ACTUATION_TOGGLE","overlay","mixed_replacement_pending_split","yes_old_new_id_sync","branding_text_replacement;special_exception_text","Needs message-level category split in checklist step 15."
"chrome/app/chromium_strings.grd","IDS_SETTINGS_GLIC_PERMISSIONS_WEB_ACTUATION_TOGGLE_SUBLABEL","overlay","mixed_replacement_pending_split","yes_old_new_id_sync","branding_text_replacement;special_exception_text","Needs message-level category split in checklist step 15."
"chrome/app/chromium_strings.grd","IDS_SETTINGS_GLIC_ROW_LABEL","overlay","mixed_replacement_pending_split","yes_old_new_id_sync","branding_text_replacement;special_exception_text","Needs message-level category split in checklist step 15."
"chrome/app/chromium_strings.grd","IDS_SETTINGS_GLIC_SECTION_TITLE","overlay","mixed_replacement_pending_split","yes_old_new_id_sync","branding_text_replacement;special_exception_text","Needs message-level category split in checklist step 15."
"chrome/app/chromium_strings.grd","IDS_SETTINGS_SECURITY_JAVASCRIPT_OPTIMIZATION_LINK_ROW_DISABLED","overlay","mixed_replacement_pending_split","yes_old_new_id_sync","branding_text_replacement;special_exception_text","Needs message-level category split in checklist step 15."
"chrome/app/chromium_strings.grd","IDS_SETTINGS_SECURITY_JAVASCRIPT_OPTIMIZATION_LINK_ROW_ENABLED","overlay","mixed_replacement_pending_split","yes_old_new_id_sync","branding_text_replacement;special_exception_text","Needs message-level category split in checklist step 15."
"chrome/app/chromium_strings.grd","IDS_SETTINGS_SITE_SETTINGS_JAVASCRIPT_OPTIMIZER_ALLOWED_SUB_LABEL","overlay","mixed_replacement_pending_split","yes_old_new_id_sync","branding_text_replacement;special_exception_text","Needs message-level category split in checklist step 15."
"chrome/app/chromium_strings.grd","IDS_SETTINGS_SITE_SETTINGS_JAVASCRIPT_OPTIMIZER_BLOCKED_SUB_LABEL","overlay","mixed_replacement_pending_split","yes_old_new_id_sync","branding_text_replacement;special_exception_text","Needs message-level category split in checklist step 15."
"chrome/app/chromium_strings.grd","IDS_SETTINGS_SITE_SETTINGS_JAVASCRIPT_OPTIMIZER_DESCRIPTION","overlay","mixed_replacement_pending_split","yes_old_new_id_sync","branding_text_replacement;special_exception_text","Needs message-level category split in checklist step 15."
"chrome/app/chromium_strings.grd","IDS_SHORT_HELPER_NAME","overlay","mixed_replacement_pending_split","yes_old_new_id_sync","branding_text_replacement;special_exception_text","Needs message-level category split in checklist step 15."
"chrome/app/chromium_strings.grd","IDS_SHORT_PRODUCT_NAME","overlay","mixed_replacement_pending_split","yes_old_new_id_sync","branding_text_replacement;special_exception_text","Needs message-level category split in checklist step 15."
"chrome/app/chromium_strings.grd","IDS_SHORT_PRODUCT_OS_NAME","overlay","mixed_replacement_pending_split","yes_old_new_id_sync","branding_text_replacement;special_exception_text","Needs message-level category split in checklist step 15."
"chrome/app/chromium_strings.grd","IDS_SHORTCUT_NAME_BETA","overlay","mixed_replacement_pending_split","yes_old_new_id_sync","branding_text_replacement;special_exception_text","Needs message-level category split in checklist step 15."
"chrome/app/chromium_strings.grd","IDS_SHORTCUT_NAME_DEV","overlay","mixed_replacement_pending_split","yes_old_new_id_sync","branding_text_replacement;special_exception_text","Needs message-level category split in checklist step 15."
"chrome/app/chromium_strings.grd","IDS_SHORTCUT_TOOLTIP","overlay","mixed_replacement_pending_split","yes_old_new_id_sync","branding_text_replacement;special_exception_text","Needs message-level category split in checklist step 15."
"chrome/app/chromium_strings.grd","IDS_SIDE_PANEL_CUSTOMIZE_CHROME_TITLE","overlay","mixed_replacement_pending_split","yes_old_new_id_sync","branding_text_replacement;special_exception_text","Needs message-level category split in checklist step 15."
"chrome/app/chromium_strings.grd","IDS_SIGNIN_DICE_WEB_INTERCEPT_BUBBLE_CHROME_SIGNIN_DECLINE_TEXT","overlay","mixed_replacement_pending_split","yes_old_new_id_sync","branding_text_replacement;special_exception_text","Needs message-level category split in checklist step 15."
"chrome/app/chromium_strings.grd","IDS_SIGNIN_DICE_WEB_INTERCEPT_BUBBLE_CHROME_SIGNIN_IPH_TEXT_SIGNIN_REMINDER","overlay","mixed_replacement_pending_split","yes_old_new_id_sync","branding_text_replacement;special_exception_text","Needs message-level category split in checklist step 15."
"chrome/app/chromium_strings.grd","IDS_SIGNIN_DICE_WEB_INTERCEPT_BUBBLE_CHROME_SIGNIN_IPH_TEXT_SIGNIN_REMINDER_SCREENREADER","overlay","mixed_replacement_pending_split","yes_old_new_id_sync","branding_text_replacement;special_exception_text","Needs message-level category split in checklist step 15."
"chrome/app/chromium_strings.grd","IDS_SIGNIN_DICE_WEB_INTERCEPT_BUBBLE_CHROME_SIGNIN_SUBTITLE","overlay","mixed_replacement_pending_split","yes_old_new_id_sync","branding_text_replacement;special_exception_text","Needs message-level category split in checklist step 15."
"chrome/app/chromium_strings.grd","IDS_SIGNIN_DICE_WEB_INTERCEPT_BUBBLE_CHROME_SIGNIN_SUBTITLE_SUPERVISED","overlay","mixed_replacement_pending_split","yes_old_new_id_sync","branding_text_replacement;special_exception_text","Needs message-level category split in checklist step 15."
"chrome/app/chromium_strings.grd","IDS_SIGNIN_DICE_WEB_INTERCEPT_BUBBLE_CHROME_SIGNIN_SUBTITLE_WITH_BOOKMARKS","overlay","mixed_replacement_pending_split","yes_old_new_id_sync","branding_text_replacement;special_exception_text","Needs message-level category split in checklist step 15."
"chrome/app/chromium_strings.grd","IDS_SIGNIN_DICE_WEB_INTERCEPT_BUBBLE_CHROME_SIGNIN_TITLE","overlay","mixed_replacement_pending_split","yes_old_new_id_sync","branding_text_replacement;special_exception_text","Needs message-level category split in checklist step 15."
"chrome/app/chromium_strings.grd","IDS_SIGNIN_DICE_WEB_INTERCEPT_CONSUMER_BUBBLE_DESC","overlay","mixed_replacement_pending_split","yes_old_new_id_sync","branding_text_replacement;special_exception_text","Needs message-level category split in checklist step 15."
"chrome/app/chromium_strings.grd","IDS_SIGNIN_DICE_WEB_INTERCEPT_CREATE_BUBBLE_DESC","overlay","mixed_replacement_pending_split","yes_old_new_id_sync","branding_text_replacement;special_exception_text","Needs message-level category split in checklist step 15."
"chrome/app/chromium_strings.grd","IDS_SIGNIN_DICE_WEB_INTERCEPT_CREATE_BUBBLE_TITLE_V2","overlay","mixed_replacement_pending_split","yes_old_new_id_sync","branding_text_replacement;special_exception_text","Needs message-level category split in checklist step 15."
"chrome/app/chromium_strings.grd","IDS_SIGNIN_DICE_WEB_INTERCEPT_SWITCH_BUBBLE_DESC_V2","overlay","mixed_replacement_pending_split","yes_old_new_id_sync","branding_text_replacement;special_exception_text","Needs message-level category split in checklist step 15."
"chrome/app/chromium_strings.grd","IDS_SIGNIN_DICE_WEB_INTERCEPT_SWITCH_BUBBLE_DESC_V2_SUPERVISED","overlay","mixed_replacement_pending_split","yes_old_new_id_sync","branding_text_replacement;special_exception_text","Needs message-level category split in checklist step 15."
"chrome/app/chromium_strings.grd","IDS_SIGNIN_DICE_WEB_INTERCEPT_SWITCH_BUBBLE_TITLE","overlay","mixed_replacement_pending_split","yes_old_new_id_sync","branding_text_replacement;special_exception_text","Needs message-level category split in checklist step 15."
"chrome/app/chromium_strings.grd","IDS_SIGNIN_EMAIL_CONFIRMATION_TITLE","overlay","mixed_replacement_pending_split","yes_old_new_id_sync","branding_text_replacement;special_exception_text","Needs message-level category split in checklist step 15."
"chrome/app/chromium_strings.grd","IDS_SIGNIN_ERROR_SECONDARY_ACCOUNT_DISPLAY_SOURCE","overlay","mixed_replacement_pending_split","yes_old_new_id_sync","branding_text_replacement;special_exception_text","Needs message-level category split in checklist step 15."
"chrome/app/chromium_strings.grd","IDS_SIGNOUT_DICE_WEB_INTERCEPT_BUBBLE_CHROME_SIGNOUT_IPH_TEXT","overlay","mixed_replacement_pending_split","yes_old_new_id_sync","branding_text_replacement;special_exception_text","Needs message-level category split in checklist step 15."
"chrome/app/chromium_strings.grd","IDS_SIGNOUT_DICE_WEB_INTERCEPT_BUBBLE_CHROME_SIGNOUT_IPH_TEXT_SCREENREADER","overlay","mixed_replacement_pending_split","yes_old_new_id_sync","branding_text_replacement;special_exception_text","Needs message-level category split in checklist step 15."
"chrome/app/chromium_strings.grd","IDS_STATUS_TRAY_KEEP_CHROME_RUNNING_IN_BACKGROUND","overlay","mixed_replacement_pending_split","yes_old_new_id_sync","branding_text_replacement;special_exception_text","Needs message-level category split in checklist step 15."
"chrome/app/chromium_strings.grd","IDS_STATUS_TRAY_KEEP_CHROME_RUNNING_IN_BACKGROUND_SETTING","overlay","mixed_replacement_pending_split","yes_old_new_id_sync","branding_text_replacement;special_exception_text","Needs message-level category split in checklist step 15."
"chrome/app/chromium_strings.grd","IDS_SXS_SHORTCUT_NAME","overlay","mixed_replacement_pending_split","yes_old_new_id_sync","branding_text_replacement;special_exception_text","Needs message-level category split in checklist step 15."
"chrome/app/chromium_strings.grd","IDS_SYNC_ERROR_PASSPHRASE_USER_MENU_ERROR_DESCRIPTION","overlay","mixed_replacement_pending_split","yes_old_new_id_sync","branding_text_replacement;special_exception_text","Needs message-level category split in checklist step 15."
"chrome/app/chromium_strings.grd","IDS_SYNC_ERROR_TRUSTED_VAULT_USER_MENU_ERROR_DESCRIPTION","overlay","mixed_replacement_pending_split","yes_old_new_id_sync","branding_text_replacement;special_exception_text","Needs message-level category split in checklist step 15."
"chrome/app/chromium_strings.grd","IDS_SYNC_ERROR_UPGRADE_CLIENT_USER_MENU_ERROR_DESCRIPTION","overlay","mixed_replacement_pending_split","yes_old_new_id_sync","branding_text_replacement;special_exception_text","Needs message-level category split in checklist step 15."
"chrome/app/chromium_strings.grd","IDS_SYNC_ERROR_UPGRADE_CLIENT_USER_MENU_TITLE","overlay","mixed_replacement_pending_split","yes_old_new_id_sync","branding_text_replacement;special_exception_text","Needs message-level category split in checklist step 15."
"chrome/app/chromium_strings.grd","IDS_SYNC_ERROR_USER_MENU_UPGRADE_BUTTON","overlay","mixed_replacement_pending_split","yes_old_new_id_sync","branding_text_replacement;special_exception_text","Needs message-level category split in checklist step 15."
"chrome/app/chromium_strings.grd","IDS_SYNC_OTHER_SIGN_IN_ERROR_BUBBLE_VIEW_MESSAGE","overlay","mixed_replacement_pending_split","yes_old_new_id_sync","branding_text_replacement;special_exception_text","Needs message-level category split in checklist step 15."
"chrome/app/chromium_strings.grd","IDS_SYNC_PASSPHRASE_DIALOG_BODY","overlay","mixed_replacement_pending_split","yes_old_new_id_sync","branding_text_replacement;special_exception_text","Needs message-level category split in checklist step 15."
"chrome/app/chromium_strings.grd","IDS_SYNC_PASSPHRASE_DIALOG_FOOTER","overlay","mixed_replacement_pending_split","yes_old_new_id_sync","branding_text_replacement;special_exception_text","Needs message-level category split in checklist step 15."
"chrome/app/chromium_strings.grd","IDS_SYNC_PASSPHRASE_DIALOG_FOOTER_LINK_ACC","overlay","mixed_replacement_pending_split","yes_old_new_id_sync","branding_text_replacement;special_exception_text","Needs message-level category split in checklist step 15."
"chrome/app/chromium_strings.grd","IDS_SYNC_SIGN_IN_ERROR_BUBBLE_VIEW_MESSAGE","overlay","mixed_replacement_pending_split","yes_old_new_id_sync","branding_text_replacement;special_exception_text","Needs message-level category split in checklist step 15."
"chrome/app/chromium_strings.grd","IDS_SYNC_UNAVAILABLE_ERROR_BUBBLE_VIEW_MESSAGE","overlay","mixed_replacement_pending_split","yes_old_new_id_sync","branding_text_replacement;special_exception_text","Needs message-level category split in checklist step 15."
"chrome/app/chromium_strings.grd","IDS_SYNC_UPGRADE_CLIENT","overlay","mixed_replacement_pending_split","yes_old_new_id_sync","branding_text_replacement;special_exception_text","Needs message-level category split in checklist step 15."
"chrome/app/chromium_strings.grd","IDS_SYNC_UPGRADE_CLIENT_BUTTON","overlay","mixed_replacement_pending_split","yes_old_new_id_sync","branding_text_replacement;special_exception_text","Needs message-level category split in checklist step 15."
"chrome/app/chromium_strings.grd","IDS_SYNC_USED_PROFILE_ERROR","overlay","mixed_replacement_pending_split","yes_old_new_id_sync","branding_text_replacement;special_exception_text","Needs message-level category split in checklist step 15."
"chrome/app/chromium_strings.grd","IDS_SYNC_WRONG_EMAIL","overlay","mixed_replacement_pending_split","yes_old_new_id_sync","branding_text_replacement;special_exception_text","Needs message-level category split in checklist step 15."
"chrome/app/chromium_strings.grd","IDS_TAILORED_SECURITY_UNCONSENTED_PROMOTION_MESSAGE_TITLE","overlay","mixed_replacement_pending_split","yes_old_new_id_sync","branding_text_replacement;special_exception_text","Needs message-level category split in checklist step 15."
"chrome/app/chromium_strings.grd","IDS_TAILORED_SECURITY_UNCONSENTED_PROMOTION_NOTIFICATION_TITLE","overlay","mixed_replacement_pending_split","yes_old_new_id_sync","branding_text_replacement;special_exception_text","Needs message-level category split in checklist step 15."
"chrome/app/chromium_strings.grd","IDS_TASK_MANAGER_CATEGORY_ALL_NAME","overlay","mixed_replacement_pending_split","yes_old_new_id_sync","branding_text_replacement;special_exception_text","Needs message-level category split in checklist step 15."
"chrome/app/chromium_strings.grd","IDS_TASK_MANAGER_CATEGORY_SYSTEM_NAME","overlay","mixed_replacement_pending_split","yes_old_new_id_sync","branding_text_replacement;special_exception_text","Needs message-level category split in checklist step 15."
"chrome/app/chromium_strings.grd","IDS_TASK_MANAGER_TITLE","overlay","mixed_replacement_pending_split","yes_old_new_id_sync","branding_text_replacement;special_exception_text","Needs message-level category split in checklist step 15."
"chrome/app/chromium_strings.grd","IDS_TERMS_OF_SERVICE_SCREEN_SUBHEADING","overlay","mixed_replacement_pending_split","yes_old_new_id_sync","branding_text_replacement;special_exception_text","Needs message-level category split in checklist step 15."
"chrome/app/chromium_strings.grd","IDS_TEXT_RESTART_ALL_BROWSERS","overlay","mixed_replacement_pending_split","yes_old_new_id_sync","branding_text_replacement;special_exception_text","Needs message-level category split in checklist step 15."
"chrome/app/chromium_strings.grd","IDS_TEXT_RESTART_BROWSER","overlay","mixed_replacement_pending_split","yes_old_new_id_sync","branding_text_replacement;special_exception_text","Needs message-level category split in checklist step 15."
"chrome/app/chromium_strings.grd","IDS_TEXT_RESTART_COMPUTER","overlay","mixed_replacement_pending_split","yes_old_new_id_sync","branding_text_replacement;special_exception_text","Needs message-level category split in checklist step 15."
"chrome/app/chromium_strings.grd","IDS_TRACING_SERVICE_DESCRIPTION","overlay","mixed_replacement_pending_split","yes_old_new_id_sync","branding_text_replacement;special_exception_text","Needs message-level category split in checklist step 15."
"chrome/app/chromium_strings.grd","IDS_TUTORIAL_PASSWORD_MANAGER_OPEN_APP_MENU","overlay","mixed_replacement_pending_split","yes_old_new_id_sync","branding_text_replacement;special_exception_text","Needs message-level category split in checklist step 15."
"chrome/app/chromium_strings.grd","IDS_UNINSTALL_CHROME","overlay","mixed_replacement_pending_split","yes_old_new_id_sync","branding_text_replacement;special_exception_text","Needs message-level category split in checklist step 15."
"chrome/app/chromium_strings.grd","IDS_UNINSTALL_CLOSE_APP","overlay","mixed_replacement_pending_split","yes_old_new_id_sync","branding_text_replacement;special_exception_text","Needs message-level category split in checklist step 15."
"chrome/app/chromium_strings.grd","IDS_UNINSTALL_VERIFY","overlay","mixed_replacement_pending_split","yes_old_new_id_sync","branding_text_replacement;special_exception_text","Needs message-level category split in checklist step 15."
"chrome/app/chromium_strings.grd","IDS_UPDATE_RECOMMENDED","overlay","mixed_replacement_pending_split","yes_old_new_id_sync","branding_text_replacement;special_exception_text","Needs message-level category split in checklist step 15."
"chrome/app/chromium_strings.grd","IDS_UPDATE_RECOMMENDED_ALT","overlay","mixed_replacement_pending_split","yes_old_new_id_sync","branding_text_replacement;special_exception_text","Needs message-level category split in checklist step 15."
"chrome/app/chromium_strings.grd","IDS_UPDATE_RECOMMENDED_DIALOG_TITLE","overlay","mixed_replacement_pending_split","yes_old_new_id_sync","branding_text_replacement;special_exception_text","Needs message-level category split in checklist step 15."
"chrome/app/chromium_strings.grd","IDS_UPDATE_RECOMMENDED_DIALOG_TITLE_ALT","overlay","mixed_replacement_pending_split","yes_old_new_id_sync","branding_text_replacement;special_exception_text","Needs message-level category split in checklist step 15."
"chrome/app/chromium_strings.grd","IDS_UPDATER_SERVICE_DESCRIPTION","overlay","mixed_replacement_pending_split","yes_old_new_id_sync","branding_text_replacement;special_exception_text","Needs message-level category split in checklist step 15."
"chrome/app/chromium_strings.grd","IDS_UPDATER_SERVICE_DISPLAY_NAME","overlay","mixed_replacement_pending_split","yes_old_new_id_sync","branding_text_replacement;special_exception_text","Needs message-level category split in checklist step 15."
"chrome/app/chromium_strings.grd","IDS_UPGRADE_BUBBLE_MENU_ITEM","overlay","mixed_replacement_pending_split","yes_old_new_id_sync","branding_text_replacement;special_exception_text","Needs message-level category split in checklist step 15."
"chrome/app/chromium_strings.grd","IDS_UPGRADE_BUBBLE_TEXT","overlay","mixed_replacement_pending_split","yes_old_new_id_sync","branding_text_replacement;special_exception_text","Needs message-level category split in checklist step 15."
"chrome/app/chromium_strings.grd","IDS_UPGRADE_BUBBLE_TITLE","overlay","mixed_replacement_pending_split","yes_old_new_id_sync","branding_text_replacement;special_exception_text","Needs message-level category split in checklist step 15."
"chrome/app/chromium_strings.grd","IDS_USER_MANAGER_TUTORIAL_SLIDE_FRIENDS_TEXT","overlay","mixed_replacement_pending_split","yes_old_new_id_sync","branding_text_replacement;special_exception_text","Needs message-level category split in checklist step 15."
"chrome/app/chromium_strings.grd","IDS_USER_MANAGER_TUTORIAL_SLIDE_GUEST_TEXT","overlay","mixed_replacement_pending_split","yes_old_new_id_sync","branding_text_replacement;special_exception_text","Needs message-level category split in checklist step 15."
"chrome/app/chromium_strings.grd","IDS_USER_MANAGER_TUTORIAL_SLIDE_INTRO_TEXT","overlay","mixed_replacement_pending_split","yes_old_new_id_sync","branding_text_replacement;special_exception_text","Needs message-level category split in checklist step 15."
"chrome/app/chromium_strings.grd","IDS_USER_MANAGER_TUTORIAL_SLIDE_INTRO_TITLE","overlay","mixed_replacement_pending_split","yes_old_new_id_sync","branding_text_replacement;special_exception_text","Needs message-level category split in checklist step 15."
"chrome/app/chromium_strings.grd","IDS_USER_MANAGER_TUTORIAL_SLIDE_OUTRO_ADD_USER","overlay","mixed_replacement_pending_split","yes_old_new_id_sync","branding_text_replacement;special_exception_text","Needs message-level category split in checklist step 15."
"chrome/app/chromium_strings.grd","IDS_USER_MANAGER_TUTORIAL_SLIDE_OUTRO_TEXT","overlay","mixed_replacement_pending_split","yes_old_new_id_sync","branding_text_replacement;special_exception_text","Needs message-level category split in checklist step 15."
"chrome/app/chromium_strings.grd","IDS_USER_MANAGER_TUTORIAL_SLIDE_YOUR_CHROME_TEXT","overlay","mixed_replacement_pending_split","yes_old_new_id_sync","branding_text_replacement;special_exception_text","Needs message-level category split in checklist step 15."
"chrome/app/chromium_strings.grd","IDS_USER_MANAGER_TUTORIAL_SLIDE_YOUR_CHROME_TITLE","overlay","mixed_replacement_pending_split","yes_old_new_id_sync","branding_text_replacement;special_exception_text","Needs message-level category split in checklist step 15."
"chrome/app/chromium_strings.grd","IDS_WEBHID_SYSTEM_TRAY_ICON_TITLE","overlay","mixed_replacement_pending_split","yes_old_new_id_sync","branding_text_replacement;special_exception_text","Needs message-level category split in checklist step 15."
"chrome/app/chromium_strings.grd","IDS_WEBSTORE_APP_DESCRIPTION","overlay","mixed_replacement_pending_split","yes_old_new_id_sync","branding_text_replacement;special_exception_text","Needs message-level category split in checklist step 15."
"chrome/app/chromium_strings.grd","IDS_WEBUSB_SYSTEM_TRAY_ICON_TITLE","overlay","mixed_replacement_pending_split","yes_old_new_id_sync","branding_text_replacement;special_exception_text","Needs message-level category split in checklist step 15."
"chrome/app/chromium_strings.grd","IDS_WELCOME_TO_CHROME","overlay","mixed_replacement_pending_split","yes_old_new_id_sync","branding_text_replacement;special_exception_text","Needs message-level category split in checklist step 15."
"chrome/app/chromium_strings.grd","IDS_WIN_7_OBSOLETE","overlay","mixed_replacement_pending_split","yes_old_new_id_sync","branding_text_replacement;special_exception_text","Needs message-level category split in checklist step 15."
"chrome/app/chromium_strings.grd","IDS_WIN_8_1_OBSOLETE","overlay","mixed_replacement_pending_split","yes_old_new_id_sync","branding_text_replacement;special_exception_text","Needs message-level category split in checklist step 15."
"chrome/app/chromium_strings.grd","IDS_WIN_8_OBSOLETE","overlay","mixed_replacement_pending_split","yes_old_new_id_sync","branding_text_replacement;special_exception_text","Needs message-level category split in checklist step 15."
"chrome/app/chromium_strings.grd","IDS_WIN_NOTIFICATION_SETTINGS_CONTEXT_MENU_ITEM_NAME","overlay","mixed_replacement_pending_split","yes_old_new_id_sync","branding_text_replacement;special_exception_text","Needs message-level category split in checklist step 15."
"chrome/app/chromium_strings.grd","IDS_WIN_XP_VISTA_OBSOLETE","overlay","mixed_replacement_pending_split","yes_old_new_id_sync","branding_text_replacement;special_exception_text","Needs message-level category split in checklist step 15."
"chrome/app/generated_resources.grd","IDS_ABANDON_DOWNLOAD_DIALOG_EXIT_BUTTON","overlay","mixed_replacement_pending_split","yes_old_new_id_sync","branding_text_replacement;special_text_replacement;added_part","Needs message-level category split in checklist step 15."
"chrome/app/generated_resources.grd","IDS_ABANDON_DOWNLOAD_DIALOG_GUEST_MESSAGE","overlay","mixed_replacement_pending_split","yes_old_new_id_sync","branding_text_replacement;special_text_replacement;added_part","Needs message-level category split in checklist step 15."
"chrome/app/generated_resources.grd","IDS_ABANDON_DOWNLOAD_DIALOG_INCOGNITO_MESSAGE","overlay","mixed_replacement_pending_split","yes_old_new_id_sync","branding_text_replacement;special_text_replacement;added_part","Needs message-level category split in checklist step 15."
"chrome/app/generated_resources.grd","IDS_ABOUT_BROWSER_SWITCH_INTERNALS_OPEN_BROWSER_DEFAULT_REASON","overlay","mixed_replacement_pending_split","yes_old_new_id_sync","branding_text_replacement;special_text_replacement;added_part","Needs message-level category split in checklist step 15."
"chrome/app/generated_resources.grd","IDS_ABOUT_LINUX_PROXY_CONFIG_BODY","overlay","mixed_replacement_pending_split","yes_old_new_id_sync","branding_text_replacement;special_text_replacement;added_part","Needs message-level category split in checklist step 15."
"chrome/app/generated_resources.grd","IDS_ABOUT_MAC","overlay","mixed_replacement_pending_split","yes_old_new_id_sync","branding_text_replacement;special_text_replacement;added_part","Needs message-level category split in checklist step 15."
"chrome/app/generated_resources.grd","IDS_ACCESSIBLE_TEXT_CHROMELABS_BUTTON_ADDED_BY_ENTERPRISE_POLICY","overlay","mixed_replacement_pending_split","yes_old_new_id_sync","branding_text_replacement;special_text_replacement;added_part","Needs message-level category split in checklist step 15."
"chrome/app/generated_resources.grd","IDS_ACCESSIBLE_TEXT_CHROMELABS_BUTTON_REMOVED_BY_ENTERPRISE_POLICY","overlay","mixed_replacement_pending_split","yes_old_new_id_sync","branding_text_replacement;special_text_replacement;added_part","Needs message-level category split in checklist step 15."
"chrome/app/generated_resources.grd","IDS_ACCESSIBLE_WINDOW_TITLE_WITH_PROFILE_FORMAT","overlay","mixed_replacement_pending_split","yes_old_new_id_sync","branding_text_replacement;special_text_replacement;added_part","Needs message-level category split in checklist step 15."
"chrome/app/generated_resources.grd","IDS_ACCNAME_APP_UPGRADE_RECOMMENDED","overlay","mixed_replacement_pending_split","yes_old_new_id_sync","branding_text_replacement;special_text_replacement;added_part","Needs message-level category split in checklist step 15."
"chrome/app/generated_resources.grd","IDS_ACCNAME_CHROMELABS_BUTTON","overlay","mixed_replacement_pending_split","yes_old_new_id_sync","branding_text_replacement;special_text_replacement;added_part","Needs message-level category split in checklist step 15."
"chrome/app/generated_resources.grd","IDS_ACCNAME_DOWNLOADS_BAR","overlay","overlay_added_message","yes_added_message","branding_text_replacement;special_text_replacement;added_part",""
"chrome/app/generated_resources.grd","IDS_ACCOUNT_CHOOSER_SUBTITLE","overlay","mixed_replacement_pending_split","yes_old_new_id_sync","branding_text_replacement;special_text_replacement;added_part","Needs message-level category split in checklist step 15."
"chrome/app/generated_resources.grd","IDS_APP_HOME_REMOVE_APP","overlay","mixed_replacement_pending_split","yes_old_new_id_sync","branding_text_replacement;special_text_replacement;added_part","Needs message-level category split in checklist step 15."
"chrome/app/generated_resources.grd","IDS_APP_LIST_CONTEXT_MENU_REORDER_BY_COLOR","overlay","mixed_replacement_pending_split","yes_old_new_id_sync","branding_text_replacement;special_text_replacement;added_part","Needs message-level category split in checklist step 15."
"chrome/app/generated_resources.grd","IDS_APP_LIST_CONTEXT_MENU_REORDER_BY_NAME","overlay","mixed_replacement_pending_split","yes_old_new_id_sync","branding_text_replacement;special_text_replacement;added_part","Needs message-level category split in checklist step 15."
"chrome/app/generated_resources.grd","IDS_APP_LIST_CONTEXT_MENU_REORDER_TITLE","overlay","mixed_replacement_pending_split","yes_old_new_id_sync","branding_text_replacement;special_text_replacement;added_part","Needs message-level category split in checklist step 15."
"chrome/app/generated_resources.grd","IDS_APP_LOCAL_BLOCK_PROMPT_MULTIPLE_TITLE","overlay","mixed_replacement_pending_split","yes_old_new_id_sync","branding_text_replacement;special_text_replacement;added_part","Needs message-level category split in checklist step 15."
"chrome/app/generated_resources.grd","IDS_APP_LOCAL_BLOCK_PROMPT_TITLE","overlay","mixed_replacement_pending_split","yes_old_new_id_sync","branding_text_replacement;special_text_replacement;added_part","Needs message-level category split in checklist step 15."
"chrome/app/generated_resources.grd","IDS_APP_MENU_BUTTON_UPDATE_ALT3","overlay","mixed_replacement_pending_split","yes_old_new_id_sync","branding_text_replacement;special_text_replacement;added_part","Needs message-level category split in checklist step 15."
"chrome/app/generated_resources.grd","IDS_APP_PAUSE_HEADING_FOR_WEB_APPS","overlay","mixed_replacement_pending_split","yes_old_new_id_sync","branding_text_replacement;special_text_replacement;added_part","Needs message-level category split in checklist step 15."
"chrome/app/generated_resources.grd","IDS_APP_UNINSTALL_PROMPT_TITLE","overlay","mixed_replacement_pending_split","yes_old_new_id_sync","branding_text_replacement;special_text_replacement;added_part","Needs message-level category split in checklist step 15."
"chrome/app/generated_resources.grd","IDS_ARC_APP_UNINSTALL_PROMPT_DATA_REMOVAL_WARNING","overlay","mixed_replacement_pending_split","yes_old_new_id_sync","branding_text_replacement;special_text_replacement;added_part","Needs message-level category split in checklist step 15."
"chrome/app/generated_resources.grd","IDS_AUTO_SIGNIN_FIRST_RUN_TEXT","overlay","mixed_replacement_pending_split","yes_old_new_id_sync","branding_text_replacement;special_text_replacement;added_part","Needs message-level category split in checklist step 15."
"chrome/app/generated_resources.grd","IDS_AUTO_SIGNIN_FIRST_RUN_TITLE_LOCAL_DEVICE","overlay","mixed_replacement_pending_split","yes_old_new_id_sync","branding_text_replacement;special_text_replacement;added_part","Needs message-level category split in checklist step 15."
"chrome/app/generated_resources.grd","IDS_AUTO_SIGNIN_FIRST_RUN_TITLE_MANY_DEVICES","overlay","mixed_replacement_pending_split","yes_old_new_id_sync","branding_text_replacement;special_text_replacement;added_part","Needs message-level category split in checklist step 15."
"chrome/app/generated_resources.grd","IDS_BACKGROUND_APP_INSTALLED_BALLOON_BODY","overlay","mixed_replacement_pending_split","yes_old_new_id_sync","branding_text_replacement;special_text_replacement;added_part","Needs message-level category split in checklist step 15."
"chrome/app/generated_resources.grd","IDS_BETA_FORUM","overlay","mixed_replacement_pending_split","yes_old_new_id_sync","branding_text_replacement;special_text_replacement;added_part","Needs message-level category split in checklist step 15."
"chrome/app/generated_resources.grd","IDS_BLOCKED_ADS_PROMPT_TOOLTIP","overlay","mixed_replacement_pending_split","yes_old_new_id_sync","branding_text_replacement;special_text_replacement;added_part","Needs message-level category split in checklist step 15."
"chrome/app/generated_resources.grd","IDS_BLOCKED_DISPLAYING_INSECURE_CONTENT","overlay","mixed_replacement_pending_split","yes_old_new_id_sync","branding_text_replacement;special_text_replacement;added_part","Needs message-level category split in checklist step 15."
"chrome/app/generated_resources.grd","IDS_BLOCKED_DISPLAYING_INSECURE_CONTENT_TITLE","overlay","mixed_replacement_pending_split","yes_old_new_id_sync","branding_text_replacement;special_text_replacement;added_part","Needs message-level category split in checklist step 15."
"chrome/app/generated_resources.grd","IDS_CAMERA_CANNOT_ACCESS","overlay","mixed_replacement_pending_split","yes_old_new_id_sync","branding_text_replacement;special_text_replacement;added_part","Needs message-level category split in checklist step 15."
"chrome/app/generated_resources.grd","IDS_CAMERA_MICROPHONE_CANNOT_ACCESS","overlay","mixed_replacement_pending_split","yes_old_new_id_sync","branding_text_replacement;special_text_replacement;added_part","Needs message-level category split in checklist step 15."
"chrome/app/generated_resources.grd","IDS_CHROME_FOR_TESTING_DISCLAIMER","overlay","mixed_replacement_pending_split","yes_old_new_id_sync","branding_text_replacement;special_text_replacement;added_part","Needs message-level category split in checklist step 15."
"chrome/app/generated_resources.grd","IDS_CHROME_NO_LONGER_SHOW_WARNINGS_NOTIFICATION_BODY","overlay","mixed_replacement_pending_split","yes_old_new_id_sync","branding_text_replacement;special_text_replacement;added_part","Needs message-level category split in checklist step 15."
"chrome/app/generated_resources.grd","IDS_CHROME_NO_LONGER_SHOW_WARNINGS_NOTIFICATION_BODY_NEW","overlay","mixed_replacement_pending_split","yes_old_new_id_sync","branding_text_replacement;special_text_replacement;added_part","Needs message-level category split in checklist step 15."
"chrome/app/generated_resources.grd","IDS_CHROME_NO_LONGER_SHOW_WARNINGS_NOTIFICATION_TITLE","overlay","mixed_replacement_pending_split","yes_old_new_id_sync","branding_text_replacement;special_text_replacement;added_part","Needs message-level category split in checklist step 15."
"chrome/app/generated_resources.grd","IDS_CHROME_NO_LONGER_SHOW_WARNINGS_NOTIFICATION_TITLE_NEW","overlay","mixed_replacement_pending_split","yes_old_new_id_sync","branding_text_replacement;special_text_replacement;added_part","Needs message-level category split in checklist step 15."
"chrome/app/generated_resources.grd","IDS_CHROME_SHORTCUT_DESCRIPTION","overlay","mixed_replacement_pending_split","yes_old_new_id_sync","branding_text_replacement;special_text_replacement;added_part","Needs message-level category split in checklist step 15."
"chrome/app/generated_resources.grd","IDS_CHROME_SIGNOUT_CONFIRMATION_PROMPT_DELETE_AND_SIGNOUT_BUTTON","overlay","mixed_replacement_pending_split","yes_old_new_id_sync","branding_text_replacement;special_text_replacement;added_part","Needs message-level category split in checklist step 15."
"chrome/app/generated_resources.grd","IDS_CHROME_SIGNOUT_CONFIRMATION_PROMPT_TITLE","overlay","mixed_replacement_pending_split","yes_old_new_id_sync","branding_text_replacement;special_text_replacement;added_part","Needs message-level category split in checklist step 15."
"chrome/app/generated_resources.grd","IDS_CHROME_TIP","overlay","mixed_replacement_pending_split","yes_old_new_id_sync","branding_text_replacement;special_text_replacement;added_part","Needs message-level category split in checklist step 15."
"chrome/app/generated_resources.grd","IDS_CHROME_WHATS_NEW","overlay","mixed_replacement_pending_split","yes_old_new_id_sync","branding_text_replacement;special_text_replacement;added_part","Needs message-level category split in checklist step 15."
"chrome/app/generated_resources.grd","IDS_CHROMELABS","overlay","mixed_replacement_pending_split","yes_old_new_id_sync","branding_text_replacement;special_text_replacement;added_part","Needs message-level category split in checklist step 15."
"chrome/app/generated_resources.grd","IDS_CHROMELABS_RELAUNCH_BUTTON_LABEL","overlay","mixed_replacement_pending_split","yes_old_new_id_sync","branding_text_replacement;special_text_replacement;added_part","Needs message-level category split in checklist step 15."
"chrome/app/generated_resources.grd","IDS_CHROMELABS_SEND_FEEDBACK","overlay","mixed_replacement_pending_split","yes_old_new_id_sync","branding_text_replacement;special_text_replacement;added_part","Needs message-level category split in checklist step 15."
"chrome/app/generated_resources.grd","IDS_CLEAR_BROWSING_DATA_HISTORY_NOTICE","overlay","mixed_replacement_pending_split","yes_old_new_id_sync","branding_text_replacement;special_text_replacement;added_part","Needs message-level category split in checklist step 15."
"chrome/app/generated_resources.grd","IDS_CLEAR_BROWSING_DATA_HISTORY_NOTICE_OK","overlay","mixed_replacement_pending_split","yes_old_new_id_sync","branding_text_replacement;special_text_replacement;added_part","Needs message-level category split in checklist step 15."
"chrome/app/generated_resources.grd","IDS_CLEAR_BROWSING_DATA_HISTORY_NOTICE_TITLE","overlay","mixed_replacement_pending_split","yes_old_new_id_sync","branding_text_replacement;special_text_replacement;added_part","Needs message-level category split in checklist step 15."
"chrome/app/generated_resources.grd","IDS_CONTENT_CONTEXT_ACCESSIBILITY_LABELS_DIALOG_TITLE","overlay","mixed_replacement_pending_split","yes_old_new_id_sync","branding_text_replacement;special_text_replacement;added_part","Needs message-level category split in checklist step 15."
"chrome/app/generated_resources.grd","IDS_CONTENT_CONTEXT_ACCESSIBILITY_LABELS_MENU_OPTION","overlay","mixed_replacement_pending_split","yes_old_new_id_sync","branding_text_replacement;special_text_replacement;added_part","Needs message-level category split in checklist step 15."
"chrome/app/generated_resources.grd","IDS_CONTENT_CONTEXT_ACCESSIBILITY_LABELS_SEND","overlay","mixed_replacement_pending_split","yes_old_new_id_sync","branding_text_replacement;special_text_replacement;added_part","Needs message-level category split in checklist step 15."
"chrome/app/generated_resources.grd","IDS_CONTENT_CONTEXT_ACCESSIBILITY_LABELS_SEND_ONCE","overlay","mixed_replacement_pending_split","yes_old_new_id_sync","branding_text_replacement;special_text_replacement;added_part","Needs message-level category split in checklist step 15."
"chrome/app/generated_resources.grd","IDS_CONTENT_CONTEXT_SPELLING_ASK_GOOGLE","overlay","mixed_replacement_pending_split","yes_old_new_id_sync","branding_text_replacement;special_text_replacement;added_part","Needs message-level category split in checklist step 15."
"chrome/app/generated_resources.grd","IDS_CONTROLLED_BY_AUTOMATION","overlay","mixed_replacement_pending_split","yes_old_new_id_sync","branding_text_replacement;special_text_replacement;added_part","Needs message-level category split in checklist step 15."
"chrome/app/generated_resources.grd","IDS_COOKIE_CONTROLS_BUBBLE_SEND_FEEDBACK_BUTTON_DESCRIPTION","overlay","mixed_replacement_pending_split","yes_old_new_id_sync","branding_text_replacement;special_text_replacement;added_part","Needs message-level category split in checklist step 15."
"chrome/app/generated_resources.grd","IDS_COPY_URL","overlay","mixed_replacement_pending_split","yes_old_new_id_sync","branding_text_replacement;special_text_replacement;added_part","Needs message-level category split in checklist step 15."
"chrome/app/generated_resources.grd","IDS_COULDNT_STARTUP_PROFILE_ERROR","overlay","mixed_replacement_pending_split","yes_old_new_id_sync","branding_text_replacement;special_text_replacement;added_part","Needs message-level category split in checklist step 15."
"chrome/app/generated_resources.grd","IDS_CRITICAL_NOTIFICATION_RESTART","overlay","mixed_replacement_pending_split","yes_old_new_id_sync","branding_text_replacement;special_text_replacement;added_part","Needs message-level category split in checklist step 15."
"chrome/app/generated_resources.grd","IDS_DATA_SHARING_ORGANIZATION_DISALLOW_SIGN_IN_BODY","overlay","mixed_replacement_pending_split","yes_old_new_id_sync","branding_text_replacement;special_text_replacement;added_part","Needs message-level category split in checklist step 15."
"chrome/app/generated_resources.grd","IDS_DATA_SHARING_SETTINGS","overlay","mixed_replacement_pending_split","yes_old_new_id_sync","branding_text_replacement;special_text_replacement;added_part","Needs message-level category split in checklist step 15."
"chrome/app/generated_resources.grd","IDS_DATA_SHARING_SIGNED_OUT","overlay","mixed_replacement_pending_split","yes_old_new_id_sync","branding_text_replacement;special_text_replacement;added_part","Needs message-level category split in checklist step 15."
"chrome/app/generated_resources.grd","IDS_DATA_SHARING_SIGNED_OUT_BODY","overlay","mixed_replacement_pending_split","yes_old_new_id_sync","branding_text_replacement;special_text_replacement;added_part","Needs message-level category split in checklist step 15."
"chrome/app/generated_resources.grd","IDS_DEPRECATED_APPS_LEARN_MORE_AX_LABEL","overlay","mixed_replacement_pending_split","yes_old_new_id_sync","branding_text_replacement;special_text_replacement;added_part","Needs message-level category split in checklist step 15."
"chrome/app/generated_resources.grd","IDS_DEPRECATED_APPS_MONITOR_RENDERER","overlay","mixed_replacement_pending_split","yes_old_new_id_sync","branding_text_replacement;special_text_replacement;added_part","Needs message-level category split in checklist step 15."
"chrome/app/generated_resources.grd","IDS_DEVICE_MANAGED_BY_WITH_HYPERLINK","overlay","mixed_replacement_pending_split","yes_old_new_id_sync","branding_text_replacement;special_text_replacement;added_part","Needs message-level category split in checklist step 15."
"chrome/app/generated_resources.grd","IDS_DEVICE_MANAGED_WITH_HYPERLINK","overlay","mixed_replacement_pending_split","yes_old_new_id_sync","branding_text_replacement;special_text_replacement;added_part","Needs message-level category split in checklist step 15."
"chrome/app/generated_resources.grd","IDS_DOWNLOAD_BUBBLE_ESB_PROMO","overlay","mixed_replacement_pending_split","yes_old_new_id_sync","branding_text_replacement;special_text_replacement;added_part","Needs message-level category split in checklist step 15."
"chrome/app/generated_resources.grd","IDS_DOWNLOAD_BUBBLE_SUPPRESS_PARTIAL_VIEW_SETTINGS_LINK","overlay","mixed_replacement_pending_split","yes_old_new_id_sync","branding_text_replacement;special_text_replacement;added_part","Needs message-level category split in checklist step 15."
"chrome/app/generated_resources.grd","IDS_DOWNLOAD_BUBBLE_SUPPRESS_PARTIAL_VIEW_SETTINGS_REMINDER","overlay","mixed_replacement_pending_split","yes_old_new_id_sync","branding_text_replacement;special_text_replacement;added_part","Needs message-level category split in checklist step 15."
"chrome/app/generated_resources.grd","IDS_DOWNLOAD_BY_EXTENSION_URL","overlay","mixed_replacement_pending_split","yes_old_new_id_sync","branding_text_replacement;special_text_replacement;added_part","Needs message-level category split in checklist step 15."
"chrome/app/generated_resources.grd","IDS_DOWNLOAD_CHROME","overlay","mixed_replacement_pending_split","yes_old_new_id_sync","branding_text_replacement;special_text_replacement;added_part","Needs message-level category split in checklist step 15."
"chrome/app/generated_resources.grd","IDS_DOWNLOAD_LOCAL_DECRYPTION_PROMPT_ALERT","overlay","mixed_replacement_pending_split","yes_old_new_id_sync","branding_text_replacement;special_text_replacement;added_part","Needs message-level category split in checklist step 15."
"chrome/app/generated_resources.grd","IDS_DOWNLOAD_ROW_ESB_PROMOTION","overlay","mixed_replacement_pending_split","yes_old_new_id_sync","branding_text_replacement;special_text_replacement;added_part","Needs message-level category split in checklist step 15."
"chrome/app/generated_resources.grd","IDS_DOWNLOAD_STARTED","overlay","overlay_added_message","yes_added_message","branding_text_replacement;special_text_replacement;added_part",""
"chrome/app/generated_resources.grd","IDS_EXIT_MAC","overlay","mixed_replacement_pending_split","yes_old_new_id_sync","branding_text_replacement;special_text_replacement;added_part","Needs message-level category split in checklist step 15."
"chrome/app/generated_resources.grd","IDS_EXTENSION_ASKS_IDENTITY_WHILE_SIGNED_IN_WEB_ONLY_BODY_PART_2","overlay","mixed_replacement_pending_split","yes_old_new_id_sync","branding_text_replacement;special_text_replacement;added_part","Needs message-level category split in checklist step 15."
"chrome/app/generated_resources.grd","IDS_EXTENSION_EXTERNAL_INSTALL_ALERT_BUBBLE_HEADING_APP","overlay","mixed_replacement_pending_split","yes_old_new_id_sync","branding_text_replacement;special_text_replacement;added_part","Needs message-level category split in checklist step 15."
"chrome/app/generated_resources.grd","IDS_EXTENSION_EXTERNAL_INSTALL_ALERT_BUBBLE_HEADING_EXTENSION","overlay","mixed_replacement_pending_split","yes_old_new_id_sync","branding_text_replacement;special_text_replacement;added_part","Needs message-level category split in checklist step 15."
"chrome/app/generated_resources.grd","IDS_EXTENSION_EXTERNAL_INSTALL_ALERT_BUBBLE_HEADING_THEME","overlay","mixed_replacement_pending_split","yes_old_new_id_sync","branding_text_replacement;special_text_replacement;added_part","Needs message-level category split in checklist step 15."
"chrome/app/generated_resources.grd","IDS_EXTENSION_INSTALL_KIOSK_MODE_ONLY","overlay","mixed_replacement_pending_split","yes_old_new_id_sync","branding_text_replacement;special_text_replacement;added_part","Needs message-level category split in checklist step 15."
"chrome/app/generated_resources.grd","IDS_EXTENSION_INSTALLED_MANAGE_INFO","overlay","mixed_replacement_pending_split","yes_old_new_id_sync","branding_text_replacement;special_text_replacement;added_part","Needs message-level category split in checklist step 15."
"chrome/app/generated_resources.grd","IDS_EXTENSION_PROMPT_UNINSTALL_APP_BUTTON","overlay","mixed_replacement_pending_split","yes_old_new_id_sync","branding_text_replacement;special_text_replacement;added_part","Needs message-level category split in checklist step 15."
"chrome/app/generated_resources.grd","IDS_EXTENSION_PROMPT_WARNING_CHROMEOS_DIAGNOSTICS","overlay","mixed_replacement_pending_split","yes_old_new_id_sync","branding_text_replacement;special_text_replacement;added_part","Needs message-level category split in checklist step 15."
"chrome/app/generated_resources.grd","IDS_EXTENSION_PROMPT_WARNING_CHROMEOS_EVENTS","overlay","mixed_replacement_pending_split","yes_old_new_id_sync","branding_text_replacement;special_text_replacement;added_part","Needs message-level category split in checklist step 15."
"chrome/app/generated_resources.grd","IDS_EXTENSION_PROMPT_WARNING_CHROMEOS_MANAGEMENT_AUDIO","overlay","mixed_replacement_pending_split","yes_old_new_id_sync","branding_text_replacement;special_text_replacement;added_part","Needs message-level category split in checklist step 15."
"chrome/app/generated_resources.grd","IDS_EXTENSION_PROMPT_WARNING_CHROMEOS_TELEMETRY","overlay","mixed_replacement_pending_split","yes_old_new_id_sync","branding_text_replacement;special_text_replacement;added_part","Needs message-level category split in checklist step 15."
"chrome/app/generated_resources.grd","IDS_EXTENSION_PROMPT_WARNING_CHROMEOS_TELEMETRY_NETWORK_INFORMATION","overlay","mixed_replacement_pending_split","yes_old_new_id_sync","branding_text_replacement;special_text_replacement;added_part","Needs message-level category split in checklist step 15."
"chrome/app/generated_resources.grd","IDS_EXTENSION_PROMPT_WARNING_CHROMEOS_TELEMETRY_SERIAL_NUMBER","overlay","mixed_replacement_pending_split","yes_old_new_id_sync","branding_text_replacement;special_text_replacement;added_part","Needs message-level category split in checklist step 15."
"chrome/app/generated_resources.grd","IDS_EXTENSION_PROMPT_WARNING_ENTERPRISE_REMOTE_APPS","overlay","mixed_replacement_pending_split","yes_old_new_id_sync","branding_text_replacement;special_text_replacement;added_part","Needs message-level category split in checklist step 15."
"chrome/app/generated_resources.grd","IDS_EXTENSION_VERIFY_PROMO_SUBTITLE","overlay","mixed_replacement_pending_split","yes_old_new_id_sync","branding_text_replacement;special_text_replacement;added_part","Needs message-level category split in checklist step 15."
"chrome/app/generated_resources.grd","IDS_EXTENSIONS_ADDED_WITHOUT_KNOWLEDGE","overlay","mixed_replacement_pending_split","yes_old_new_id_sync","branding_text_replacement;special_text_replacement;added_part","Needs message-level category split in checklist step 15."
"chrome/app/generated_resources.grd","IDS_EXTENSIONS_BLOCKLISTED_POTENTIALLY_UNWANTED","overlay","mixed_replacement_pending_split","yes_old_new_id_sync","branding_text_replacement;special_text_replacement;added_part","Needs message-level category split in checklist step 15."
"chrome/app/generated_resources.grd","IDS_EXTENSIONS_SETTINGS_API_SECOND_LINE_SEARCH_ENGINE","overlay","mixed_replacement_pending_split","yes_old_new_id_sync","branding_text_replacement;special_text_replacement;added_part","Needs message-level category split in checklist step 15."
"chrome/app/generated_resources.grd","IDS_EXTENSIONS_ZERO_STATE_PROMO_CUSTOM_ACTION_IPH_DESCRIPTION","overlay","mixed_replacement_pending_split","yes_old_new_id_sync","branding_text_replacement;special_text_replacement;added_part","Needs message-level category split in checklist step 15."
"chrome/app/generated_resources.grd","IDS_FILE_SYSTEM_ACCESS_USAGE_BUBBLE_FILES_TEXT","overlay","mixed_replacement_pending_split","yes_old_new_id_sync","branding_text_replacement;special_text_replacement;added_part","Needs message-level category split in checklist step 15."
"chrome/app/generated_resources.grd","IDS_FIRSTRUN_DLG_MAC_COMPLETE_INSTALLATION_LABEL","overlay","mixed_replacement_pending_split","yes_old_new_id_sync","branding_text_replacement;special_text_replacement;added_part","Needs message-level category split in checklist step 15."
"chrome/app/generated_resources.grd","IDS_FIRSTRUN_DLG_MAC_OPTIONS_SEND_USAGE_STATS_LABEL","overlay","mixed_replacement_pending_split","yes_old_new_id_sync","branding_text_replacement;special_text_replacement;added_part","Needs message-level category split in checklist step 15."
"chrome/app/generated_resources.grd","IDS_FIRSTRUN_DLG_MAC_START_CHROME_BUTTON","overlay","mixed_replacement_pending_split","yes_old_new_id_sync","branding_text_replacement;special_text_replacement;added_part","Needs message-level category split in checklist step 15."
"chrome/app/generated_resources.grd","IDS_FORCE_INSTALLED_DEPRECATED_APPS_CONTENT","overlay","mixed_replacement_pending_split","yes_old_new_id_sync","branding_text_replacement;special_text_replacement;added_part","Needs message-level category split in checklist step 15."
"chrome/app/generated_resources.grd","IDS_FORCE_INSTALLED_PREINSTALLED_DEPRECATED_APPS_CONTENT","overlay","mixed_replacement_pending_split","yes_old_new_id_sync","branding_text_replacement;special_text_replacement;added_part","Needs message-level category split in checklist step 15."
"chrome/app/generated_resources.grd","IDS_GEOLOCATION_QUIET_PERMISSION_BUBBLE_CROWD_DENY_DESCRIPTION","overlay","mixed_replacement_pending_split","yes_old_new_id_sync","branding_text_replacement;special_text_replacement;added_part","Needs message-level category split in checklist step 15."
"chrome/app/generated_resources.grd","IDS_GEOLOCATION_QUIET_PERMISSION_BUBBLE_PREDICTION_SERVICE_DESCRIPTION","overlay","mixed_replacement_pending_split","yes_old_new_id_sync","branding_text_replacement;special_text_replacement;added_part","Needs message-level category split in checklist step 15."
"chrome/app/generated_resources.grd","IDS_HELP_MAC","overlay","mixed_replacement_pending_split","yes_old_new_id_sync","branding_text_replacement;special_text_replacement;added_part","Needs message-level category split in checklist step 15."
"chrome/app/generated_resources.grd","IDS_HIDE_APP_MAC","overlay","mixed_replacement_pending_split","yes_old_new_id_sync","branding_text_replacement;special_text_replacement;added_part","Needs message-level category split in checklist step 15."
"chrome/app/generated_resources.grd","IDS_HIDE_DOWNLOADS","overlay","overlay_added_message","yes_added_message","branding_text_replacement;special_text_replacement;added_part",""
"chrome/app/generated_resources.grd","IDS_HISTORY_TURN_ON_SYNC_BUTTON","overlay","mixed_replacement_pending_split","yes_old_new_id_sync","branding_text_replacement;special_text_replacement;added_part","Needs message-level category split in checklist step 15."
"chrome/app/generated_resources.grd","IDS_HISTORY_TURN_ON_SYNC_PROMO_DESC","overlay","mixed_replacement_pending_split","yes_old_new_id_sync","branding_text_replacement;special_text_replacement;added_part","Needs message-level category split in checklist step 15."
"chrome/app/generated_resources.grd","IDS_IDLE_BUBBLE_TITLE_CLEAR","overlay","mixed_replacement_pending_split","yes_old_new_id_sync","branding_text_replacement;special_text_replacement;added_part","Needs message-level category split in checklist step 15."
"chrome/app/generated_resources.grd","IDS_IDLE_TIMEOUT_CLEAR_COUNTDOWN","overlay","mixed_replacement_pending_split","yes_old_new_id_sync","branding_text_replacement;special_text_replacement;added_part","Needs message-level category split in checklist step 15."
"chrome/app/generated_resources.grd","IDS_IDLE_TIMEOUT_CLOSE_COUNTDOWN","overlay","mixed_replacement_pending_split","yes_old_new_id_sync","branding_text_replacement;special_text_replacement;added_part","Needs message-level category split in checklist step 15."
"chrome/app/generated_resources.grd","IDS_INPUT_OVERLAY_ACCESSIBILITY_ALPHA","overlay","mixed_replacement_pending_split","yes_old_new_id_sync","branding_text_replacement;special_text_replacement;added_part","Needs message-level category split in checklist step 15."
"chrome/app/generated_resources.grd","IDS_INPUT_OVERLAY_EDUCATIONAL_DESCRIPTION_ALPHA","overlay","mixed_replacement_pending_split","yes_old_new_id_sync","branding_text_replacement;special_text_replacement;added_part","Needs message-level category split in checklist step 15."
"chrome/app/generated_resources.grd","IDS_INSTALL_FROM_DMG_AUTHENTICATION_PROMPT","overlay","mixed_replacement_pending_split","yes_old_new_id_sync","branding_text_replacement;special_text_replacement;added_part","Needs message-level category split in checklist step 15."
"chrome/app/generated_resources.grd","IDS_INSTALL_FROM_DMG_ERROR","overlay","mixed_replacement_pending_split","yes_old_new_id_sync","branding_text_replacement;special_text_replacement;added_part","Needs message-level category split in checklist step 15."
"chrome/app/generated_resources.grd","IDS_INSTALL_FROM_DMG_PROMPT","overlay","mixed_replacement_pending_split","yes_old_new_id_sync","branding_text_replacement;special_text_replacement;added_part","Needs message-level category split in checklist step 15."
"chrome/app/generated_resources.grd","IDS_INSTALL_FROM_DMG_TITLE","overlay","mixed_replacement_pending_split","yes_old_new_id_sync","branding_text_replacement;special_text_replacement;added_part","Needs message-level category split in checklist step 15."
"chrome/app/generated_resources.grd","IDS_INTENT_PICKER_BUBBLE_VIEW_STAY_IN_CHROME","overlay","mixed_replacement_pending_split","yes_old_new_id_sync","branding_text_replacement;special_text_replacement;added_part","Needs message-level category split in checklist step 15."
"chrome/app/generated_resources.grd","IDS_IOS_DESKTOP_ADDRESS_PROMO_BUBBLE_FOOTER_DESCRIPTION_QR","overlay","mixed_replacement_pending_split","yes_old_new_id_sync","branding_text_replacement;special_text_replacement;added_part","Needs message-level category split in checklist step 15."
"chrome/app/generated_resources.grd","IDS_IOS_DESKTOP_PASSWORD_PROMO_BUBBLE_FOOTER_DESCRIPTION_QR","overlay","mixed_replacement_pending_split","yes_old_new_id_sync","branding_text_replacement;special_text_replacement;added_part","Needs message-level category split in checklist step 15."
"chrome/app/generated_resources.grd","IDS_IOS_DESKTOP_PAYMENT_PROMO_BUBBLE_FOOTER_DESCRIPTION_QR","overlay","mixed_replacement_pending_split","yes_old_new_id_sync","branding_text_replacement;special_text_replacement;added_part","Needs message-level category split in checklist step 15."
"chrome/app/generated_resources.grd","IDS_IOS_PASSWORD_PROMO_BUBBLE_FOOTER_DESCRIPTION_GENERIC","overlay","mixed_replacement_pending_split","yes_old_new_id_sync","branding_text_replacement;special_text_replacement;added_part","Needs message-level category split in checklist step 15."
"chrome/app/generated_resources.grd","IDS_IOS_PASSWORD_PROMO_BUBBLE_FOOTER_DESCRIPTION_QR","overlay","mixed_replacement_pending_split","yes_old_new_id_sync","branding_text_replacement;special_text_replacement;added_part","Needs message-level category split in checklist step 15."
"chrome/app/generated_resources.grd","IDS_IPH_CUSTOMIZE_CHROME_REFRESH_BODY","overlay","mixed_replacement_pending_split","yes_old_new_id_sync","branding_text_replacement;special_text_replacement;added_part","Needs message-level category split in checklist step 15."
"chrome/app/generated_resources.grd","IDS_IPH_CUSTOMIZE_CHROME_REFRESH_POINTER_BODY","overlay","mixed_replacement_pending_split","yes_old_new_id_sync","branding_text_replacement;special_text_replacement;added_part","Needs message-level category split in checklist step 15."
"chrome/app/generated_resources.grd","IDS_IWA_INSTALLER_SHELF_ITEM_TITLE","overlay","mixed_replacement_pending_split","yes_old_new_id_sync","branding_text_replacement;special_text_replacement;added_part","Needs message-level category split in checklist step 15."
"chrome/app/generated_resources.grd","IDS_IWA_INSTALLER_SHOW_METADATA_SUBTITLE","overlay","mixed_replacement_pending_split","yes_old_new_id_sync","branding_text_replacement;special_text_replacement;added_part","Needs message-level category split in checklist step 15."
"chrome/app/generated_resources.grd","IDS_IWA_INSTALLER_VERIFICATION_ERROR_TITLE","overlay","mixed_replacement_pending_split","yes_old_new_id_sync","branding_text_replacement;special_text_replacement;added_part","Needs message-level category split in checklist step 15."
"chrome/app/generated_resources.grd","IDS_IWA_INSTALLER_VERIFICATION_TITLE","overlay","mixed_replacement_pending_split","yes_old_new_id_sync","branding_text_replacement;special_text_replacement;added_part","Needs message-level category split in checklist step 15."
"chrome/app/generated_resources.grd","IDS_KILLED_TAB_BY_OOM_MESSAGE","overlay","mixed_replacement_pending_split","yes_old_new_id_sync","branding_text_replacement;special_text_replacement;added_part","Needs message-level category split in checklist step 15."
"chrome/app/generated_resources.grd","IDS_LOAD_STATE_WAITING_FOR_SOCKET_SLOT","overlay","mixed_replacement_pending_split","yes_old_new_id_sync","branding_text_replacement;special_text_replacement;added_part","Needs message-level category split in checklist step 15."
"chrome/app/generated_resources.grd","IDS_MANAGED_BY_WITH_HYPERLINK","overlay","mixed_replacement_pending_split","yes_old_new_id_sync","branding_text_replacement;special_text_replacement;added_part","Needs message-level category split in checklist step 15."
"chrome/app/generated_resources.grd","IDS_MANAGED_WITH_HYPERLINK","overlay","mixed_replacement_pending_split","yes_old_new_id_sync","branding_text_replacement;special_text_replacement;added_part","Needs message-level category split in checklist step 15."
"chrome/app/generated_resources.grd","IDS_MEDIA_TAB_CAPTURE_NOTIFICATION_TEXT","overlay","mixed_replacement_pending_split","yes_old_new_id_sync","branding_text_replacement;special_text_replacement;added_part","Needs message-level category split in checklist step 15."
"chrome/app/generated_resources.grd","IDS_MEDIA_TAB_CAPTURE_WITH_AUDIO_NOTIFICATION_TEXT","overlay","mixed_replacement_pending_split","yes_old_new_id_sync","branding_text_replacement;special_text_replacement;added_part","Needs message-level category split in checklist step 15."
"chrome/app/generated_resources.grd","IDS_MICROPHONE_CANNOT_ACCESS","overlay","mixed_replacement_pending_split","yes_old_new_id_sync","branding_text_replacement;special_text_replacement;added_part","Needs message-level category split in checklist step 15."
"chrome/app/generated_resources.grd","IDS_NEAR_OOM_REDUCTION_MESSAGE_DESCRIPTION","overlay","mixed_replacement_pending_split","yes_old_new_id_sync","branding_text_replacement;special_text_replacement;added_part","Needs message-level category split in checklist step 15."
"chrome/app/generated_resources.grd","IDS_NON_MILESTONE_UPDATE_TOAST_BODY","overlay","mixed_replacement_pending_split","yes_old_new_id_sync","branding_text_replacement;special_text_replacement;added_part","Needs message-level category split in checklist step 15."
"chrome/app/generated_resources.grd","IDS_NOTIFICATION_BUTTON_MANAGE","overlay","mixed_replacement_pending_split","yes_old_new_id_sync","branding_text_replacement;special_text_replacement;added_part","Needs message-level category split in checklist step 15."
"chrome/app/generated_resources.grd","IDS_NOTIFICATION_MUTED_MESSAGE","overlay","mixed_replacement_pending_split","yes_old_new_id_sync","branding_text_replacement;special_text_replacement;added_part","Needs message-level category split in checklist step 15."
"chrome/app/generated_resources.grd","IDS_NOTIFICATIONS_QUIET_PERMISSION_BUBBLE_ABUSIVE_DESCRIPTION","overlay","mixed_replacement_pending_split","yes_old_new_id_sync","branding_text_replacement;special_text_replacement;added_part","Needs message-level category split in checklist step 15."
"chrome/app/generated_resources.grd","IDS_NOTIFICATIONS_QUIET_PERMISSION_BUBBLE_CROWD_DENY_DESCRIPTION","overlay","mixed_replacement_pending_split","yes_old_new_id_sync","branding_text_replacement;special_text_replacement;added_part","Needs message-level category split in checklist step 15."
"chrome/app/generated_resources.grd","IDS_NOTIFICATIONS_QUIET_PERMISSION_BUBBLE_DISRUPTIVE_DESCRIPTION","overlay","mixed_replacement_pending_split","yes_old_new_id_sync","branding_text_replacement;special_text_replacement;added_part","Needs message-level category split in checklist step 15."
"chrome/app/generated_resources.grd","IDS_NOTIFICATIONS_QUIET_PERMISSION_BUBBLE_PREDICTION_SERVICE_DESCRIPTION","overlay","mixed_replacement_pending_split","yes_old_new_id_sync","branding_text_replacement;special_text_replacement;added_part","Needs message-level category split in checklist step 15."
"chrome/app/generated_resources.grd","IDS_NOTIFICATIONS_QUIET_PERMISSION_EARLY_PROMO","overlay","mixed_replacement_pending_split","yes_old_new_id_sync","branding_text_replacement;special_text_replacement;added_part","Needs message-level category split in checklist step 15."
"chrome/app/generated_resources.grd","IDS_NTP_CUSTOM_BG_CHROME_WALLPAPERS","overlay","mixed_replacement_pending_split","yes_old_new_id_sync","branding_text_replacement;special_text_replacement;added_part","Needs message-level category split in checklist step 15."
"chrome/app/generated_resources.grd","IDS_NTP_CUSTOMIZATION_PROMO","overlay","mixed_replacement_pending_split","yes_old_new_id_sync","branding_text_replacement;special_text_replacement;added_part","Needs message-level category split in checklist step 15."
"chrome/app/generated_resources.grd","IDS_NTP_CUSTOMIZE_APPEARANCE_LABEL","overlay","mixed_replacement_pending_split","yes_old_new_id_sync","branding_text_replacement;special_text_replacement;added_part","Needs message-level category split in checklist step 15."
"chrome/app/generated_resources.grd","IDS_NTP_CUSTOMIZE_CHROME_CHANGE_THEME_LABEL","overlay","mixed_replacement_pending_split","yes_old_new_id_sync","branding_text_replacement;special_text_replacement;added_part","Needs message-level category split in checklist step 15."
"chrome/app/generated_resources.grd","IDS_NTP_CUSTOMIZE_CHROME_COLOR_SCHEME_MODE_DARK_LABEL","overlay","mixed_replacement_pending_split","yes_old_new_id_sync","branding_text_replacement;special_text_replacement;added_part","Needs message-level category split in checklist step 15."
"chrome/app/generated_resources.grd","IDS_NTP_CUSTOMIZE_CHROME_COLOR_SCHEME_MODE_LIGHT_LABEL","overlay","mixed_replacement_pending_split","yes_old_new_id_sync","branding_text_replacement;special_text_replacement;added_part","Needs message-level category split in checklist step 15."
"chrome/app/generated_resources.grd","IDS_NTP_CUSTOMIZE_CHROME_MANAGED_NEW_TAB_PAGE_ACCESSIBILITY","overlay","mixed_replacement_pending_split","yes_old_new_id_sync","branding_text_replacement;special_text_replacement;added_part","Needs message-level category split in checklist step 15."
"chrome/app/generated_resources.grd","IDS_NTP_CUSTOMIZE_CHROME_RESET_TO_CLASSIC_CHROME_COMPLETE","overlay","mixed_replacement_pending_split","yes_old_new_id_sync","branding_text_replacement;special_text_replacement;added_part","Needs message-level category split in checklist step 15."
"chrome/app/generated_resources.grd","IDS_NTP_CUSTOMIZE_CHROME_RESET_TO_CLASSIC_CHROME_LABEL","overlay","mixed_replacement_pending_split","yes_old_new_id_sync","branding_text_replacement;special_text_replacement;added_part","Needs message-level category split in checklist step 15."
"chrome/app/generated_resources.grd","IDS_NTP_CUSTOMIZE_CHROME_RESET_TO_UPLOADED_IMAGE_COMPLETE","overlay","mixed_replacement_pending_split","yes_old_new_id_sync","branding_text_replacement;special_text_replacement;added_part","Needs message-level category split in checklist step 15."
"chrome/app/generated_resources.grd","IDS_NTP_CUSTOMIZE_CHROME_WEBSTORE_LABEL","overlay","mixed_replacement_pending_split","yes_old_new_id_sync","branding_text_replacement;special_text_replacement;added_part","Needs message-level category split in checklist step 15."
"chrome/app/generated_resources.grd","IDS_NTP_CUSTOMIZE_NO_BACKGROUND_LABEL","overlay","mixed_replacement_pending_split","yes_old_new_id_sync","branding_text_replacement;special_text_replacement;added_part","Needs message-level category split in checklist step 15."
"chrome/app/generated_resources.grd","IDS_NTP_CUSTOMIZE_THEMES_HEADER","overlay","mixed_replacement_pending_split","yes_old_new_id_sync","branding_text_replacement;special_text_replacement;added_part","Needs message-level category split in checklist step 15."
"chrome/app/generated_resources.grd","IDS_NTP_CUSTOMIZE_TOOLBAR_BUTTON_A11Y_LABEL","overlay","mixed_replacement_pending_split","yes_old_new_id_sync","branding_text_replacement;special_text_replacement;added_part","Needs message-level category split in checklist step 15."
"chrome/app/generated_resources.grd","IDS_NTP_CUSTOMIZE_TOOLBAR_CATEGORY_YOUR_CHROME","overlay","mixed_replacement_pending_split","yes_old_new_id_sync","branding_text_replacement;special_text_replacement;added_part","Needs message-level category split in checklist step 15."
"chrome/app/generated_resources.grd","IDS_NTP_CUSTOMIZE_TOOLBAR_CHOOSE_ICONS_LABEL","overlay","mixed_replacement_pending_split","yes_old_new_id_sync","branding_text_replacement;special_text_replacement;added_part","Needs message-level category split in checklist step 15."
"chrome/app/generated_resources.grd","IDS_NTP_CUSTOMIZE_TOOLS_HEADER","overlay","mixed_replacement_pending_split","yes_old_new_id_sync","branding_text_replacement;special_text_replacement;added_part","Needs message-level category split in checklist step 15."
"chrome/app/generated_resources.grd","IDS_NTP_MANAGED_BY_EXTENSION","overlay","mixed_replacement_pending_split","yes_old_new_id_sync","branding_text_replacement;special_text_replacement;added_part","Needs message-level category split in checklist step 15."
"chrome/app/generated_resources.grd","IDS_NTP_MANAGED_BY_SEARCH_ENGINE","overlay","mixed_replacement_pending_split","yes_old_new_id_sync","branding_text_replacement;special_text_replacement;added_part","Needs message-level category split in checklist step 15."
"chrome/app/generated_resources.grd","IDS_NTP_MOBILE_PROMO_DESCRIPTION","overlay","mixed_replacement_pending_split","yes_old_new_id_sync","branding_text_replacement;special_text_replacement;added_part","Needs message-level category split in checklist step 15."
"chrome/app/generated_resources.grd","IDS_NTP_MOBILE_PROMO_HEADER","overlay","mixed_replacement_pending_split","yes_old_new_id_sync","branding_text_replacement;special_text_replacement;added_part","Needs message-level category split in checklist step 15."
"chrome/app/generated_resources.grd","IDS_NTP_MODULES_DRIVE_INFO","overlay","mixed_replacement_pending_split","yes_old_new_id_sync","branding_text_replacement;special_text_replacement;added_part","Needs message-level category split in checklist step 15."
"chrome/app/generated_resources.grd","IDS_NTP_MODULES_GOOGLE_CALENDAR_INFO","overlay","mixed_replacement_pending_split","yes_old_new_id_sync","branding_text_replacement;special_text_replacement;added_part","Needs message-level category split in checklist step 15."
"chrome/app/generated_resources.grd","IDS_NTP_MODULES_GOOGLE_CALENDAR_TITLE","overlay","mixed_replacement_pending_split","yes_old_new_id_sync","branding_text_replacement;special_text_replacement;added_part","Needs message-level category split in checklist step 15."
"chrome/app/generated_resources.grd","IDS_NTP_MODULES_HISTORY_CLUSTERS_INFO","overlay","mixed_replacement_pending_split","yes_old_new_id_sync","branding_text_replacement;special_text_replacement;added_part","Needs message-level category split in checklist step 15."
"chrome/app/generated_resources.grd","IDS_NTP_MODULES_HISTORY_CLUSTERS_WITH_DISCOUNT_INFO","overlay","mixed_replacement_pending_split","yes_old_new_id_sync","branding_text_replacement;special_text_replacement;added_part","Needs message-level category split in checklist step 15."
"chrome/app/generated_resources.grd","IDS_NTP_MODULES_MICROSOFT_FILES_INFO","overlay","mixed_replacement_pending_split","yes_old_new_id_sync","branding_text_replacement;special_text_replacement;added_part","Needs message-level category split in checklist step 15."
"chrome/app/generated_resources.grd","IDS_NTP_MODULES_OUTLOOK_CALENDAR_INFO","overlay","mixed_replacement_pending_split","yes_old_new_id_sync","branding_text_replacement;special_text_replacement;added_part","Needs message-level category split in checklist step 15."
"chrome/app/generated_resources.grd","IDS_NTP_MODULES_OUTLOOK_CALENDAR_TITLE","overlay","mixed_replacement_pending_split","yes_old_new_id_sync","branding_text_replacement;special_text_replacement;added_part","Needs message-level category split in checklist step 15."
"chrome/app/generated_resources.grd","IDS_NTP_MODULES_SETUP_LIST_DISABLE_TOAST_MESSAGE","overlay","mixed_replacement_pending_split","yes_old_new_id_sync","branding_text_replacement;special_text_replacement;added_part","Needs message-level category split in checklist step 15."
"chrome/app/generated_resources.grd","IDS_NTP_MODULES_SETUP_LIST_DISMISS_TOAST_MESSAGE","overlay","mixed_replacement_pending_split","yes_old_new_id_sync","branding_text_replacement;special_text_replacement;added_part","Needs message-level category split in checklist step 15."
"chrome/app/generated_resources.grd","IDS_NTP_MODULES_SETUP_LIST_INFO","overlay","mixed_replacement_pending_split","yes_old_new_id_sync","branding_text_replacement;special_text_replacement;added_part","Needs message-level category split in checklist step 15."
"chrome/app/generated_resources.grd","IDS_NTP_MODULES_TAB_RESUMPTION_INFO","overlay","mixed_replacement_pending_split","yes_old_new_id_sync","branding_text_replacement;special_text_replacement;added_part","Needs message-level category split in checklist step 15."
"chrome/app/generated_resources.grd","IDS_NTP_WALLPAPER_SEARCH_PAGE_HEADER","overlay","mixed_replacement_pending_split","yes_old_new_id_sync","branding_text_replacement;special_text_replacement;added_part","Needs message-level category split in checklist step 15."
"chrome/app/generated_resources.grd","IDS_NTP_WALLPAPER_SEARCH_TILE_LABEL","overlay","mixed_replacement_pending_split","yes_old_new_id_sync","branding_text_replacement;special_text_replacement;added_part","Needs message-level category split in checklist step 15."
"chrome/app/generated_resources.grd","IDS_NTP_WEBSTORE_PRODUCTIVITY_CATEOGRY_LABEL","overlay","mixed_replacement_pending_split","yes_old_new_id_sync","branding_text_replacement;special_text_replacement;added_part","Needs message-level category split in checklist step 15."
"chrome/app/generated_resources.grd","IDS_NTP_WEBSTORE_TOAST_MESSAGE","overlay","mixed_replacement_pending_split","yes_old_new_id_sync","branding_text_replacement;special_text_replacement;added_part","Needs message-level category split in checklist step 15."
"chrome/app/generated_resources.grd","IDS_NTP_WEBSTORE_WRITTING_HELP_COLLECTION_LABEL","overlay","mixed_replacement_pending_split","yes_old_new_id_sync","branding_text_replacement;special_text_replacement;added_part","Needs message-level category split in checklist step 15."
"chrome/app/generated_resources.grd","IDS_OPEN_SETTINGS_LINK","overlay","mixed_replacement_pending_split","yes_old_new_id_sync","branding_text_replacement;special_text_replacement;added_part","Needs message-level category split in checklist step 15."
"chrome/app/generated_resources.grd","IDS_OPTIONS_HOMEPAGE_TITLE","overlay","mixed_replacement_pending_split","yes_old_new_id_sync","branding_text_replacement;special_text_replacement;added_part","Needs message-level category split in checklist step 15."
"chrome/app/generated_resources.grd","IDS_PAGE_SPECIFIC_SITE_DATA_DIALOG_PARTITIONED_SESSION_ONLY_STATE_SUBTITLE","overlay","mixed_replacement_pending_split","yes_old_new_id_sync","branding_text_replacement;special_text_replacement;added_part","Needs message-level category split in checklist step 15."
"chrome/app/generated_resources.grd","IDS_PAGE_SPECIFIC_SITE_DATA_DIALOG_SESSION_ONLY_MENU_ITEM","overlay","mixed_replacement_pending_split","yes_old_new_id_sync","branding_text_replacement;special_text_replacement;added_part","Needs message-level category split in checklist step 15."
"chrome/app/generated_resources.grd","IDS_PAGE_SPECIFIC_SITE_DATA_DIALOG_SESSION_ONLY_STATE_SUBTITLE","overlay","mixed_replacement_pending_split","yes_old_new_id_sync","branding_text_replacement;special_text_replacement;added_part","Needs message-level category split in checklist step 15."
"chrome/app/generated_resources.grd","IDS_PASSWORD_BUBBLES_FOOTER_SAVING_ON_DEVICE","overlay","mixed_replacement_pending_split","yes_old_new_id_sync","branding_text_replacement;special_text_replacement;added_part","Needs message-level category split in checklist step 15."
"chrome/app/generated_resources.grd","IDS_PASSWORD_BUBBLES_FOOTER_SYNCED_TO_ACCOUNT","overlay","mixed_replacement_pending_split","yes_old_new_id_sync","branding_text_replacement;special_text_replacement;added_part","Needs message-level category split in checklist step 15."
"chrome/app/generated_resources.grd","IDS_PASSWORDS_SAVE_PRIMING_PROMO_BODY_NOT_SIGNED_IN","overlay","mixed_replacement_pending_split","yes_old_new_id_sync","branding_text_replacement;special_text_replacement;added_part","Needs message-level category split in checklist step 15."
"chrome/app/generated_resources.grd","IDS_PASSWORDS_SAVE_PRIMING_PROMO_SCREENREADER","overlay","mixed_replacement_pending_split","yes_old_new_id_sync","branding_text_replacement;special_text_replacement;added_part","Needs message-level category split in checklist step 15."
"chrome/app/generated_resources.grd","IDS_PDF_SEARCHIFY_IPH_TITLE","overlay","mixed_replacement_pending_split","yes_old_new_id_sync","branding_text_replacement;special_text_replacement;added_part","Needs message-level category split in checklist step 15."
"chrome/app/generated_resources.grd","IDS_PERMISSIONS_REQUESTED_SCREENREADER_ANNOUNCEMENT","overlay","mixed_replacement_pending_split","yes_old_new_id_sync","branding_text_replacement;special_text_replacement;added_part","Needs message-level category split in checklist step 15."
"chrome/app/generated_resources.grd","IDS_PLEASE_RELAUNCH_BROWSER","overlay","mixed_replacement_pending_split","yes_old_new_id_sync","branding_text_replacement;special_text_replacement;added_part","Needs message-level category split in checklist step 15."
"chrome/app/generated_resources.grd","IDS_PROFILE_MANAGED_BY_WITH_HYPERLINK","overlay","mixed_replacement_pending_split","yes_old_new_id_sync","branding_text_replacement;special_text_replacement;added_part","Needs message-level category split in checklist step 15."
"chrome/app/generated_resources.grd","IDS_PROFILE_ON_NETWORK_WARNING","overlay","mixed_replacement_pending_split","yes_old_new_id_sync","branding_text_replacement;special_text_replacement;added_part","Needs message-level category split in checklist step 15."
"chrome/app/generated_resources.grd","IDS_PROMOTE_AUTHENTICATION_PROMPT","overlay","mixed_replacement_pending_split","yes_old_new_id_sync","branding_text_replacement;special_text_replacement;added_part","Needs message-level category split in checklist step 15."
"chrome/app/generated_resources.grd","IDS_PROMOTE_INFOBAR_TEXT","overlay","mixed_replacement_pending_split","yes_old_new_id_sync","branding_text_replacement;special_text_replacement;added_part","Needs message-level category split in checklist step 15."
"chrome/app/generated_resources.grd","IDS_PROMPT_APP_DEEP_SCANNING","overlay","mixed_replacement_pending_split","yes_old_new_id_sync","branding_text_replacement;special_text_replacement;added_part","Needs message-level category split in checklist step 15."
"chrome/app/generated_resources.grd","IDS_PROMPT_DEEP_SCANNING","overlay","mixed_replacement_pending_split","yes_old_new_id_sync","branding_text_replacement;special_text_replacement;added_part","Needs message-level category split in checklist step 15."
"chrome/app/generated_resources.grd","IDS_PROMPT_DOWNLOAD_INSECURE_BLOCKED","overlay","mixed_replacement_pending_split","yes_old_new_id_sync","branding_text_replacement;special_text_replacement;added_part","Needs message-level category split in checklist step 15."
"chrome/app/generated_resources.grd","IDS_PROMPT_DOWNLOAD_INSECURE_WARNING","overlay","mixed_replacement_pending_split","yes_old_new_id_sync","branding_text_replacement;special_text_replacement;added_part","Needs message-level category split in checklist step 15."
"chrome/app/generated_resources.grd","IDS_QUIT_WITH_APPS_EXPLANATION","overlay","mixed_replacement_pending_split","yes_old_new_id_sync","branding_text_replacement;special_text_replacement;added_part","Needs message-level category split in checklist step 15."
"chrome/app/generated_resources.grd","IDS_QUIT_WITH_APPS_QUIT_LABEL","overlay","mixed_replacement_pending_split","yes_old_new_id_sync","branding_text_replacement;special_text_replacement;added_part","Needs message-level category split in checklist step 15."
"chrome/app/generated_resources.grd","IDS_REDIRECT_BLOCKED_TOOLTIP","overlay","mixed_replacement_pending_split","yes_old_new_id_sync","branding_text_replacement;special_text_replacement;added_part","Needs message-level category split in checklist step 15."
"chrome/app/generated_resources.grd","IDS_REFUSE_TO_RUN_AS_ROOT","overlay","mixed_replacement_pending_split","yes_old_new_id_sync","branding_text_replacement;special_text_replacement;added_part","Needs message-level category split in checklist step 15."
"chrome/app/generated_resources.grd","IDS_REFUSE_TO_RUN_AS_ROOT_2","overlay","mixed_replacement_pending_split","yes_old_new_id_sync","branding_text_replacement;special_text_replacement;added_part","Needs message-level category split in checklist step 15."
"chrome/app/generated_resources.grd","IDS_RELAUNCH_TO_UPDATE_ALT","overlay","mixed_replacement_pending_split","yes_old_new_id_sync","branding_text_replacement;special_text_replacement;added_part","Needs message-level category split in checklist step 15."
"chrome/app/generated_resources.grd","IDS_RELAUNCH_TO_UPDATE_ALT_MINOR_TEXT","overlay","mixed_replacement_pending_split","yes_old_new_id_sync","branding_text_replacement;special_text_replacement;added_part","Needs message-level category split in checklist step 15."
"chrome/app/generated_resources.grd","IDS_REPORT_AN_ISSUE","overlay","mixed_replacement_pending_split","yes_old_new_id_sync","branding_text_replacement;special_text_replacement;added_part","Needs message-level category split in checklist step 15."
"chrome/app/generated_resources.grd","IDS_RESET_PROFILE_SETTINGS_SHORTCUTS","overlay","mixed_replacement_pending_split","yes_old_new_id_sync","branding_text_replacement;special_text_replacement;added_part","Needs message-level category split in checklist step 15."
"chrome/app/generated_resources.grd","IDS_SAVE_PASSWORD_FOOTER","overlay","mixed_replacement_pending_split","yes_old_new_id_sync","branding_text_replacement;special_text_replacement;added_part","Needs message-level category split in checklist step 15."
"chrome/app/generated_resources.grd","IDS_SAVE_TO_DRIVE_FOLDER_NAME","overlay","mixed_replacement_pending_split","yes_old_new_id_sync","branding_text_replacement;special_text_replacement;added_part","Needs message-level category split in checklist step 15."
"chrome/app/generated_resources.grd","IDS_SEND_TAB_TO_SELF_NO_TARGET_DEVICE_LABEL","overlay","mixed_replacement_pending_split","yes_old_new_id_sync","branding_text_replacement;special_text_replacement;added_part","Needs message-level category split in checklist step 15."
"chrome/app/generated_resources.grd","IDS_SEND_TAB_TO_SELF_SIGN_IN_PROMO_LABEL","overlay","mixed_replacement_pending_split","yes_old_new_id_sync","branding_text_replacement;special_text_replacement;added_part","Needs message-level category split in checklist step 15."
"chrome/app/generated_resources.grd","IDS_SERVICE_PROCESS_DOCUMENT_ANALYSIS_NAME","overlay","mixed_replacement_pending_split","yes_old_new_id_sync","branding_text_replacement;special_text_replacement;added_part","Needs message-level category split in checklist step 15."
"chrome/app/generated_resources.grd","IDS_SETTINGS_SAFETY_HUB_REVOKED_PERMISSIONS_MENU_NOTIFICATION","overlay","mixed_replacement_pending_split","yes_old_new_id_sync","branding_text_replacement;special_text_replacement;added_part","Needs message-level category split in checklist step 15."
"chrome/app/generated_resources.grd","IDS_SHOW_ALL_DOWNLOADS","overlay","overlay_added_message","yes_added_message","branding_text_replacement;special_text_replacement;added_part",""
"chrome/app/generated_resources.grd","IDS_SHOW_CUSTOMIZE_CHROME_SIDE_PANEL","overlay","mixed_replacement_pending_split","yes_old_new_id_sync","branding_text_replacement;special_text_replacement;added_part","Needs message-level category split in checklist step 15."
"chrome/app/generated_resources.grd","IDS_SHOW_CUSTOMIZE_CHROME_TOOLBAR","overlay","mixed_replacement_pending_split","yes_old_new_id_sync","branding_text_replacement;special_text_replacement;added_part","Needs message-level category split in checklist step 15."
"chrome/app/generated_resources.grd","IDS_SHOW_SEARCH_COMPANION","overlay","mixed_replacement_pending_split","yes_old_new_id_sync","branding_text_replacement;special_text_replacement;added_part","Needs message-level category split in checklist step 15."
"chrome/app/generated_resources.grd","IDS_SIGNIN_DICE_WEB_INTERCEPT_BUBBLE_CHROME_SIGNIN_ACCEPT_TEXT","overlay","mixed_replacement_pending_split","yes_old_new_id_sync","branding_text_replacement;special_text_replacement;added_part","Needs message-level category split in checklist step 15."
"chrome/app/generated_resources.grd","IDS_SIGNIN_DICE_WEB_INTERCEPT_BUBBLE_CHROME_SIGNIN_IPH_OK_BUTTON","overlay","mixed_replacement_pending_split","yes_old_new_id_sync","branding_text_replacement;special_text_replacement;added_part","Needs message-level category split in checklist step 15."
"chrome/app/generated_resources.grd","IDS_SIGNIN_DICE_WEB_INTERCEPT_BUBBLE_CHROME_SIGNIN_IPH_TITLE_SIGNIN_REMINDER","overlay","mixed_replacement_pending_split","yes_old_new_id_sync","branding_text_replacement;special_text_replacement;added_part","Needs message-level category split in checklist step 15."
"chrome/app/generated_resources.grd","IDS_SIGNIN_DICE_WEB_INTERCEPT_BUBBLE_CHROME_SIGNIN_TITLE_SUPERVISED","overlay","mixed_replacement_pending_split","yes_old_new_id_sync","branding_text_replacement;special_text_replacement;added_part","Needs message-level category split in checklist step 15."
"chrome/app/generated_resources.grd","IDS_SIGNIN_DICE_WEB_INTERCEPT_BUBBLE_CREATE_PROFILE_BUTTON_LABEL","overlay","mixed_replacement_pending_split","yes_old_new_id_sync","branding_text_replacement;special_text_replacement;added_part","Needs message-level category split in checklist step 15."
"chrome/app/generated_resources.grd","IDS_SIGNIN_DICE_WEB_INTERCEPT_CREATE_BUBBLE_DESC_SUPERVISED","overlay","mixed_replacement_pending_split","yes_old_new_id_sync","branding_text_replacement;special_text_replacement;added_part","Needs message-level category split in checklist step 15."
"chrome/app/generated_resources.grd","IDS_SIGNIN_DICE_WEB_INTERCEPT_SWITCH_BUBBLE_CONTINUE_BUTTON_LABEL","overlay","mixed_replacement_pending_split","yes_old_new_id_sync","branding_text_replacement;special_text_replacement;added_part","Needs message-level category split in checklist step 15."
"chrome/app/generated_resources.grd","IDS_SKIP_PARENT_PERMISSION_EXTENSION_INFORMATION","overlay","mixed_replacement_pending_split","yes_old_new_id_sync","branding_text_replacement;special_text_replacement;added_part","Needs message-level category split in checklist step 15."
"chrome/app/generated_resources.grd","IDS_SYNC_CONFIRMATION_TANGIBLE_SYNC_INFO_TITLE","overlay","mixed_replacement_pending_split","yes_old_new_id_sync","branding_text_replacement;special_text_replacement;added_part","Needs message-level category split in checklist step 15."
"chrome/app/generated_resources.grd","IDS_SYNC_CONFIRMATION_TANGIBLE_SYNC_INFO_TITLE_SIGNIN_INTERCEPT_V2","overlay","mixed_replacement_pending_split","yes_old_new_id_sync","branding_text_replacement;special_text_replacement;added_part","Needs message-level category split in checklist step 15."
"chrome/app/generated_resources.grd","IDS_SYNC_RELOGIN_BUTTON","overlay","mixed_replacement_pending_split","yes_old_new_id_sync","branding_text_replacement;special_text_replacement;added_part","Needs message-level category split in checklist step 15."
"chrome/app/generated_resources.grd","IDS_SYNC_RELOGIN_BUTTON_MAYBE_TITLE_CASE","overlay","mixed_replacement_pending_split","yes_old_new_id_sync","branding_text_replacement;special_text_replacement;added_part","Needs message-level category split in checklist step 15."
"chrome/app/generated_resources.grd","IDS_SYNC_RELOGIN_ERROR","overlay","mixed_replacement_pending_split","yes_old_new_id_sync","branding_text_replacement;special_text_replacement;added_part","Needs message-level category split in checklist step 15."
"chrome/app/generated_resources.grd","IDS_SYNC_START_SYNC_BUTTON_LABEL","overlay","mixed_replacement_pending_split","yes_old_new_id_sync","branding_text_replacement;special_text_replacement;added_part","Needs message-level category split in checklist step 15."
"chrome/app/generated_resources.grd","IDS_SYNC_STATUS_UNRECOVERABLE_ERROR_NEEDS_SIGNOUT","overlay","mixed_replacement_pending_split","yes_old_new_id_sync","branding_text_replacement;special_text_replacement;added_part","Needs message-level category split in checklist step 15."
"chrome/app/generated_resources.grd","IDS_TAB_AX_LABEL_PERMISSION_REQUESTED_FORMAT","overlay","mixed_replacement_pending_split","yes_old_new_id_sync","branding_text_replacement;special_text_replacement;added_part","Needs message-level category split in checklist step 15."
"chrome/app/generated_resources.grd","IDS_TAB_GROUP_DELETION_DIALOG_MISSING_EMAIL","overlay","mixed_replacement_pending_split","yes_old_new_id_sync","branding_text_replacement;special_text_replacement;added_part","Needs message-level category split in checklist step 15."
"chrome/app/generated_resources.grd","IDS_TAB_ORGANIZATION_NOT_STARTED_BODY_SIGNED_OUT","overlay","mixed_replacement_pending_split","yes_old_new_id_sync","branding_text_replacement;special_text_replacement;added_part","Needs message-level category split in checklist step 15."
"chrome/app/generated_resources.grd","IDS_TAB_ORGANIZATION_NOT_STARTED_BUTTON_SIGNED_OUT_ARIA_LABEL","overlay","mixed_replacement_pending_split","yes_old_new_id_sync","branding_text_replacement;special_text_replacement;added_part","Needs message-level category split in checklist step 15."
"chrome/app/generated_resources.grd","IDS_TAILORED_SECURITY_CONSENTED_ENABLE_MESSAGE_DESCRIPTION","overlay","mixed_replacement_pending_split","yes_old_new_id_sync","branding_text_replacement;special_text_replacement;added_part","Needs message-level category split in checklist step 15."
"chrome/app/generated_resources.grd","IDS_TAILORED_SECURITY_DIALOG_SETTINGS_BUTTON","overlay","mixed_replacement_pending_split","yes_old_new_id_sync","branding_text_replacement;special_text_replacement;added_part","Needs message-level category split in checklist step 15."
"chrome/app/generated_resources.grd","IDS_TAILORED_SECURITY_DISABLED_DIALOG_MAIN_TEXT","overlay","mixed_replacement_pending_split","yes_old_new_id_sync","branding_text_replacement;special_text_replacement;added_part","Needs message-level category split in checklist step 15."
"chrome/app/generated_resources.grd","IDS_TAILORED_SECURITY_ENABLED_DIALOG_MAIN_TEXT","overlay","mixed_replacement_pending_split","yes_old_new_id_sync","branding_text_replacement;special_text_replacement;added_part","Needs message-level category split in checklist step 15."
"chrome/app/generated_resources.grd","IDS_TAILORED_SECURITY_UNCONSENTED_MESSAGE_TITLE","overlay","mixed_replacement_pending_split","yes_old_new_id_sync","branding_text_replacement;special_text_replacement;added_part","Needs message-level category split in checklist step 15."
"chrome/app/generated_resources.grd","IDS_TAILORED_SECURITY_UNCONSENTED_MODAL_BODY","overlay","mixed_replacement_pending_split","yes_old_new_id_sync","branding_text_replacement;special_text_replacement;added_part","Needs message-level category split in checklist step 15."
"chrome/app/generated_resources.grd","IDS_TAILORED_SECURITY_UNCONSENTED_MODAL_TITLE","overlay","mixed_replacement_pending_split","yes_old_new_id_sync","branding_text_replacement;special_text_replacement;added_part","Needs message-level category split in checklist step 15."
"chrome/app/generated_resources.grd","IDS_TASK_MANAGER_KEEPALIVE_COUNT_COLUMN","overlay","mixed_replacement_pending_split","yes_old_new_id_sync","branding_text_replacement;special_text_replacement;added_part","Needs message-level category split in checklist step 15."
"chrome/app/generated_resources.grd","IDS_TASK_MANAGER_PRELOADED_RENDERER_FOR_UI","overlay","mixed_replacement_pending_split","yes_old_new_id_sync","branding_text_replacement;special_text_replacement;added_part","Needs message-level category split in checklist step 15."
"chrome/app/generated_resources.grd","IDS_TIPS_NOTIFICATIONS_ENHANCED_SAFE_BROWSING_TITLE","overlay","mixed_replacement_pending_split","yes_old_new_id_sync","branding_text_replacement;special_text_replacement;added_part","Needs message-level category split in checklist step 15."
"chrome/app/generated_resources.grd","IDS_TIPS_NOTIFICATIONS_HELPFUL_BUTTON_TEXT","overlay","mixed_replacement_pending_split","yes_old_new_id_sync","branding_text_replacement;special_text_replacement;added_part","Needs message-level category split in checklist step 15."
"chrome/app/generated_resources.grd","IDS_TOOLBAR_BUTTON_SEND_TAB_TO_SELF_BUTTON_HINT_TEXT","overlay","mixed_replacement_pending_split","yes_old_new_id_sync","branding_text_replacement;special_text_replacement;added_part","Needs message-level category split in checklist step 15."
"chrome/app/generated_resources.grd","IDS_TOOLTIP_CHROMELABS_BUTTON","overlay","mixed_replacement_pending_split","yes_old_new_id_sync","branding_text_replacement;special_text_replacement;added_part","Needs message-level category split in checklist step 15."
"chrome/app/generated_resources.grd","IDS_TOOLTIP_CHROMELABS_COMBOBOX","overlay","mixed_replacement_pending_split","yes_old_new_id_sync","branding_text_replacement;special_text_replacement;added_part","Needs message-level category split in checklist step 15."
"chrome/app/generated_resources.grd","IDS_TOOLTIP_CHROMELABS_FEEDBACK_BUTTON","overlay","mixed_replacement_pending_split","yes_old_new_id_sync","branding_text_replacement;special_text_replacement;added_part","Needs message-level category split in checklist step 15."
"chrome/app/generated_resources.grd","IDS_TOOLTIP_MIGRATE_LOCAL_CARD","overlay","mixed_replacement_pending_split","yes_old_new_id_sync","branding_text_replacement;special_text_replacement;added_part","Needs message-level category split in checklist step 15."
"chrome/app/generated_resources.grd","IDS_TOS_NOTIFICATION_TITLE","overlay","mixed_replacement_pending_split","yes_old_new_id_sync","branding_text_replacement;special_text_replacement;added_part","Needs message-level category split in checklist step 15."
"chrome/app/generated_resources.grd","IDS_TRACKING_PROTECTION_BUBBLE_LIMITING_RESTART_TITLE","overlay","mixed_replacement_pending_split","yes_old_new_id_sync","branding_text_replacement;special_text_replacement;added_part","Needs message-level category split in checklist step 15."
"chrome/app/generated_resources.grd","IDS_TRIGGERED_RESET_PROFILE_SETTINGS_EXPLANATION","overlay","mixed_replacement_pending_split","yes_old_new_id_sync","branding_text_replacement;special_text_replacement;added_part","Needs message-level category split in checklist step 15."
"chrome/app/generated_resources.grd","IDS_TUTORIAL_CUSTOMIZE_CHROME_OPEN_SIDE_PANEL","overlay","mixed_replacement_pending_split","yes_old_new_id_sync","branding_text_replacement;special_text_replacement;added_part","Needs message-level category split in checklist step 15."
"chrome/app/generated_resources.grd","IDS_TUTORIAL_CUSTOMIZE_CHROME_START_TUTORIAL_IPH","overlay","mixed_replacement_pending_split","yes_old_new_id_sync","branding_text_replacement;special_text_replacement;added_part","Needs message-level category split in checklist step 15."
"chrome/app/generated_resources.grd","IDS_TUTORIAL_CUSTOMIZE_CHROME_SUCCESS_BODY","overlay","mixed_replacement_pending_split","yes_old_new_id_sync","branding_text_replacement;special_text_replacement;added_part","Needs message-level category split in checklist step 15."
"chrome/app/generated_resources.grd","IDS_UPDATED_CONNECTION_SECURITY_INDICATORS_PROMO","overlay","mixed_replacement_pending_split","yes_old_new_id_sync","branding_text_replacement;special_text_replacement;added_part","Needs message-level category split in checklist step 15."
"chrome/app/generated_resources.grd","IDS_USER_INSTALLED_CHROME_APP_DEPRECATION_BLOCKED_LAUNCH_DIALOG_CLOSE_BUTTON","overlay","mixed_replacement_pending_split","yes_old_new_id_sync","branding_text_replacement;special_text_replacement;added_part","Needs message-level category split in checklist step 15."
"chrome/app/generated_resources.grd","IDS_USER_INSTALLED_CHROME_APP_DEPRECATION_BLOCKED_LAUNCH_DIALOG_MESSAGE","overlay","mixed_replacement_pending_split","yes_old_new_id_sync","branding_text_replacement;special_text_replacement;added_part","Needs message-level category split in checklist step 15."
"chrome/app/generated_resources.grd","IDS_USER_INSTALLED_CHROME_APP_DEPRECATION_BLOCKED_LAUNCH_DIALOG_TITLE","overlay","mixed_replacement_pending_split","yes_old_new_id_sync","branding_text_replacement;special_text_replacement;added_part","Needs message-level category split in checklist step 15."
"chrome/app/generated_resources.grd","IDS_USER_INSTALLED_CHROME_APP_DEPRECATION_NOTIFICATION_MESSAGE","overlay","mixed_replacement_pending_split","yes_old_new_id_sync","branding_text_replacement;special_text_replacement;added_part","Needs message-level category split in checklist step 15."
"chrome/app/generated_resources.grd","IDS_UTILITY_PROCESS_FILE_UTILITY_NAME","overlay","mixed_replacement_pending_split","yes_old_new_id_sync","branding_text_replacement;special_text_replacement;added_part","Needs message-level category split in checklist step 15."
"chrome/app/generated_resources.grd","IDS_UTILITY_PROCESS_IMAGE_WRITER_NAME","overlay","mixed_replacement_pending_split","yes_old_new_id_sync","branding_text_replacement;special_text_replacement;added_part","Needs message-level category split in checklist step 15."
"chrome/app/generated_resources.grd","IDS_WEBAUTHN_BLUETOOTH_PERMISSION","overlay","mixed_replacement_pending_split","yes_old_new_id_sync","branding_text_replacement;special_text_replacement;added_part","Needs message-level category split in checklist step 15."
"chrome/app/generated_resources.grd","IDS_WEBAUTHN_BLUETOOTH_POWER_ON_AUTO_DESCRIPTION","overlay","mixed_replacement_pending_split","yes_old_new_id_sync","branding_text_replacement;special_text_replacement;added_part","Needs message-level category split in checklist step 15."
"chrome/app/generated_resources.grd","IDS_WEBAUTHN_BLUETOOTH_POWER_ON_AUTO_NEXT","overlay","mixed_replacement_pending_split","yes_old_new_id_sync","branding_text_replacement;special_text_replacement;added_part","Needs message-level category split in checklist step 15."
"chrome/app/generated_resources.grd","IDS_WEBAUTHN_BLUETOOTH_POWER_ON_AUTO_TITLE","overlay","mixed_replacement_pending_split","yes_old_new_id_sync","branding_text_replacement;special_text_replacement;added_part","Needs message-level category split in checklist step 15."
"chrome/app/generated_resources.grd","IDS_WEBAUTHN_BLUETOOTH_POWER_ON_MANUAL_NEXT","overlay","mixed_replacement_pending_split","yes_old_new_id_sync","branding_text_replacement;special_text_replacement;added_part","Needs message-level category split in checklist step 15."
"chrome/app/generated_resources.grd","IDS_WEBAUTHN_ENTERPRISE_ATTESTATION_WARNING","overlay","mixed_replacement_pending_split","yes_old_new_id_sync","branding_text_replacement;special_text_replacement;added_part","Needs message-level category split in checklist step 15."
"chrome/app/generated_resources.grd","IDS_WEBAUTHN_PASSKEY_PHONE_OR_TABLET_LABEL","overlay","mixed_replacement_pending_split","yes_old_new_id_sync","branding_text_replacement;special_text_replacement;added_part","Needs message-level category split in checklist step 15."
"chrome/app/generated_resources.grd","IDS_WEBAUTHN_PASSKEY_PHONE_TABLET_OR_SECURITY_KEY_LABEL","overlay","mixed_replacement_pending_split","yes_old_new_id_sync","branding_text_replacement;special_text_replacement;added_part","Needs message-level category split in checklist step 15."
"chrome/app/generated_resources.grd","IDS_WEBAUTHN_PHONE_CONFIRMATION_TITLE","overlay","mixed_replacement_pending_split","yes_old_new_id_sync","branding_text_replacement;special_text_replacement;added_part","Needs message-level category split in checklist step 15."
"chrome/app/generated_resources.grd","IDS_WEBAUTHN_SOURCE_CHROME_PROFILE","overlay","mixed_replacement_pending_split","yes_old_new_id_sync","branding_text_replacement;special_text_replacement;added_part","Needs message-level category split in checklist step 15."
"chrome/app/generated_resources.grd","IDS_WEBAUTHN_TOUCH_ID_CONTINUE","overlay","mixed_replacement_pending_split","yes_old_new_id_sync","branding_text_replacement;special_text_replacement;added_part","Needs message-level category split in checklist step 15."
"chrome/app/generated_resources.grd","IDS_WEBAUTHN_YOUR_CHROME_PROFILE","overlay","mixed_replacement_pending_split","yes_old_new_id_sync","branding_text_replacement;special_text_replacement;added_part","Needs message-level category split in checklist step 15."
"chrome/app/generated_resources.grd","IDS_WINDOW_TITLE_EXPERIMENTS","overlay","mixed_replacement_pending_split","yes_old_new_id_sync","branding_text_replacement;special_text_replacement;added_part","Needs message-level category split in checklist step 15."
"chrome/app/generated_resources.grd","IDS_ZOOMLEVELS_CHROME_ERROR_PAGES_LABEL","overlay","mixed_replacement_pending_split","yes_old_new_id_sync","branding_text_replacement;special_text_replacement;added_part","Needs message-level category split in checklist step 15."
"chrome/app/settings_chromium_strings.grdp","IDS_OS_SETTINGS_TAG_OS_VERSION","overlay","branding_text_replacement","yes_old_new_id_sync","branding_text_replacement",""
"chrome/app/settings_chromium_strings.grdp","IDS_RELAUNCH_CONFIRMATION_DIALOG_TITLE","overlay","branding_text_replacement","yes_old_new_id_sync","branding_text_replacement",""
"chrome/app/settings_chromium_strings.grdp","IDS_SETTING_NAME_YOUR_PROFILE","overlay","branding_text_replacement","yes_old_new_id_sync","branding_text_replacement",""
"chrome/app/settings_chromium_strings.grdp","IDS_SETTINGS_ABOUT_OS","overlay","branding_text_replacement","yes_old_new_id_sync","branding_text_replacement",""
"chrome/app/settings_chromium_strings.grdp","IDS_SETTINGS_ABOUT_PROGRAM","overlay","branding_text_replacement","yes_old_new_id_sync","branding_text_replacement",""
"chrome/app/settings_chromium_strings.grdp","IDS_SETTINGS_ACCOUNT_DATA_DASHBOARD","overlay","branding_text_replacement","yes_old_new_id_sync","branding_text_replacement",""
"chrome/app/settings_chromium_strings.grdp","IDS_SETTINGS_ACCOUNT_MANAGER_DESCRIPTION_V2","overlay","branding_text_replacement","yes_old_new_id_sync","branding_text_replacement",""
"chrome/app/settings_chromium_strings.grdp","IDS_SETTINGS_AUTOFILL_AI_DESCRIPTION","overlay","branding_text_replacement","yes_old_new_id_sync","branding_text_replacement",""
"chrome/app/settings_chromium_strings.grdp","IDS_SETTINGS_AUTOFILL_AI_DESCRIPTION_FEATURE_OFF","overlay","branding_text_replacement","yes_old_new_id_sync","branding_text_replacement",""
"chrome/app/settings_chromium_strings.grdp","IDS_SETTINGS_AUTOFILL_AI_DESCRIPTION_FEATURE_ON","overlay","branding_text_replacement","yes_old_new_id_sync","branding_text_replacement",""
"chrome/app/settings_chromium_strings.grdp","IDS_SETTINGS_AUTOFILL_AI_TOGGLE_SUB_LABEL","overlay","branding_text_replacement","yes_old_new_id_sync","branding_text_replacement",""
"chrome/app/settings_chromium_strings.grdp","IDS_SETTINGS_AUTOFILL_AI_WHEN_ON_USE_TO_FILL","overlay","branding_text_replacement","yes_old_new_id_sync","branding_text_replacement",""
"chrome/app/settings_chromium_strings.grdp","IDS_SETTINGS_CHECK_PASSWORDS_ERROR_GENERIC","overlay","branding_text_replacement","yes_old_new_id_sync","branding_text_replacement",""
"chrome/app/settings_chromium_strings.grdp","IDS_SETTINGS_CHECK_PASSWORDS_ERROR_NO_PASSWORDS","overlay","branding_text_replacement","yes_old_new_id_sync","branding_text_replacement",""
"chrome/app/settings_chromium_strings.grdp","IDS_SETTINGS_CHECK_PASSWORDS_ERROR_OFFLINE","overlay","branding_text_replacement","yes_old_new_id_sync","branding_text_replacement",""
"chrome/app/settings_chromium_strings.grdp","IDS_SETTINGS_CHECK_PASSWORDS_ERROR_QUOTA_LIMIT","overlay","branding_text_replacement","yes_old_new_id_sync","branding_text_replacement",""
"chrome/app/settings_chromium_strings.grdp","IDS_SETTINGS_CHECK_PASSWORDS_ERROR_QUOTA_LIMIT_GOOGLE_ACCOUNT","overlay","branding_text_replacement","yes_old_new_id_sync","branding_text_replacement",""
"chrome/app/settings_chromium_strings.grdp","IDS_SETTINGS_CHECK_PASSWORDS_ERROR_SIGNED_OUT","overlay","branding_text_replacement","yes_old_new_id_sync","branding_text_replacement",""
"chrome/app/settings_chromium_strings.grdp","IDS_SETTINGS_COMPROMISED_EDIT_DISCLAIMER_DESCRIPTION","overlay","branding_text_replacement","yes_old_new_id_sync","branding_text_replacement",""
"chrome/app/settings_chromium_strings.grdp","IDS_SETTINGS_CUSTOMIZE_YOUR_CHROME_PROFILE","overlay","branding_text_replacement","yes_old_new_id_sync","branding_text_replacement",""
"chrome/app/settings_chromium_strings.grdp","IDS_SETTINGS_DEFAULT_BROWSER_DEFAULT","overlay","branding_text_replacement","yes_old_new_id_sync","branding_text_replacement",""
"chrome/app/settings_chromium_strings.grdp","IDS_SETTINGS_DEFAULT_BROWSER_DEFAULT_THANK_YOU","overlay","branding_text_replacement","yes_old_new_id_sync","branding_text_replacement",""
"chrome/app/settings_chromium_strings.grdp","IDS_SETTINGS_DEFAULT_BROWSER_ERROR","overlay","branding_text_replacement","yes_old_new_id_sync","branding_text_replacement",""
"chrome/app/settings_chromium_strings.grdp","IDS_SETTINGS_DEFAULT_BROWSER_MAKE_DEFAULT","overlay","branding_text_replacement","yes_old_new_id_sync","branding_text_replacement",""
"chrome/app/settings_chromium_strings.grdp","IDS_SETTINGS_DEFAULT_BROWSER_MAKE_DEFAULT_AND_PIN","overlay","branding_text_replacement","yes_old_new_id_sync","branding_text_replacement",""
"chrome/app/settings_chromium_strings.grdp","IDS_SETTINGS_DEFAULT_BROWSER_MAKE_DEFAULT_USER_VALUE","overlay","branding_text_replacement","yes_old_new_id_sync","branding_text_replacement",""
"chrome/app/settings_chromium_strings.grdp","IDS_SETTINGS_DEFAULT_BROWSER_SECONDARY","overlay","branding_text_replacement","yes_old_new_id_sync","branding_text_replacement",""
"chrome/app/settings_chromium_strings.grdp","IDS_SETTINGS_ENCRYPT_ACCOUNT_DATA_WITH_PASSPHRASE_EXPLANATION_TEXT","overlay","branding_text_replacement","yes_old_new_id_sync","branding_text_replacement",""
"chrome/app/settings_chromium_strings.grdp","IDS_SETTINGS_ENCRYPT_ACCOUNT_DATA_WITH_PASSPHRASE_LABEL","overlay","branding_text_replacement","yes_old_new_id_sync","branding_text_replacement",""
"chrome/app/settings_chromium_strings.grdp","IDS_SETTINGS_ENCRYPT_ACCOUNT_DATA_WITH_PASSPHRASE_WALLET_LABEL","overlay","branding_text_replacement","yes_old_new_id_sync","branding_text_replacement",""
"chrome/app/settings_chromium_strings.grdp","IDS_SETTINGS_ERROR_PASSPHRASE_USER_ERROR_DESCRIPTION","overlay","branding_text_replacement","yes_old_new_id_sync","branding_text_replacement",""
"chrome/app/settings_chromium_strings.grdp","IDS_SETTINGS_ERROR_PASSPHRASE_USER_ERROR_DESCRIPTION_WITH_EMAIL","overlay","branding_text_replacement","yes_old_new_id_sync","branding_text_replacement",""
"chrome/app/settings_chromium_strings.grdp","IDS_SETTINGS_ERROR_TRUSTED_VAULT_USER_ERROR_DESCRIPTION","overlay","branding_text_replacement","yes_old_new_id_sync","branding_text_replacement",""
"chrome/app/settings_chromium_strings.grdp","IDS_SETTINGS_ERROR_UPGRADE_CLIENT_USER_ERROR_DESCRIPTION","overlay","branding_text_replacement","yes_old_new_id_sync","branding_text_replacement",""
"chrome/app/settings_chromium_strings.grdp","IDS_SETTINGS_GET_HELP_USING_CHROME","overlay","branding_text_replacement","yes_old_new_id_sync","branding_text_replacement",""
"chrome/app/settings_chromium_strings.grdp","IDS_SETTINGS_HTTPS_FIRST_MODE_DISABLED_SUBLABEL","overlay","branding_text_replacement","yes_old_new_id_sync","branding_text_replacement",""
"chrome/app/settings_chromium_strings.grdp","IDS_SETTINGS_HTTPS_FIRST_MODE_ENABLED_FULL_SUBLABEL","overlay","branding_text_replacement","yes_old_new_id_sync","branding_text_replacement",""
"chrome/app/settings_chromium_strings.grdp","IDS_SETTINGS_HTTPS_FIRST_MODE_ENABLED_INCOGNITO_SUBLABEL","overlay","branding_text_replacement","yes_old_new_id_sync","branding_text_replacement",""
"chrome/app/settings_chromium_strings.grdp","IDS_SETTINGS_HTTPS_FIRST_MODE_SUBTITLE","overlay","branding_text_replacement","yes_old_new_id_sync","branding_text_replacement",""
"chrome/app/settings_chromium_strings.grdp","IDS_SETTINGS_LANGUAGES_DISPLAY_IN_THIS_LANGUAGE","overlay","branding_text_replacement","yes_old_new_id_sync","branding_text_replacement",""
"chrome/app/settings_chromium_strings.grdp","IDS_SETTINGS_LANGUAGES_IS_DISPLAYED_IN_THIS_LANGUAGE","overlay","branding_text_replacement","yes_old_new_id_sync","branding_text_replacement",""
"chrome/app/settings_chromium_strings.grdp","IDS_SETTINGS_NO_COMPROMISED_CREDENTIALS_LABEL","overlay","branding_text_replacement","yes_old_new_id_sync","branding_text_replacement",""
"chrome/app/settings_chromium_strings.grdp","IDS_SETTINGS_PAGE_CONTENT_THINGS_TO_CONSIDER_BULLET_TWO","overlay","branding_text_replacement","yes_old_new_id_sync","branding_text_replacement",""
"chrome/app/settings_chromium_strings.grdp","IDS_SETTINGS_PASSPHRASE_RESET_HINT_ACCOUNT_DATA_ENCRYPTION","overlay","branding_text_replacement","yes_old_new_id_sync","branding_text_replacement",""
"chrome/app/settings_chromium_strings.grdp","IDS_SETTINGS_PENDING_STATE_DESCRIPTION","overlay","branding_text_replacement","yes_old_new_id_sync","branding_text_replacement",""
"chrome/app/settings_chromium_strings.grdp","IDS_SETTINGS_PEOPLE_ACCOUNT_AWARE_SIGNIN_ACCOUNT_ROW_TITLE","overlay","branding_text_replacement","yes_old_new_id_sync","branding_text_replacement",""
"chrome/app/settings_chromium_strings.grdp","IDS_SETTINGS_PEOPLE_EXPLICIT_SIGN_IN_PROMPT_SECONDARY_WITH_NO_ACCOUNT","overlay","branding_text_replacement","yes_old_new_id_sync","branding_text_replacement",""
"chrome/app/settings_chromium_strings.grdp","IDS_SETTINGS_PEOPLE_EXPLICIT_SIGN_IN_PROMPT_SECONDARY_WITH_NO_ACCOUNT_WITH_BOOKMARKS","overlay","branding_text_replacement","yes_old_new_id_sync","branding_text_replacement",""
"chrome/app/settings_chromium_strings.grdp","IDS_SETTINGS_PEOPLE_SIGN_IN_PROMPT_SECONDARY_WITH_ACCOUNT","overlay","branding_text_replacement","yes_old_new_id_sync","branding_text_replacement",""
"chrome/app/settings_chromium_strings.grdp","IDS_SETTINGS_PEOPLE_SIGNIN_SECTION_SIGNED_OUT_TITLE","overlay","branding_text_replacement","yes_old_new_id_sync","branding_text_replacement",""
"chrome/app/settings_chromium_strings.grdp","IDS_SETTINGS_PERFORMANCE_BATTERY_SAVER_MODE_SETTING_DESCRIPTION","overlay","branding_text_replacement","yes_old_new_id_sync","branding_text_replacement",""
"chrome/app/settings_chromium_strings.grdp","IDS_SETTINGS_PERFORMANCE_MEMORY_SAVER_MODE_SETTING_DESCRIPTION","overlay","branding_text_replacement","yes_old_new_id_sync","branding_text_replacement",""
"chrome/app/settings_chromium_strings.grdp","IDS_SETTINGS_PERFORMANCE_PRELOAD_TOGGLE_SUMMARY","overlay","branding_text_replacement","yes_old_new_id_sync","branding_text_replacement",""
"chrome/app/settings_chromium_strings.grdp","IDS_SETTINGS_PERSONALIZE_GOOGLE_SERVICES_DESC","overlay","branding_text_replacement","yes_old_new_id_sync","branding_text_replacement",""
"chrome/app/settings_chromium_strings.grdp","IDS_SETTINGS_PERSONALIZE_GOOGLE_SERVICES_DESC_WITH_LINKED_SERVICES","overlay","branding_text_replacement","yes_old_new_id_sync","branding_text_replacement",""
"chrome/app/settings_chromium_strings.grdp","IDS_SETTINGS_PERSONALIZE_GOOGLE_SERVICES_LINKED_SERVICES_DESC","overlay","branding_text_replacement","yes_old_new_id_sync","branding_text_replacement",""
"chrome/app/settings_chromium_strings.grdp","IDS_SETTINGS_PRELOAD_PAGES_EXTENDED_PRELOADING_THINGS_TO_CONSIDER_BULLET_TWO","overlay","branding_text_replacement","yes_old_new_id_sync","branding_text_replacement",""
"chrome/app/settings_chromium_strings.grdp","IDS_SETTINGS_PRELOAD_PAGES_EXTENDED_PRELOADING_WHEN_ON_BULLET_TWO","overlay","branding_text_replacement","yes_old_new_id_sync","branding_text_replacement",""
"chrome/app/settings_chromium_strings.grdp","IDS_SETTINGS_PRELOAD_PAGES_STANDARD_PRELOADING_WHEN_ON_BULLET_TWO","overlay","branding_text_replacement","yes_old_new_id_sync","branding_text_replacement",""
"chrome/app/settings_chromium_strings.grdp","IDS_SETTINGS_PRELOAD_PAGES_THINGS_TO_CONSIDER_BULLET_ONE","overlay","branding_text_replacement","yes_old_new_id_sync","branding_text_replacement",""
"chrome/app/settings_chromium_strings.grdp","IDS_SETTINGS_PRIVACY_GUIDE_COMPLETION_CARD_PRIVACY_SANDBOX_SUB_LABEL","overlay","branding_text_replacement","yes_old_new_id_sync","branding_text_replacement",""
"chrome/app/settings_chromium_strings.grdp","IDS_SETTINGS_PRIVACY_GUIDE_COMPLETION_CARD_WAA_SUB_LABEL","overlay","branding_text_replacement","yes_old_new_id_sync","branding_text_replacement",""
"chrome/app/settings_chromium_strings.grdp","IDS_SETTINGS_PRIVACY_GUIDE_MSBB_FEATURE_DESCRIPTION3","overlay","branding_text_replacement","yes_old_new_id_sync","branding_text_replacement",""
"chrome/app/settings_chromium_strings.grdp","IDS_SETTINGS_PRIVACY_GUIDE_MSBB_PRIVACY_DESCRIPTION2","overlay","branding_text_replacement","yes_old_new_id_sync","branding_text_replacement",""
"chrome/app/settings_chromium_strings.grdp","IDS_SETTINGS_PRIVACY_GUIDE_PROMO_BODY","overlay","branding_text_replacement","yes_old_new_id_sync","branding_text_replacement",""
"chrome/app/settings_chromium_strings.grdp","IDS_SETTINGS_PRIVACY_GUIDE_SAFE_BROWSING_CARD_STANDARD_PROTECTION_FEATURE_DESCRIPTION2","overlay","branding_text_replacement","yes_old_new_id_sync","branding_text_replacement",""
"chrome/app/settings_chromium_strings.grdp","IDS_SETTINGS_PRIVACY_GUIDE_SAFE_BROWSING_CARD_STANDARD_PROTECTION_PRIVACY_DESCRIPTION1","overlay","branding_text_replacement","yes_old_new_id_sync","branding_text_replacement",""
"chrome/app/settings_chromium_strings.grdp","IDS_SETTINGS_PRIVACY_SANDBOX_AD_MEASUREMENT_DIALOG_DESCRIPTION","overlay","branding_text_replacement","yes_old_new_id_sync","branding_text_replacement",""
"chrome/app/settings_chromium_strings.grdp","IDS_SETTINGS_PRIVACY_SANDBOX_LEARN_MORE_DIALOG_TOPICS_TITLE","overlay","branding_text_replacement","yes_old_new_id_sync","branding_text_replacement",""
"chrome/app/settings_chromium_strings.grdp","IDS_SETTINGS_RESET_PROFILE_FEEDBACK","overlay","branding_text_replacement","yes_old_new_id_sync","branding_text_replacement",""
"chrome/app/settings_chromium_strings.grdp","IDS_SETTINGS_RESTART_TO_APPLY_CHANGES","overlay","branding_text_replacement","yes_old_new_id_sync","branding_text_replacement",""
"chrome/app/settings_chromium_strings.grdp","IDS_SETTINGS_SAFEBROWSING_ENHANCED_BULLET_TWO","overlay","branding_text_replacement","yes_old_new_id_sync","branding_text_replacement",""
"chrome/app/settings_chromium_strings.grdp","IDS_SETTINGS_SAFEBROWSING_ENHANCED_LEARN_MORE_LABEL","overlay","branding_text_replacement","yes_old_new_id_sync","branding_text_replacement",""
"chrome/app/settings_chromium_strings.grdp","IDS_SETTINGS_SAFEBROWSING_ENHANCED_WHEN_ON_BULLET_ONE","overlay","branding_text_replacement","yes_old_new_id_sync","branding_text_replacement",""
"chrome/app/settings_chromium_strings.grdp","IDS_SETTINGS_SAFEBROWSING_STANDARD_BULLET_TWO","overlay","branding_text_replacement","yes_old_new_id_sync","branding_text_replacement",""
"chrome/app/settings_chromium_strings.grdp","IDS_SETTINGS_SAFETY_CHECK_UNUSED_SITE_PERMISSIONS_AND_NOTIFICATIONS_SETTING_SUBLABEL","overlay","branding_text_replacement","yes_old_new_id_sync","branding_text_replacement",""
"chrome/app/settings_chromium_strings.grdp","IDS_SETTINGS_SAFETY_CHECK_UNUSED_SITE_PERMISSIONS_SETTING_SUBLABEL","overlay","branding_text_replacement","yes_old_new_id_sync","branding_text_replacement",""
"chrome/app/settings_chromium_strings.grdp","IDS_SETTINGS_SAFETY_HUB_ABUSIVE_NOTIFICATION_PERMISSIONS_SETTING_SUBLABEL","overlay","branding_text_replacement","yes_old_new_id_sync","branding_text_replacement",""
"chrome/app/settings_chromium_strings.grdp","IDS_SETTINGS_SAFETY_HUB_EMPTY_STATE_MODULE_SUBHEADER","overlay","branding_text_replacement","yes_old_new_id_sync","branding_text_replacement",""
"chrome/app/settings_chromium_strings.grdp","IDS_SETTINGS_SAFETY_HUB_ENTRY_POINT_HEADER","overlay","branding_text_replacement","yes_old_new_id_sync","branding_text_replacement",""
"chrome/app/settings_chromium_strings.grdp","IDS_SETTINGS_SAFETY_HUB_ENTRY_POINT_NOTHING_TO_DO","overlay","branding_text_replacement","yes_old_new_id_sync","branding_text_replacement",""
"chrome/app/settings_chromium_strings.grdp","IDS_SETTINGS_SAFETY_HUB_PASSWORD_CHECK_SUBHEADER_NO_PASSWORDS","overlay","branding_text_replacement","yes_old_new_id_sync","branding_text_replacement",""
"chrome/app/settings_chromium_strings.grdp","IDS_SETTINGS_SAFETY_HUB_UNUSED_SITE_PERMISSIONS_REMOVED_FOUR_OR_MORE_PERMISSIONS_LABEL","overlay","branding_text_replacement","yes_old_new_id_sync","branding_text_replacement",""
"chrome/app/settings_chromium_strings.grdp","IDS_SETTINGS_SAFETY_HUB_UNUSED_SITE_PERMISSIONS_REMOVED_ONE_PERMISSION_LABEL","overlay","branding_text_replacement","yes_old_new_id_sync","branding_text_replacement",""
"chrome/app/settings_chromium_strings.grdp","IDS_SETTINGS_SAFETY_HUB_UNUSED_SITE_PERMISSIONS_REMOVED_THREE_PERMISSIONS_LABEL","overlay","branding_text_replacement","yes_old_new_id_sync","branding_text_replacement",""
"chrome/app/settings_chromium_strings.grdp","IDS_SETTINGS_SAFETY_HUB_UNUSED_SITE_PERMISSIONS_REMOVED_TWO_PERMISSIONS_LABEL","overlay","branding_text_replacement","yes_old_new_id_sync","branding_text_replacement",""
"chrome/app/settings_chromium_strings.grdp","IDS_SETTINGS_SAFETY_HUB_USER_EDU_DATA_HEADER","overlay","branding_text_replacement","yes_old_new_id_sync","branding_text_replacement",""
"chrome/app/settings_chromium_strings.grdp","IDS_SETTINGS_SAFETY_HUB_USER_EDU_DATA_SUBHEADER","overlay","branding_text_replacement","yes_old_new_id_sync","branding_text_replacement",""
"chrome/app/settings_chromium_strings.grdp","IDS_SETTINGS_SAFETY_HUB_USER_EDU_INCOGNITO_HEADER","overlay","branding_text_replacement","yes_old_new_id_sync","branding_text_replacement",""
"chrome/app/settings_chromium_strings.grdp","IDS_SETTINGS_SAFETY_HUB_USER_EDU_MODULE_HEADER","overlay","branding_text_replacement","yes_old_new_id_sync","branding_text_replacement",""
"chrome/app/settings_chromium_strings.grdp","IDS_SETTINGS_SAFETY_HUB_USER_EDU_SAFE_BROWSING_SUBHEADER","overlay","branding_text_replacement","yes_old_new_id_sync","branding_text_replacement",""
"chrome/app/settings_chromium_strings.grdp","IDS_SETTINGS_SAFETY_HUB_VERSION_CARD_HEADER_RESTART","overlay","branding_text_replacement","yes_old_new_id_sync","branding_text_replacement",""
"chrome/app/settings_chromium_strings.grdp","IDS_SETTINGS_SAFETY_HUB_VERSION_CARD_HEADER_UPDATED","overlay","branding_text_replacement","yes_old_new_id_sync","branding_text_replacement",""
"chrome/app/settings_chromium_strings.grdp","IDS_SETTINGS_SAFETY_HUB_VERSION_MODULE_LOWERCASE_NAME","overlay","branding_text_replacement","yes_old_new_id_sync","branding_text_replacement",""
"chrome/app/settings_chromium_strings.grdp","IDS_SETTINGS_SAFETY_HUB_VERSION_MODULE_UPPERCASE_NAME","overlay","branding_text_replacement","yes_old_new_id_sync","branding_text_replacement",""
"chrome/app/settings_chromium_strings.grdp","IDS_SETTINGS_SAFETY_HUB_VERSION_NAVIGATION_ARIA_LABEL","overlay","branding_text_replacement","yes_old_new_id_sync","branding_text_replacement",""
"chrome/app/settings_chromium_strings.grdp","IDS_SETTINGS_SAFETY_HUB_VERSION_RELAUNCH_ARIA_LABEL","overlay","branding_text_replacement","yes_old_new_id_sync","branding_text_replacement",""
"chrome/app/settings_chromium_strings.grdp","IDS_SETTINGS_SEARCH_AGGREGATOR_PREF_DESC","overlay","branding_text_replacement","yes_old_new_id_sync","branding_text_replacement",""
"chrome/app/settings_chromium_strings.grdp","IDS_SETTINGS_SECURE_CONNECTIONS_SECTION_DESCRIPTION","overlay","branding_text_replacement","yes_old_new_id_sync","branding_text_replacement",""
"chrome/app/settings_chromium_strings.grdp","IDS_SETTINGS_SECURE_DNS_DESCRIPTION","overlay","branding_text_replacement","yes_old_new_id_sync","branding_text_replacement",""
"chrome/app/settings_chromium_strings.grdp","IDS_SETTINGS_SECURITY_PASSWORDS_LEAK_DETECTION_DESC","overlay","branding_text_replacement","yes_old_new_id_sync","branding_text_replacement",""
"chrome/app/settings_chromium_strings.grdp","IDS_SETTINGS_SIGN_OUT","overlay","branding_text_replacement","yes_old_new_id_sync","branding_text_replacement",""
"chrome/app/settings_chromium_strings.grdp","IDS_SETTINGS_SIGNED_OUT_USER_HAS_COMPROMISED_CREDENTIALS_LABEL","overlay","branding_text_replacement","yes_old_new_id_sync","branding_text_replacement",""
"chrome/app/settings_chromium_strings.grdp","IDS_SETTINGS_SIGNED_OUT_USER_LABEL","overlay","branding_text_replacement","yes_old_new_id_sync","branding_text_replacement",""
"chrome/app/settings_chromium_strings.grdp","IDS_SETTINGS_SIGNIN_ALLOWED","overlay","branding_text_replacement","yes_old_new_id_sync","branding_text_replacement",""
"chrome/app/settings_chromium_strings.grdp","IDS_SETTINGS_SIGNIN_ALLOWED_DESC","overlay","branding_text_replacement","yes_old_new_id_sync","branding_text_replacement",""
"chrome/app/settings_chromium_strings.grdp","IDS_SETTINGS_SIGNIN_ALLOWED_DESC_2","overlay","branding_text_replacement","yes_old_new_id_sync","branding_text_replacement",""
"chrome/app/settings_chromium_strings.grdp","IDS_SETTINGS_SIGNIN_CHROME_SIGNIN_OPTIONS_DESC","overlay","branding_text_replacement","yes_old_new_id_sync","branding_text_replacement",""
"chrome/app/settings_chromium_strings.grdp","IDS_SETTINGS_SIGNIN_CHROME_SIGNIN_OPTIONS_TITLE","overlay","branding_text_replacement","yes_old_new_id_sync","branding_text_replacement",""
"chrome/app/settings_chromium_strings.grdp","IDS_SETTINGS_SITE_DATA_PAGE_CLEAR_ON_EXIT_WITH_EXCEPTION_RADIO_SUBLABEL","overlay","branding_text_replacement","yes_old_new_id_sync","branding_text_replacement",""
"chrome/app/settings_chromium_strings.grdp","IDS_SETTINGS_SITE_DATA_PAGE_DELETE_ON_EXIT_EXCEPTIONS_SUB_HEADING","overlay","branding_text_replacement","yes_old_new_id_sync","branding_text_replacement",""
"chrome/app/settings_chromium_strings.grdp","IDS_SETTINGS_SITE_SETTINGS_CAMERA_BLOCKED_BY_OS","overlay","branding_text_replacement","yes_old_new_id_sync","branding_text_replacement",""
"chrome/app/settings_chromium_strings.grdp","IDS_SETTINGS_SITE_SETTINGS_LOCATION_BLOCKED_BY_OS","overlay","branding_text_replacement","yes_old_new_id_sync","branding_text_replacement",""
"chrome/app/settings_chromium_strings.grdp","IDS_SETTINGS_SITE_SETTINGS_MIC_BLOCKED_BY_OS","overlay","branding_text_replacement","yes_old_new_id_sync","branding_text_replacement",""
"chrome/app/settings_chromium_strings.grdp","IDS_SETTINGS_SITE_SETTINGS_PDFS_BLOCKED","overlay","branding_text_replacement","yes_old_new_id_sync","branding_text_replacement",""
"chrome/app/settings_chromium_strings.grdp","IDS_SETTINGS_SITE_SITE_DETAILS_CAMERA_BLOCKED_BY_OS","overlay","branding_text_replacement","yes_old_new_id_sync","branding_text_replacement",""
"chrome/app/settings_chromium_strings.grdp","IDS_SETTINGS_SITE_SITE_DETAILS_LOCATION_BLOCKED_BY_OS","overlay","branding_text_replacement","yes_old_new_id_sync","branding_text_replacement",""
"chrome/app/settings_chromium_strings.grdp","IDS_SETTINGS_SITE_SITE_DETAILS_MICROPHONE_BLOCKED_BY_OS","overlay","branding_text_replacement","yes_old_new_id_sync","branding_text_replacement",""
"chrome/app/settings_chromium_strings.grdp","IDS_SETTINGS_SPELLING_PREF_DESC","overlay","branding_text_replacement","yes_old_new_id_sync","branding_text_replacement",""
"chrome/app/settings_chromium_strings.grdp","IDS_SETTINGS_SUGGEST_PREF_DESC","overlay","branding_text_replacement","yes_old_new_id_sync","branding_text_replacement",""
"chrome/app/settings_chromium_strings.grdp","IDS_SETTINGS_SYNC_DATA_ENCRYPTED_TEXT","overlay","branding_text_replacement","yes_old_new_id_sync","branding_text_replacement",""
"chrome/app/settings_chromium_strings.grdp","IDS_SETTINGS_SYNC_DISCONNECT_DELETE_PROFILE_WARNING_WITH_COUNTS_PLURAL","overlay","branding_text_replacement","yes_old_new_id_sync","branding_text_replacement",""
"chrome/app/settings_chromium_strings.grdp","IDS_SETTINGS_SYNC_DISCONNECT_DELETE_PROFILE_WARNING_WITH_COUNTS_SINGULAR","overlay","branding_text_replacement","yes_old_new_id_sync","branding_text_replacement",""
"chrome/app/settings_chromium_strings.grdp","IDS_SETTINGS_SYNC_DISCONNECT_DELETE_PROFILE_WARNING_WITHOUT_COUNTS","overlay","branding_text_replacement","yes_old_new_id_sync","branding_text_replacement",""
"chrome/app/settings_chromium_strings.grdp","IDS_SETTINGS_SYNC_DISCONNECT_TITLE","overlay","branding_text_replacement","yes_old_new_id_sync","branding_text_replacement",""
"chrome/app/settings_chromium_strings.grdp","IDS_SETTINGS_SYNC_SIGN_IN_PROMPT_WITH_NO_ACCOUNT","overlay","branding_text_replacement","yes_old_new_id_sync","branding_text_replacement",""
"chrome/app/settings_chromium_strings.grdp","IDS_SETTINGS_SYSTEM_BACKGROUND_APPS_LABEL","overlay","branding_text_replacement","yes_old_new_id_sync","branding_text_replacement",""
"chrome/app/settings_chromium_strings.grdp","IDS_SETTINGS_UPGRADE_SUCCESSFUL_RELAUNCH","overlay","branding_text_replacement","yes_old_new_id_sync","branding_text_replacement",""
"chrome/app/settings_chromium_strings.grdp","IDS_SETTINGS_UPGRADE_UP_TO_DATE","overlay","branding_text_replacement","yes_old_new_id_sync","branding_text_replacement",""
"chrome/app/settings_chromium_strings.grdp","IDS_SETTINGS_UPGRADE_UPDATING","overlay","branding_text_replacement","yes_old_new_id_sync","branding_text_replacement",""
"chrome/app/settings_chromium_strings.grdp","IDS_SETTINGS_UPGRADE_UPDATING_PERCENT","overlay","branding_text_replacement","yes_old_new_id_sync","branding_text_replacement",""
"chrome/app/settings_chromium_strings.grdp","IDS_SETTINGS_WEAK_PASSWORDS_DESCRIPTION_GENERATION","overlay","branding_text_replacement","yes_old_new_id_sync","branding_text_replacement",""
"chrome/app/settings_strings.grdp","IDS_ABOUT_CHROME_AUTOUPDATE_ALL","overlay","mixed_replacement_pending_split","yes_old_new_id_sync","branding_text_replacement;special_exception_text","Needs message-level category split in checklist step 15."
"chrome/app/settings_strings.grdp","IDS_AUTOFILL_MANAGE_PASSKEYS_CANNOT_DELETE_TITLE","overlay","mixed_replacement_pending_split","yes_old_new_id_sync","branding_text_replacement;special_exception_text","Needs message-level category split in checklist step 15."
"chrome/app/settings_strings.grdp","IDS_PASSWORDS_PAGE_AUTHENTICATION_PROMPT_BIOMETRIC_SUFFIX","overlay","mixed_replacement_pending_split","yes_old_new_id_sync","branding_text_replacement;special_exception_text","Needs message-level category split in checklist step 15."
"chrome/app/settings_strings.grdp","IDS_PASSWORDS_PAGE_COPY_AUTHENTICATION_PROMPT_BIOMETRIC_SUFFIX","overlay","mixed_replacement_pending_split","yes_old_new_id_sync","branding_text_replacement;special_exception_text","Needs message-level category split in checklist step 15."
"chrome/app/settings_strings.grdp","IDS_PASSWORDS_PAGE_DELETE_ALL_DATA_AUTHENTICATION_PROMPT_BIOMETRIC_SUFFIX","overlay","mixed_replacement_pending_split","yes_old_new_id_sync","branding_text_replacement;special_exception_text","Needs message-level category split in checklist step 15."
"chrome/app/settings_strings.grdp","IDS_PASSWORDS_PAGE_EDIT_AUTHENTICATION_PROMPT_BIOMETRIC_SUFFIX","overlay","mixed_replacement_pending_split","yes_old_new_id_sync","branding_text_replacement;special_exception_text","Needs message-level category split in checklist step 15."
"chrome/app/settings_strings.grdp","IDS_PASSWORDS_PAGE_EXPORT_AUTHENTICATION_PROMPT_BIOMETRIC_SUFFIX","overlay","mixed_replacement_pending_split","yes_old_new_id_sync","branding_text_replacement;special_exception_text","Needs message-level category split in checklist step 15."
"chrome/app/settings_strings.grdp","IDS_SETTINGS_ABOUT_PAGE_REPORT_AN_ISSUE","overlay","mixed_replacement_pending_split","yes_old_new_id_sync","branding_text_replacement;special_exception_text","Needs message-level category split in checklist step 15."
"chrome/app/settings_strings.grdp","IDS_SETTINGS_ABOUT_PAGE_SEND_FEEDBACK","overlay","mixed_replacement_pending_split","yes_old_new_id_sync","branding_text_replacement;special_exception_text","Needs message-level category split in checklist step 15."
"chrome/app/settings_strings.grdp","IDS_SETTINGS_ACCESSIBLE_IMAGE_LABELS_SUBTITLE","overlay","mixed_replacement_pending_split","yes_old_new_id_sync","branding_text_replacement;special_exception_text","Needs message-level category split in checklist step 15."
"chrome/app/settings_strings.grdp","IDS_SETTINGS_AD_MEASUREMENT_PAGE_CONSIDER_BULLET_2","overlay","mixed_replacement_pending_split","yes_old_new_id_sync","branding_text_replacement;special_exception_text","Needs message-level category split in checklist step 15."
"chrome/app/settings_strings.grdp","IDS_SETTINGS_AD_MEASUREMENT_PAGE_ENABLED_BULLET_1","overlay","mixed_replacement_pending_split","yes_old_new_id_sync","branding_text_replacement;special_exception_text","Needs message-level category split in checklist step 15."
"chrome/app/settings_strings.grdp","IDS_SETTINGS_AD_MEASUREMENT_PAGE_TITLE","overlay","mixed_replacement_pending_split","yes_old_new_id_sync","branding_text_replacement;special_exception_text","Needs message-level category split in checklist step 15."
"chrome/app/settings_strings.grdp","IDS_SETTINGS_AD_MEASUREMENT_PAGE_TOGGLE_SUB_LABEL","overlay","mixed_replacement_pending_split","yes_old_new_id_sync","branding_text_replacement;special_exception_text","Needs message-level category split in checklist step 15."
"chrome/app/settings_strings.grdp","IDS_SETTINGS_AD_PRIVACY_LINK_ROW_LABEL","overlay","mixed_replacement_pending_split","yes_old_new_id_sync","branding_text_replacement;special_exception_text","Needs message-level category split in checklist step 15."
"chrome/app/settings_strings.grdp","IDS_SETTINGS_AD_PRIVACY_LINK_ROW_SUB_LABEL","overlay","mixed_replacement_pending_split","yes_old_new_id_sync","branding_text_replacement;special_exception_text","Needs message-level category split in checklist step 15."
"chrome/app/settings_strings.grdp","IDS_SETTINGS_AD_PRIVACY_PAGE_AD_MEASUREMENT_LINK_ROW_LABEL","overlay","mixed_replacement_pending_split","yes_old_new_id_sync","branding_text_replacement;special_exception_text","Needs message-level category split in checklist step 15."
"chrome/app/settings_strings.grdp","IDS_SETTINGS_AD_PRIVACY_PAGE_FLEDGE_LINK_ROW_LABEL","overlay","mixed_replacement_pending_split","yes_old_new_id_sync","branding_text_replacement;special_exception_text","Needs message-level category split in checklist step 15."
"chrome/app/settings_strings.grdp","IDS_SETTINGS_AD_PRIVACY_PAGE_TITLE","overlay","mixed_replacement_pending_split","yes_old_new_id_sync","branding_text_replacement;special_exception_text","Needs message-level category split in checklist step 15."
"chrome/app/settings_strings.grdp","IDS_SETTINGS_AD_PRIVACY_PAGE_TOPICS_LINK_ROW_LABEL","overlay","mixed_replacement_pending_split","yes_old_new_id_sync","branding_text_replacement;special_exception_text","Needs message-level category split in checklist step 15."
"chrome/app/settings_strings.grdp","IDS_SETTINGS_AD_PRIVACY_PAGE_TOPICS_LINK_ROW_SUB_LABEL_DISABLED","overlay","mixed_replacement_pending_split","yes_old_new_id_sync","branding_text_replacement;special_exception_text","Needs message-level category split in checklist step 15."
"chrome/app/settings_strings.grdp","IDS_SETTINGS_AD_PRIVACY_PAGE_TOPICS_LINK_ROW_SUB_LABEL_ENABLED","overlay","mixed_replacement_pending_split","yes_old_new_id_sync","branding_text_replacement;special_exception_text","Needs message-level category split in checklist step 15."
"chrome/app/settings_strings.grdp","IDS_SETTINGS_AI_INNOVATIONS_PAGE_TITLE","overlay","mixed_replacement_pending_split","yes_old_new_id_sync","branding_text_replacement;special_exception_text","Needs message-level category split in checklist step 15."
"chrome/app/settings_strings.grdp","IDS_SETTINGS_AI_PAGE_MAIN_MANAGED_SUBLABEL_3","overlay","mixed_replacement_pending_split","yes_old_new_id_sync","branding_text_replacement;special_exception_text","Needs message-level category split in checklist step 15."
"chrome/app/settings_strings.grdp","IDS_SETTINGS_AI_PAGE_MAIN_SUBLABEL_1","overlay","mixed_replacement_pending_split","yes_old_new_id_sync","branding_text_replacement;special_exception_text","Needs message-level category split in checklist step 15."
"chrome/app/settings_strings.grdp","IDS_SETTINGS_AI_PAGE_MAIN_SUBLABEL_2","overlay","mixed_replacement_pending_split","yes_old_new_id_sync","branding_text_replacement;special_exception_text","Needs message-level category split in checklist step 15."
"chrome/app/settings_strings.grdp","IDS_SETTINGS_AI_PAGE_MAIN_SUBLABEL_3","overlay","mixed_replacement_pending_split","yes_old_new_id_sync","branding_text_replacement;special_exception_text","Needs message-level category split in checklist step 15."
"chrome/app/settings_strings.grdp","IDS_SETTINGS_AI_PAGE_MAIN_TITLE","overlay","mixed_replacement_pending_split","yes_old_new_id_sync","branding_text_replacement;special_exception_text","Needs message-level category split in checklist step 15."
"chrome/app/settings_strings.grdp","IDS_SETTINGS_ALT_PAGE_TITLE","overlay","mixed_replacement_pending_split","yes_old_new_id_sync","branding_text_replacement;special_exception_text","Needs message-level category split in checklist step 15."
"chrome/app/settings_strings.grdp","IDS_SETTINGS_ANTI_ABUSE_WHEN_ON_SECTION_ONE","overlay","mixed_replacement_pending_split","yes_old_new_id_sync","branding_text_replacement;special_exception_text","Needs message-level category split in checklist step 15."
"chrome/app/settings_strings.grdp","IDS_SETTINGS_ANTI_ABUSE_WHEN_ON_SECTION_TWO","overlay","mixed_replacement_pending_split","yes_old_new_id_sync","branding_text_replacement;special_exception_text","Needs message-level category split in checklist step 15."
"chrome/app/settings_strings.grdp","IDS_SETTINGS_AUTOFILL_AI_WHEN_ON_SAVED_INFO","overlay","mixed_replacement_pending_split","yes_old_new_id_sync","branding_text_replacement;special_exception_text","Needs message-level category split in checklist step 15."
"chrome/app/settings_strings.grdp","IDS_SETTINGS_CHROME_COLORS","overlay","mixed_replacement_pending_split","yes_old_new_id_sync","branding_text_replacement;special_exception_text","Needs message-level category split in checklist step 15."
"chrome/app/settings_strings.grdp","IDS_SETTINGS_CHROME_SIGNIN_OPTION_SAVED_TOAST_LABEL","overlay","mixed_replacement_pending_split","yes_old_new_id_sync","branding_text_replacement;special_exception_text","Needs message-level category split in checklist step 15."
"chrome/app/settings_strings.grdp","IDS_SETTINGS_CLEAR_COOKIES_AND_SITE_DATA_SUMMARY_BASIC_SUPERVISED_PROFILE","overlay","mixed_replacement_pending_split","yes_old_new_id_sync","branding_text_replacement;special_exception_text","Needs message-level category split in checklist step 15."
"chrome/app/settings_strings.grdp","IDS_SETTINGS_COMPROMISED_PASSWORDS_COUNT_SHORT","overlay","mixed_replacement_pending_split","yes_old_new_id_sync","branding_text_replacement;special_exception_text","Needs message-level category split in checklist step 15."
"chrome/app/settings_strings.grdp","IDS_SETTINGS_CUSTOMIZE_PROFILE","overlay","mixed_replacement_pending_split","yes_old_new_id_sync","branding_text_replacement;special_exception_text","Needs message-level category split in checklist step 15."
"chrome/app/settings_strings.grdp","IDS_SETTINGS_DEFAULT_BROWSER_MAKE_DEFAULT_BUTTON","overlay","mixed_replacement_pending_split","yes_old_new_id_sync","branding_text_replacement;special_exception_text","Needs message-level category split in checklist step 15."
"chrome/app/settings_strings.grdp","IDS_SETTINGS_ENCRYPT_WITH_SYNC_PASSPHRASE_LABEL","overlay","mixed_replacement_pending_split","yes_old_new_id_sync","branding_text_replacement;special_exception_text","Needs message-level category split in checklist step 15."
"chrome/app/settings_strings.grdp","IDS_SETTINGS_FLEDGE_PAGE_CURRENT_SITES_DESCRIPTION","overlay","mixed_replacement_pending_split","yes_old_new_id_sync","branding_text_replacement;special_exception_text","Needs message-level category split in checklist step 15."
"chrome/app/settings_strings.grdp","IDS_SETTINGS_FLEDGE_PAGE_CURRENT_SITES_HEADING","overlay","mixed_replacement_pending_split","yes_old_new_id_sync","branding_text_replacement;special_exception_text","Needs message-level category split in checklist step 15."
"chrome/app/settings_strings.grdp","IDS_SETTINGS_FLEDGE_PAGE_LEARN_MORE_BULLET_1","overlay","mixed_replacement_pending_split","yes_old_new_id_sync","branding_text_replacement;special_exception_text","Needs message-level category split in checklist step 15."
"chrome/app/settings_strings.grdp","IDS_SETTINGS_FLEDGE_PAGE_LEARN_MORE_BULLET_3","overlay","mixed_replacement_pending_split","yes_old_new_id_sync","branding_text_replacement;special_exception_text","Needs message-level category split in checklist step 15."
"chrome/app/settings_strings.grdp","IDS_SETTINGS_FLEDGE_PAGE_TITLE","overlay","mixed_replacement_pending_split","yes_old_new_id_sync","branding_text_replacement;special_exception_text","Needs message-level category split in checklist step 15."
"chrome/app/settings_strings.grdp","IDS_SETTINGS_FLEDGE_PAGE_TOGGLE_SUB_LABEL","overlay","mixed_replacement_pending_split","yes_old_new_id_sync","branding_text_replacement;special_exception_text","Needs message-level category split in checklist step 15."
"chrome/app/settings_strings.grdp","IDS_SETTINGS_HISTORY_SEARCH_SETTING_SUBLABEL_V2","overlay","mixed_replacement_pending_split","yes_old_new_id_sync","branding_text_replacement;special_exception_text","Needs message-level category split in checklist step 15."
"chrome/app/settings_strings.grdp","IDS_SETTINGS_HISTORY_SEARCH_SUBLABEL_OFF","overlay","mixed_replacement_pending_split","yes_old_new_id_sync","branding_text_replacement;special_exception_text","Needs message-level category split in checklist step 15."
"chrome/app/settings_strings.grdp","IDS_SETTINGS_HISTORY_SEARCH_SUBLABEL_ON","overlay","mixed_replacement_pending_split","yes_old_new_id_sync","branding_text_replacement;special_exception_text","Needs message-level category split in checklist step 15."
"chrome/app/settings_strings.grdp","IDS_SETTINGS_HISTORY_SEARCH_WHEN_ON_PAGE_CONTENT","overlay","mixed_replacement_pending_split","yes_old_new_id_sync","branding_text_replacement;special_exception_text","Needs message-level category split in checklist step 15."
"chrome/app/settings_strings.grdp","IDS_SETTINGS_HISTORY_SEARCH_WHEN_ON_SEARCH_FROM","overlay","mixed_replacement_pending_split","yes_old_new_id_sync","branding_text_replacement;special_exception_text","Needs message-level category split in checklist step 15."
"chrome/app/settings_strings.grdp","IDS_SETTINGS_HISTORY_SEARCH_WITH_ANSWERS_CONSIDER_DATA_ENCRYPTED","overlay","mixed_replacement_pending_split","yes_old_new_id_sync","branding_text_replacement;special_exception_text","Needs message-level category split in checklist step 15."
"chrome/app/settings_strings.grdp","IDS_SETTINGS_HISTORY_SEARCH_WITH_ANSWERS_SUBLABEL_OFF","overlay","mixed_replacement_pending_split","yes_old_new_id_sync","branding_text_replacement;special_exception_text","Needs message-level category split in checklist step 15."
"chrome/app/settings_strings.grdp","IDS_SETTINGS_HISTORY_SEARCH_WITH_ANSWERS_SUBLABEL_ON","overlay","mixed_replacement_pending_split","yes_old_new_id_sync","branding_text_replacement;special_exception_text","Needs message-level category split in checklist step 15."
"chrome/app/settings_strings.grdp","IDS_SETTINGS_HISTORY_SEARCH_WITH_ANSWERS_WHEN_ON_PAGE_CONTENT","overlay","mixed_replacement_pending_split","yes_old_new_id_sync","branding_text_replacement;special_exception_text","Needs message-level category split in checklist step 15."
"chrome/app/settings_strings.grdp","IDS_SETTINGS_HISTORY_SEARCH_WITH_ANSWERS_WHEN_ON_RECALL_INFO","overlay","mixed_replacement_pending_split","yes_old_new_id_sync","branding_text_replacement;special_exception_text","Needs message-level category split in checklist step 15."
"chrome/app/settings_strings.grdp","IDS_SETTINGS_HOME_ADDRESS_REMOVE_CONFIRMATION_DIALOG_NOTICE","overlay","mixed_replacement_pending_split","yes_old_new_id_sync","branding_text_replacement;special_exception_text","Needs message-level category split in checklist step 15."
"chrome/app/settings_strings.grdp","IDS_SETTINGS_HOME_ADDRESS_REMOVE_CONFIRMATION_DIALOG_TITLE","overlay","mixed_replacement_pending_split","yes_old_new_id_sync","branding_text_replacement;special_exception_text","Needs message-level category split in checklist step 15."
"chrome/app/settings_strings.grdp","IDS_SETTINGS_HOME_AND_WORK_ADDRESS_REMOVE","overlay","mixed_replacement_pending_split","yes_old_new_id_sync","branding_text_replacement;special_exception_text","Needs message-level category split in checklist step 15."
"chrome/app/settings_strings.grdp","IDS_SETTINGS_HOME_AND_WORK_ADDRESS_REMOVE_CONFIRMATION_DIALOG_ACTION_OK","overlay","mixed_replacement_pending_split","yes_old_new_id_sync","branding_text_replacement;special_exception_text","Needs message-level category split in checklist step 15."
"chrome/app/settings_strings.grdp","IDS_SETTINGS_LANGUAGES_OPEN_CHROME_OS_SETTINGS_LABEL","overlay","mixed_replacement_pending_split","yes_old_new_id_sync","branding_text_replacement;special_exception_text","Needs message-level category split in checklist step 15."
"chrome/app/settings_strings.grdp","IDS_SETTINGS_MANAGE_OTHER_DATA_LABEL","overlay","mixed_replacement_pending_split","yes_old_new_id_sync","branding_text_replacement;special_exception_text","Needs message-level category split in checklist step 15."
"chrome/app/settings_strings.grdp","IDS_SETTINGS_MANAGE_OTHER_DATA_SUB_LABEL","overlay","mixed_replacement_pending_split","yes_old_new_id_sync","branding_text_replacement;special_exception_text","Needs message-level category split in checklist step 15."
"chrome/app/settings_strings.grdp","IDS_SETTINGS_MANAGE_OTHER_GOOGLE_DATA_LABEL","overlay","mixed_replacement_pending_split","yes_old_new_id_sync","branding_text_replacement;special_exception_text","Needs message-level category split in checklist step 15."
"chrome/app/settings_strings.grdp","IDS_SETTINGS_MY_ACTIVITY","overlay","mixed_replacement_pending_split","yes_old_new_id_sync","branding_text_replacement;special_exception_text","Needs message-level category split in checklist step 15."
"chrome/app/settings_strings.grdp","IDS_SETTINGS_NAME_EMAIL_ADDRESS_REMOVE_CONFIRMATION_DIALOG_NOTICE","overlay","mixed_replacement_pending_split","yes_old_new_id_sync","branding_text_replacement;special_exception_text","Needs message-level category split in checklist step 15."
"chrome/app/settings_strings.grdp","IDS_SETTINGS_NAME_EMAIL_ADDRESS_REMOVE_CONFIRMATION_DIALOG_TITLE","overlay","mixed_replacement_pending_split","yes_old_new_id_sync","branding_text_replacement;special_exception_text","Needs message-level category split in checklist step 15."
"chrome/app/settings_strings.grdp","IDS_SETTINGS_OTHER_DATA_TITLE","overlay","mixed_replacement_pending_split","yes_old_new_id_sync","branding_text_replacement;special_exception_text","Needs message-level category split in checklist step 15."
"chrome/app/settings_strings.grdp","IDS_SETTINGS_OTHER_GOOGLE_DATA_TITLE","overlay","mixed_replacement_pending_split","yes_old_new_id_sync","branding_text_replacement;special_exception_text","Needs message-level category split in checklist step 15."
"chrome/app/settings_strings.grdp","IDS_SETTINGS_PASSWORD_CHANGE_SUBLABEL","overlay","mixed_replacement_pending_split","yes_old_new_id_sync","branding_text_replacement;special_exception_text","Needs message-level category split in checklist step 15."
"chrome/app/settings_strings.grdp","IDS_SETTINGS_PASSWORDS_AND_PASSKEYS","overlay","mixed_replacement_pending_split","yes_old_new_id_sync","branding_text_replacement;special_exception_text","Needs message-level category split in checklist step 15."
"chrome/app/settings_strings.grdp","IDS_SETTINGS_PEOPLE_VERIFY_ACCOUNT_BUTTON","overlay","mixed_replacement_pending_split","yes_old_new_id_sync","branding_text_replacement;special_exception_text","Needs message-level category split in checklist step 15."
"chrome/app/settings_strings.grdp","IDS_SETTINGS_PERSONALIZE_GOOGLE_SERVICES_LINKED_SERVICES_TITLE","overlay","mixed_replacement_pending_split","yes_old_new_id_sync","branding_text_replacement;special_exception_text","Needs message-level category split in checklist step 15."
"chrome/app/settings_strings.grdp","IDS_SETTINGS_PERSONALIZE_GOOGLE_SERVICES_TITLE_V2","overlay","mixed_replacement_pending_split","yes_old_new_id_sync","branding_text_replacement;special_exception_text","Needs message-level category split in checklist step 15."
"chrome/app/settings_strings.grdp","IDS_SETTINGS_PERSONALIZE_GOOGLE_SERVICES_WAA_TITLE","overlay","mixed_replacement_pending_split","yes_old_new_id_sync","branding_text_replacement;special_exception_text","Needs message-level category split in checklist step 15."
"chrome/app/settings_strings.grdp","IDS_SETTINGS_PRELOAD_PAGES_EXTENDED_PRELOADING_TITLE","overlay","mixed_replacement_pending_split","yes_old_new_id_sync","branding_text_replacement;special_exception_text","Needs message-level category split in checklist step 15."
"chrome/app/settings_strings.grdp","IDS_SETTINGS_PRELOAD_PAGES_STANDARD_PRELOADING_TITLE","overlay","mixed_replacement_pending_split","yes_old_new_id_sync","branding_text_replacement;special_exception_text","Needs message-level category split in checklist step 15."
"chrome/app/settings_strings.grdp","IDS_SETTINGS_PRIVACY_GUIDE_BACK_TO_SETTINGS_ARIA_ROLE_DESC","overlay","mixed_replacement_pending_split","yes_old_new_id_sync","branding_text_replacement;special_exception_text","Needs message-level category split in checklist step 15."
"chrome/app/settings_strings.grdp","IDS_SETTINGS_PRIVACY_GUIDE_COMPLETION_CARD_LEAVE_BUTTON","overlay","mixed_replacement_pending_split","yes_old_new_id_sync","branding_text_replacement;special_exception_text","Needs message-level category split in checklist step 15."
"chrome/app/settings_strings.grdp","IDS_SETTINGS_PRIVACY_GUIDE_LABEL","overlay","mixed_replacement_pending_split","yes_old_new_id_sync","branding_text_replacement;special_exception_text","Needs message-level category split in checklist step 15."
"chrome/app/settings_strings.grdp","IDS_SETTINGS_PRIVACY_GUIDE_SAFE_BROWSING_CARD_STANDARD_PROTECTION_PRIVACY_DESCRIPTION1_PROXY","overlay","mixed_replacement_pending_split","yes_old_new_id_sync","branding_text_replacement;special_exception_text","Needs message-level category split in checklist step 15."
"chrome/app/settings_strings.grdp","IDS_SETTINGS_PRIVACY_GUIDE_SUBLABEL","overlay","mixed_replacement_pending_split","yes_old_new_id_sync","branding_text_replacement;special_exception_text","Needs message-level category split in checklist step 15."
"chrome/app/settings_strings.grdp","IDS_SETTINGS_RESET","overlay","mixed_replacement_pending_split","yes_old_new_id_sync","branding_text_replacement;special_exception_text","Needs message-level category split in checklist step 15."
"chrome/app/settings_strings.grdp","IDS_SETTINGS_RESET_AND_CLEANUP","overlay","mixed_replacement_pending_split","yes_old_new_id_sync","branding_text_replacement;special_exception_text","Needs message-level category split in checklist step 15."
"chrome/app/settings_strings.grdp","IDS_SETTINGS_RESET_AUTOMATED_DIALOG_V2_BODY","overlay","mixed_replacement_pending_split","yes_old_new_id_sync","branding_text_replacement;special_exception_text","Needs message-level category split in checklist step 15."
"chrome/app/settings_strings.grdp","IDS_SETTINGS_RESET_AUTOMATED_DIALOG_V2_TITLE","overlay","mixed_replacement_pending_split","yes_old_new_id_sync","branding_text_replacement;special_exception_text","Needs message-level category split in checklist step 15."
"chrome/app/settings_strings.grdp","IDS_SETTINGS_RESET_BANNER_TEXT","overlay","mixed_replacement_pending_split","yes_old_new_id_sync","branding_text_replacement;special_exception_text","Needs message-level category split in checklist step 15."
"chrome/app/settings_strings.grdp","IDS_SETTINGS_RESET_CLEAN_UP_COMPUTER_TRIGGER","overlay","mixed_replacement_pending_split","yes_old_new_id_sync","branding_text_replacement;special_exception_text","Needs message-level category split in checklist step 15."
"chrome/app/settings_strings.grdp","IDS_SETTINGS_RESET_PROMPT_TITLE","overlay","mixed_replacement_pending_split","yes_old_new_id_sync","branding_text_replacement;special_exception_text","Needs message-level category split in checklist step 15."
"chrome/app/settings_strings.grdp","IDS_SETTINGS_RESTART","overlay","mixed_replacement_pending_split","yes_old_new_id_sync","branding_text_replacement;special_exception_text","Needs message-level category split in checklist step 15."
"chrome/app/settings_strings.grdp","IDS_SETTINGS_REUSED_PASSWORDS_COUNT_SHORT","overlay","mixed_replacement_pending_split","yes_old_new_id_sync","branding_text_replacement;special_exception_text","Needs message-level category split in checklist step 15."
"chrome/app/settings_strings.grdp","IDS_SETTINGS_SAFEBROWSING_ENABLEPROTECTION_DESC","overlay","mixed_replacement_pending_split","yes_old_new_id_sync","branding_text_replacement;special_exception_text","Needs message-level category split in checklist step 15."
"chrome/app/settings_strings.grdp","IDS_SETTINGS_SAFEBROWSING_ENHANCED_OFF_TOAST_MESSAGE","overlay","mixed_replacement_pending_split","yes_old_new_id_sync","branding_text_replacement;special_exception_text","Needs message-level category split in checklist step 15."
"chrome/app/settings_strings.grdp","IDS_SETTINGS_SAFEBROWSING_ENHANCED_ON_TOAST_MESSAGE","overlay","mixed_replacement_pending_split","yes_old_new_id_sync","branding_text_replacement;special_exception_text","Needs message-level category split in checklist step 15."
"chrome/app/settings_strings.grdp","IDS_SETTINGS_SAFEBROWSING_STANDARD_BULLET_TWO_PROXY","overlay","mixed_replacement_pending_split","yes_old_new_id_sync","branding_text_replacement;special_exception_text","Needs message-level category split in checklist step 15."
"chrome/app/settings_strings.grdp","IDS_SETTINGS_SAFEBROWSING_STANDARD_DESC_PROXY","overlay","mixed_replacement_pending_split","yes_old_new_id_sync","branding_text_replacement;special_exception_text","Needs message-level category split in checklist step 15."
"chrome/app/settings_strings.grdp","IDS_SETTINGS_SAFEBROWSING_TURN_ON_ENHANCED_TOAST_BUTTON","overlay","mixed_replacement_pending_split","yes_old_new_id_sync","branding_text_replacement;special_exception_text","Needs message-level category split in checklist step 15."
"chrome/app/settings_strings.grdp","IDS_SETTINGS_SAFETY_CHECK_PASSWORDS_FEATURE_UNAVAILABLE","overlay","mixed_replacement_pending_split","yes_old_new_id_sync","branding_text_replacement;special_exception_text","Needs message-level category split in checklist step 15."
"chrome/app/settings_strings.grdp","IDS_SETTINGS_SAFETY_CHECK_UNUSED_SITE_PERMISSIONS_SETTING_LABEL","overlay","mixed_replacement_pending_split","yes_old_new_id_sync","branding_text_replacement;special_exception_text","Needs message-level category split in checklist step 15."
"chrome/app/settings_strings.grdp","IDS_SETTINGS_SAFETY_HUB_COMPROMISED_PASSWORDS_MENU_NOTIFICATION","overlay","mixed_replacement_pending_split","yes_old_new_id_sync","branding_text_replacement;special_exception_text","Needs message-level category split in checklist step 15."
"chrome/app/settings_strings.grdp","IDS_SETTINGS_SAFETY_HUB_ENTRY_POINT_BUTTON_LABEL","overlay","mixed_replacement_pending_split","yes_old_new_id_sync","branding_text_replacement;special_exception_text","Needs message-level category split in checklist step 15."
"chrome/app/settings_strings.grdp","IDS_SETTINGS_SAFETY_HUB_EXTENSIONS_MENU_NOTIFICATION","overlay","mixed_replacement_pending_split","yes_old_new_id_sync","branding_text_replacement;special_exception_text","Needs message-level category split in checklist step 15."
"chrome/app/settings_strings.grdp","IDS_SETTINGS_SAFETY_HUB_PASSWORD_CHECK_HEADER_NO_PASSWORDS","overlay","mixed_replacement_pending_split","yes_old_new_id_sync","branding_text_replacement;special_exception_text","Needs message-level category split in checklist step 15."
"chrome/app/settings_strings.grdp","IDS_SETTINGS_SAFETY_HUB_PASSWORD_CHECK_HEADER_NO_WEAK_OR_REUSED","overlay","mixed_replacement_pending_split","yes_old_new_id_sync","branding_text_replacement;special_exception_text","Needs message-level category split in checklist step 15."
"chrome/app/settings_strings.grdp","IDS_SETTINGS_SAFETY_HUB_PASSWORD_CHECK_SUBHEADER_GO_TO_PASSWORD_MANAGER","overlay","mixed_replacement_pending_split","yes_old_new_id_sync","branding_text_replacement;special_exception_text","Needs message-level category split in checklist step 15."
"chrome/app/settings_strings.grdp","IDS_SETTINGS_SAFETY_HUB_PASSWORD_CHECK_SUBHEADER_NO_PASSWORDS_POLICY","overlay","mixed_replacement_pending_split","yes_old_new_id_sync","branding_text_replacement;special_exception_text","Needs message-level category split in checklist step 15."
"chrome/app/settings_strings.grdp","IDS_SETTINGS_SAFETY_HUB_PASSWORD_CHECK_SUBHEADER_SIGN_IN","overlay","mixed_replacement_pending_split","yes_old_new_id_sync","branding_text_replacement;special_exception_text","Needs message-level category split in checklist step 15."
"chrome/app/settings_strings.grdp","IDS_SETTINGS_SAFETY_HUB_REVIEW_NOTIFICATION_PERMISSIONS_MENU_NOTIFICATION","overlay","mixed_replacement_pending_split","yes_old_new_id_sync","branding_text_replacement;special_exception_text","Needs message-level category split in checklist step 15."
"chrome/app/settings_strings.grdp","IDS_SETTINGS_SAFETY_HUB_REVOKED_PERMISSIONS_MENU_NOTIFICATION","overlay","mixed_replacement_pending_split","yes_old_new_id_sync","branding_text_replacement;special_exception_text","Needs message-level category split in checklist step 15."
"chrome/app/settings_strings.grdp","IDS_SETTINGS_SAFETY_HUB_SAFE_BROWSING_MENU_NOTIFICATION","overlay","mixed_replacement_pending_split","yes_old_new_id_sync","branding_text_replacement;special_exception_text","Needs message-level category split in checklist step 15."
"chrome/app/settings_strings.grdp","IDS_SETTINGS_SAFETY_HUB_SB_ON_ENHANCED_SUBHEADER","overlay","mixed_replacement_pending_split","yes_old_new_id_sync","branding_text_replacement;special_exception_text","Needs message-level category split in checklist step 15."
"chrome/app/settings_strings.grdp","IDS_SETTINGS_SAFETY_HUB_VERSION_CARD_SUBHEADER_RESTART","overlay","mixed_replacement_pending_split","yes_old_new_id_sync","branding_text_replacement;special_exception_text","Needs message-level category split in checklist step 15."
"chrome/app/settings_strings.grdp","IDS_SETTINGS_SEARCH_ENGINES_EXTENSION_ENGINES_EXPLANATION","overlay","mixed_replacement_pending_split","yes_old_new_id_sync","branding_text_replacement;special_exception_text","Needs message-level category split in checklist step 15."
"chrome/app/settings_strings.grdp","IDS_SETTINGS_SEARCH_ENGINES_MANAGE_EXTENSION","overlay","mixed_replacement_pending_split","yes_old_new_id_sync","branding_text_replacement;special_exception_text","Needs message-level category split in checklist step 15."
"chrome/app/settings_strings.grdp","IDS_SETTINGS_SEARCH_ENGINES_SITE_SEARCH_EXPLANATION","overlay","mixed_replacement_pending_split","yes_old_new_id_sync","branding_text_replacement;special_exception_text","Needs message-level category split in checklist step 15."
"chrome/app/settings_strings.grdp","IDS_SETTINGS_SEARCH_ENGINES_SITE_SEARCH_EXPLANATION_STARTER_PACK","overlay","mixed_replacement_pending_split","yes_old_new_id_sync","branding_text_replacement;special_exception_text","Needs message-level category split in checklist step 15."
"chrome/app/settings_strings.grdp","IDS_SETTINGS_SEARCH_GEMINI_PASSWORDS_OTHER_DATA_SUB_LABEL","overlay","mixed_replacement_pending_split","yes_old_new_id_sync","branding_text_replacement;special_exception_text","Needs message-level category split in checklist step 15."
"chrome/app/settings_strings.grdp","IDS_SETTINGS_SEARCH_HISTORY","overlay","mixed_replacement_pending_split","yes_old_new_id_sync","branding_text_replacement;special_exception_text","Needs message-level category split in checklist step 15."
"chrome/app/settings_strings.grdp","IDS_SETTINGS_SEARCH_NO_RESULTS_HELP","overlay","mixed_replacement_pending_split","yes_old_new_id_sync","branding_text_replacement;special_exception_text","Needs message-level category split in checklist step 15."
"chrome/app/settings_strings.grdp","IDS_SETTINGS_SECURE_DNS_OPEN_CHROME_OS_SETTINGS_LABEL","overlay","mixed_replacement_pending_split","yes_old_new_id_sync","branding_text_replacement;special_exception_text","Needs message-level category split in checklist step 15."
"chrome/app/settings_strings.grdp","IDS_SETTINGS_SIGNIN_CHROME_SIGNIN_OPTION_ALWAYS_ASK","overlay","mixed_replacement_pending_split","yes_old_new_id_sync","branding_text_replacement;special_exception_text","Needs message-level category split in checklist step 15."
"chrome/app/settings_strings.grdp","IDS_SETTINGS_SIGNIN_CHROME_SIGNIN_OPTION_DO_NOT_SIGNIN","overlay","mixed_replacement_pending_split","yes_old_new_id_sync","branding_text_replacement;special_exception_text","Needs message-level category split in checklist step 15."
"chrome/app/settings_strings.grdp","IDS_SETTINGS_SIGNIN_CHROME_SIGNIN_OPTION_PLACEHOLDER","overlay","mixed_replacement_pending_split","yes_old_new_id_sync","branding_text_replacement;special_exception_text","Needs message-level category split in checklist step 15."
"chrome/app/settings_strings.grdp","IDS_SETTINGS_SIGNIN_CHROME_SIGNIN_OPTION_SIGNIN","overlay","mixed_replacement_pending_split","yes_old_new_id_sync","branding_text_replacement;special_exception_text","Needs message-level category split in checklist step 15."
"chrome/app/settings_strings.grdp","IDS_SETTINGS_SITE_DATA_PAGE_BLOCK_RADIO_SUB_LABEL","overlay","mixed_replacement_pending_split","yes_old_new_id_sync","branding_text_replacement;special_exception_text","Needs message-level category split in checklist step 15."
"chrome/app/settings_strings.grdp","IDS_SETTINGS_SITE_DATA_PAGE_DESCRIPTION","overlay","mixed_replacement_pending_split","yes_old_new_id_sync","branding_text_replacement;special_exception_text","Needs message-level category split in checklist step 15."
"chrome/app/settings_strings.grdp","IDS_SETTINGS_SITE_DATA_PAGE_TITLE","overlay","mixed_replacement_pending_split","yes_old_new_id_sync","branding_text_replacement;special_exception_text","Needs message-level category split in checklist step 15."
"chrome/app/settings_strings.grdp","IDS_SETTINGS_SITE_SETTINGS_ACTION_BLOCK_ON_UNFAMILIAR_SITES_DEFAULT_MENU","overlay","mixed_replacement_pending_split","yes_old_new_id_sync","branding_text_replacement;special_exception_text","Needs message-level category split in checklist step 15."
"chrome/app/settings_strings.grdp","IDS_SETTINGS_SITE_SETTINGS_ADS_BLOCK_BLOCKLISTED_SINGULAR","overlay","mixed_replacement_pending_split","yes_old_new_id_sync","branding_text_replacement;special_exception_text","Needs message-level category split in checklist step 15."
"chrome/app/settings_strings.grdp","IDS_SETTINGS_SITE_SETTINGS_ALLOWLISTED","overlay","mixed_replacement_pending_split","yes_old_new_id_sync","branding_text_replacement;special_exception_text","Needs message-level category split in checklist step 15."
"chrome/app/settings_strings.grdp","IDS_SETTINGS_SITE_SETTINGS_BLOCK_AUTOPLAY","overlay","mixed_replacement_pending_split","yes_old_new_id_sync","branding_text_replacement;special_exception_text","Needs message-level category split in checklist step 15."
"chrome/app/settings_strings.grdp","IDS_SETTINGS_SITE_SETTINGS_DESCRIPTION","overlay","mixed_replacement_pending_split","yes_old_new_id_sync","branding_text_replacement;special_exception_text","Needs message-level category split in checklist step 15."
"chrome/app/settings_strings.grdp","IDS_SETTINGS_SITE_SETTINGS_JAVASCRIPT_OPTIMIZER_BLOCKED_UNFAMILIAR_SITES","overlay","mixed_replacement_pending_split","yes_old_new_id_sync","branding_text_replacement;special_exception_text","Needs message-level category split in checklist step 15."
"chrome/app/settings_strings.grdp","IDS_SETTINGS_SITE_SETTINGS_PAGE_SITE_DATA_DELETE_ON_EXIT_SUB_LABEL","overlay","mixed_replacement_pending_split","yes_old_new_id_sync","branding_text_replacement;special_exception_text","Needs message-level category split in checklist step 15."
"chrome/app/settings_strings.grdp","IDS_SETTINGS_SITE_SETTINGS_PDF_DOWNLOAD_PDFS","overlay","mixed_replacement_pending_split","yes_old_new_id_sync","branding_text_replacement;special_exception_text","Needs message-level category split in checklist step 15."
"chrome/app/settings_strings.grdp","IDS_SETTINGS_SITE_SETTINGS_PERMISSION_CPSS","overlay","mixed_replacement_pending_split","yes_old_new_id_sync","branding_text_replacement;special_exception_text","Needs message-level category split in checklist step 15."
"chrome/app/settings_strings.grdp","IDS_SETTINGS_SITE_SETTINGS_PROTECTED_CONTENT_IDENTIFIERS_ALLOWED_SUB_LABEL","overlay","mixed_replacement_pending_split","yes_old_new_id_sync","branding_text_replacement;special_exception_text","Needs message-level category split in checklist step 15."
"chrome/app/settings_strings.grdp","IDS_SETTINGS_SITE_SETTINGS_SHOW_BLOCKED_NOTIFICATIONS_INDICATOR","overlay","mixed_replacement_pending_split","yes_old_new_id_sync","branding_text_replacement;special_exception_text","Needs message-level category split in checklist step 15."
"chrome/app/settings_strings.grdp","IDS_SETTINGS_SYNC_DISCONNECT_AND_SIGN_OUT_EXPLANATION","overlay","mixed_replacement_pending_split","yes_old_new_id_sync","branding_text_replacement;special_exception_text","Needs message-level category split in checklist step 15."
"chrome/app/settings_strings.grdp","IDS_SETTINGS_SYNC_DISCONNECT_AND_SIGN_OUT_EXPLANATION_SUPERVISED_PROFILE","overlay","mixed_replacement_pending_split","yes_old_new_id_sync","branding_text_replacement;special_exception_text","Needs message-level category split in checklist step 15."
"chrome/app/settings_strings.grdp","IDS_SETTINGS_SYNC_DISCONNECT_EXPAND_ACCESSIBILITY_LABEL","overlay","mixed_replacement_pending_split","yes_old_new_id_sync","branding_text_replacement;special_exception_text","Needs message-level category split in checklist step 15."
"chrome/app/settings_strings.grdp","IDS_SETTINGS_SYNC_DISCONNECT_EXPLANATION","overlay","mixed_replacement_pending_split","yes_old_new_id_sync","branding_text_replacement;special_exception_text","Needs message-level category split in checklist step 15."
"chrome/app/settings_strings.grdp","IDS_SETTINGS_SYSTEM_FEATURE_NOTIFICATIONS_LABEL","overlay","mixed_replacement_pending_split","yes_old_new_id_sync","branding_text_replacement;special_exception_text","Needs message-level category split in checklist step 15."
"chrome/app/settings_strings.grdp","IDS_SETTINGS_SYSTEM_HARDWARE_ACCELERATION_LABEL","overlay","mixed_replacement_pending_split","yes_old_new_id_sync","branding_text_replacement;special_exception_text","Needs message-level category split in checklist step 15."
"chrome/app/settings_strings.grdp","IDS_SETTINGS_SYSTEM_PROXY_SETTINGS_EXTENSION_LABEL","overlay","mixed_replacement_pending_split","yes_old_new_id_sync","branding_text_replacement;special_exception_text","Needs message-level category split in checklist step 15."
"chrome/app/settings_strings.grdp","IDS_SETTINGS_SYSTEM_PROXY_SETTINGS_MULTIPLE_SOURCES_LABEL","overlay","mixed_replacement_pending_split","yes_old_new_id_sync","branding_text_replacement;special_exception_text","Needs message-level category split in checklist step 15."
"chrome/app/settings_strings.grdp","IDS_SETTINGS_SYSTEM_PROXY_SETTINGS_POLICY_LABEL","overlay","mixed_replacement_pending_split","yes_old_new_id_sync","branding_text_replacement;special_exception_text","Needs message-level category split in checklist step 15."
"chrome/app/settings_strings.grdp","IDS_SETTINGS_SYSTEM_PROXY_SETTINGS_YOUR_DEVICE_LABEL","overlay","mixed_replacement_pending_split","yes_old_new_id_sync","branding_text_replacement;special_exception_text","Needs message-level category split in checklist step 15."
"chrome/app/settings_strings.grdp","IDS_SETTINGS_SYSTEM_PROXY_SETTINGS_YOUR_ORGANIZATION_LABEL","overlay","mixed_replacement_pending_split","yes_old_new_id_sync","branding_text_replacement;special_exception_text","Needs message-level category split in checklist step 15."
"chrome/app/settings_strings.grdp","IDS_SETTINGS_THIRD_PARTY_COOKIES_PAGE_TITLE","overlay","mixed_replacement_pending_split","yes_old_new_id_sync","branding_text_replacement;special_exception_text","Needs message-level category split in checklist step 15."
"chrome/app/settings_strings.grdp","IDS_SETTINGS_TOPICS_PAGE_CURRENT_TOPICS_REGION_A11Y_DESCRIPTION","overlay","mixed_replacement_pending_split","yes_old_new_id_sync","branding_text_replacement;special_exception_text","Needs message-level category split in checklist step 15."
"chrome/app/settings_strings.grdp","IDS_SETTINGS_TOPICS_PAGE_FOOTER_V2","overlay","mixed_replacement_pending_split","yes_old_new_id_sync","branding_text_replacement;special_exception_text","Needs message-level category split in checklist step 15."
"chrome/app/settings_strings.grdp","IDS_SETTINGS_TRACKING_PROTECTION_BULLET_ONE","overlay","mixed_replacement_pending_split","yes_old_new_id_sync","branding_text_replacement;special_exception_text","Needs message-level category split in checklist step 15."
"chrome/app/settings_strings.grdp","IDS_SETTINGS_TRACKING_PROTECTION_PAGE_DESCRIPTION","overlay","mixed_replacement_pending_split","yes_old_new_id_sync","branding_text_replacement;special_exception_text","Needs message-level category split in checklist step 15."
"chrome/app/settings_strings.grdp","IDS_SETTINGS_WARN_BEFORE_QUITTING_PREF","overlay","mixed_replacement_pending_split","yes_old_new_id_sync","branding_text_replacement;special_exception_text","Needs message-level category split in checklist step 15."
"chrome/app/settings_strings.grdp","IDS_SETTINGS_WEAK_PASSWORDS_COUNT_SHORT","overlay","mixed_replacement_pending_split","yes_old_new_id_sync","branding_text_replacement;special_exception_text","Needs message-level category split in checklist step 15."
"chrome/app/settings_strings.grdp","IDS_SETTINGS_WORK_ADDRESS_REMOVE_CONFIRMATION_DIALOG_NOTICE","overlay","mixed_replacement_pending_split","yes_old_new_id_sync","branding_text_replacement;special_exception_text","Needs message-level category split in checklist step 15."
"chrome/app/settings_strings.grdp","IDS_SETTINGS_WORK_ADDRESS_REMOVE_CONFIRMATION_DIALOG_TITLE","overlay","mixed_replacement_pending_split","yes_old_new_id_sync","branding_text_replacement;special_exception_text","Needs message-level category split in checklist step 15."
"chrome/app/settings_strings.grdp","IDS_SETTINGS_YOUR_SAVED_INFO","overlay","mixed_replacement_pending_split","yes_old_new_id_sync","branding_text_replacement;special_exception_text","Needs message-level category split in checklist step 15."
"chrome/app/shared_settings_strings.grdp","IDS_BROWSER_SETTINGS_SYNC_FEATURE_LABEL","overlay","branding_text_replacement","yes_old_new_id_sync","branding_text_replacement",""
"chrome/app/shared_settings_strings.grdp","IDS_SETTINGS_CAPTIONS_MANAGE_LANGUAGES_SUBTITLE","overlay","branding_text_replacement","yes_old_new_id_sync","branding_text_replacement",""
"chrome/app/shared_settings_strings.grdp","IDS_SETTINGS_CAPTIONS_MANAGE_LANGUAGES_SUBTITLE_LIVE_CAPTION_ONLY","overlay","branding_text_replacement","yes_old_new_id_sync","branding_text_replacement",""
"chrome/app/shared_settings_strings.grdp","IDS_SETTINGS_ENABLE_LOGGING_PREF","overlay","branding_text_replacement","yes_old_new_id_sync","branding_text_replacement",""
"chrome/app/shared_settings_strings.grdp","IDS_SETTINGS_NEARBY_SHARE_DATA_USAGE_MOBILE_DATA_TOOLTIP","overlay","branding_text_replacement","yes_old_new_id_sync","branding_text_replacement",""
"chrome/app/shared_settings_strings.grdp","IDS_SETTINGS_NEARBY_SHARE_DEVICE_NAME_ARIA_DESCRIPTION","overlay","branding_text_replacement","yes_old_new_id_sync","branding_text_replacement",""
"chrome/app/shared_settings_strings.grdp","IDS_SETTINGS_NEW_MANAGE_SYNCED_DATA_TITLE_UNIFIED_CONSENT","overlay","branding_text_replacement","yes_old_new_id_sync","branding_text_replacement",""
"chrome/app/shared_settings_strings.grdp","IDS_SETTINGS_PEOPLE_SIGN_IN_PROMPT","overlay","branding_text_replacement","yes_old_new_id_sync","branding_text_replacement",""
"chrome/app/shared_settings_strings.grdp","IDS_SETTINGS_PEOPLE_SIGN_OUT","overlay","branding_text_replacement","yes_old_new_id_sync","branding_text_replacement",""
"chrome/app/shared_settings_strings.grdp","IDS_SETTINGS_SUBPAGE_BACK_BUTTON_ARIA_LABEL","overlay","branding_text_replacement","yes_old_new_id_sync","branding_text_replacement",""
"chrome/app/shared_settings_strings.grdp","IDS_SETTINGS_SUBPAGE_BACK_BUTTON_ARIA_ROLE_DESCRIPTION","overlay","branding_text_replacement","yes_old_new_id_sync","branding_text_replacement",""
"chrome/app/shared_settings_strings.grdp","IDS_SETTINGS_UPDATE_TO_ROLLBACK_VERSION_DISALLOWED","overlay","branding_text_replacement","yes_old_new_id_sync","branding_text_replacement",""
"chrome/app/shared_settings_strings.grdp","IDS_SYNC_UNAVAILABLE_FOR_NON_GOOGLE_ACCOUNT","overlay","branding_text_replacement","yes_old_new_id_sync","branding_text_replacement",""
"chrome/browser/ui/android/strings/android_chrome_strings.grd","IDS_ACCESSIBILITY_CUSTOM_TAB_MENU_WITH_DOT","overlay","mixed_replacement_pending_split","yes_old_new_id_sync","branding_text_replacement;special_dino_text;special_exception_text","Needs message-level category split in checklist step 15."
"chrome/browser/ui/android/strings/android_chrome_strings.grd","IDS_ACCESSIBILITY_FOLLOW_ACCELERATOR_IPH","overlay","mixed_replacement_pending_split","yes_old_new_id_sync","branding_text_replacement;special_dino_text;special_exception_text","Needs message-level category split in checklist step 15."
"chrome/browser/ui/android/strings/android_chrome_strings.grd","IDS_ACCESSIBILITY_NTP_FEED_MENU_IPH","overlay","mixed_replacement_pending_split","yes_old_new_id_sync","branding_text_replacement;special_dino_text;special_exception_text","Needs message-level category split in checklist step 15."
"chrome/browser/ui/android/strings/android_chrome_strings.grd","IDS_ACCESSIBILITY_TOOLBAR_BTN_MENU_OS_VERSION_UNSUPPORTED","overlay","mixed_replacement_pending_split","yes_old_new_id_sync","branding_text_replacement;special_dino_text;special_exception_text","Needs message-level category split in checklist step 15."
"chrome/browser/ui/android/strings/android_chrome_strings.grd","IDS_ACCESSIBILITY_TOOLBAR_BTN_MENU_UPDATE","overlay","mixed_replacement_pending_split","yes_old_new_id_sync","branding_text_replacement;special_dino_text;special_exception_text","Needs message-level category split in checklist step 15."
"chrome/browser/ui/android/strings/android_chrome_strings.grd","IDS_ACCOUNT_DATA_DASHBOARD_SUBTITLE","overlay","mixed_replacement_pending_split","yes_old_new_id_sync","branding_text_replacement;special_dino_text;special_exception_text","Needs message-level category split in checklist step 15."
"chrome/browser/ui/android/strings/android_chrome_strings.grd","IDS_ACCOUNT_DATA_DASHBOARD_TITLE","overlay","mixed_replacement_pending_split","yes_old_new_id_sync","branding_text_replacement;special_dino_text;special_exception_text","Needs message-level category split in checklist step 15."
"chrome/browser/ui/android/strings/android_chrome_strings.grd","IDS_ACCOUNT_MANAGEMENT_SIGN_OUT","overlay","mixed_replacement_pending_split","yes_old_new_id_sync","branding_text_replacement;special_dino_text;special_exception_text","Needs message-level category split in checklist step 15."
"chrome/browser/ui/android/strings/android_chrome_strings.grd","IDS_ACCOUNT_PICKER_BOTTOM_SHEET_ACCESSIBILITY_CLOSED","overlay","mixed_replacement_pending_split","yes_old_new_id_sync","branding_text_replacement;special_dino_text;special_exception_text","Needs message-level category split in checklist step 15."
"chrome/browser/ui/android/strings/android_chrome_strings.grd","IDS_ACCOUNT_PICKER_BOTTOM_SHEET_ACCESSIBILITY_OPENED","overlay","mixed_replacement_pending_split","yes_old_new_id_sync","branding_text_replacement;special_dino_text;special_exception_text","Needs message-level category split in checklist step 15."
"chrome/browser/ui/android/strings/android_chrome_strings.grd","IDS_ACCOUNT_SECTION_EXTENSIONS_TOGGLE","overlay","mixed_replacement_pending_split","yes_old_new_id_sync","branding_text_replacement;special_dino_text;special_exception_text","Needs message-level category split in checklist step 15."
"chrome/browser/ui/android/strings/android_chrome_strings.grd","IDS_AD_PRIVACY_LINK_ROW_LABEL","overlay","mixed_replacement_pending_split","yes_old_new_id_sync","branding_text_replacement;special_dino_text;special_exception_text","Needs message-level category split in checklist step 15."
"chrome/browser/ui/android/strings/android_chrome_strings.grd","IDS_AD_PRIVACY_LINK_ROW_SUB_LABEL","overlay","mixed_replacement_pending_split","yes_old_new_id_sync","branding_text_replacement;special_dino_text;special_exception_text","Needs message-level category split in checklist step 15."
"chrome/browser/ui/android/strings/android_chrome_strings.grd","IDS_AD_PRIVACY_PAGE_AD_MEASUREMENT_LINK_ROW_LABEL","overlay","mixed_replacement_pending_split","yes_old_new_id_sync","branding_text_replacement;special_dino_text;special_exception_text","Needs message-level category split in checklist step 15."
"chrome/browser/ui/android/strings/android_chrome_strings.grd","IDS_AD_PRIVACY_PAGE_FLEDGE_LINK_ROW_LABEL","overlay","mixed_replacement_pending_split","yes_old_new_id_sync","branding_text_replacement;special_dino_text;special_exception_text","Needs message-level category split in checklist step 15."
"chrome/browser/ui/android/strings/android_chrome_strings.grd","IDS_AD_PRIVACY_PAGE_TITLE","overlay","mixed_replacement_pending_split","yes_old_new_id_sync","branding_text_replacement;special_dino_text;special_exception_text","Needs message-level category split in checklist step 15."
"chrome/browser/ui/android/strings/android_chrome_strings.grd","IDS_AD_PRIVACY_PAGE_TOPICS_LINK_ROW_LABEL","overlay","mixed_replacement_pending_split","yes_old_new_id_sync","branding_text_replacement;special_dino_text;special_exception_text","Needs message-level category split in checklist step 15."
"chrome/browser/ui/android/strings/android_chrome_strings.grd","IDS_AD_PRIVACY_PAGE_TOPICS_LINK_ROW_SUB_LABEL_DISABLED","overlay","mixed_replacement_pending_split","yes_old_new_id_sync","branding_text_replacement;special_dino_text;special_exception_text","Needs message-level category split in checklist step 15."
"chrome/browser/ui/android/strings/android_chrome_strings.grd","IDS_AD_PRIVACY_PAGE_TOPICS_LINK_ROW_SUB_LABEL_ENABLED","overlay","mixed_replacement_pending_split","yes_old_new_id_sync","branding_text_replacement;special_dino_text;special_exception_text","Needs message-level category split in checklist step 15."
"chrome/browser/ui/android/strings/android_chrome_strings.grd","IDS_ALLOW_CHROME_SIGNIN_SUMMARY","overlay","mixed_replacement_pending_split","yes_old_new_id_sync","branding_text_replacement;special_dino_text;special_exception_text","Needs message-level category split in checklist step 15."
"chrome/browser/ui/android/strings/android_chrome_strings.grd","IDS_ALLOW_CHROME_SIGNIN_TITLE","overlay","mixed_replacement_pending_split","yes_old_new_id_sync","branding_text_replacement;special_dino_text;special_exception_text","Needs message-level category split in checklist step 15."
"chrome/browser/ui/android/strings/android_chrome_strings.grd","IDS_ANDROID_APP_HISTORY_OPEN_FULL","overlay","mixed_replacement_pending_split","yes_old_new_id_sync","branding_text_replacement;special_dino_text;special_exception_text","Needs message-level category split in checklist step 15."
"chrome/browser/ui/android/strings/android_chrome_strings.grd","IDS_ANDROID_APP_HISTORY_OPEN_FULL_OTHER_FORMS","overlay","mixed_replacement_pending_split","yes_old_new_id_sync","branding_text_replacement;special_dino_text;special_exception_text","Needs message-level category split in checklist step 15."
"chrome/browser/ui/android/strings/android_chrome_strings.grd","IDS_ANDROID_HISTORY_FROM_OTHER_APPS","overlay","mixed_replacement_pending_split","yes_old_new_id_sync","branding_text_replacement;special_dino_text;special_exception_text","Needs message-level category split in checklist step 15."
"chrome/browser/ui/android/strings/android_chrome_strings.grd","IDS_ANDROID_HISTORY_FROM_OTHER_APPS_OTHER_FORMS_OF_HISTORY","overlay","mixed_replacement_pending_split","yes_old_new_id_sync","branding_text_replacement;special_dino_text;special_exception_text","Needs message-level category split in checklist step 15."
"chrome/browser/ui/android/strings/android_chrome_strings.grd","IDS_ANDROID_HISTORY_OTHER_FORMS_OF_HISTORY","overlay","mixed_replacement_pending_split","yes_old_new_id_sync","branding_text_replacement;special_dino_text;special_exception_text","Needs message-level category split in checklist step 15."
"chrome/browser/ui/android/strings/android_chrome_strings.grd","IDS_APP_LANGUAGE_TITLE","overlay","mixed_replacement_pending_split","yes_old_new_id_sync","branding_text_replacement;special_dino_text;special_exception_text","Needs message-level category split in checklist step 15."
"chrome/browser/ui/android/strings/android_chrome_strings.grd","IDS_AR_MODULE_TITLE","overlay","mixed_replacement_pending_split","yes_old_new_id_sync","branding_text_replacement;special_dino_text;special_exception_text","Needs message-level category split in checklist step 15."
"chrome/browser/ui/android/strings/android_chrome_strings.grd","IDS_AUTH_TAB_SECURED_BY_CHROME_TEMPLATE","overlay","mixed_replacement_pending_split","yes_old_new_id_sync","branding_text_replacement;special_dino_text;special_exception_text","Needs message-level category split in checklist step 15."
"chrome/browser/ui/android/strings/android_chrome_strings.grd","IDS_AUTO_DARK_MESSAGE_TITLE","overlay","mixed_replacement_pending_split","yes_old_new_id_sync","branding_text_replacement;special_dino_text;special_exception_text","Needs message-level category split in checklist step 15."
"chrome/browser/ui/android/strings/android_chrome_strings.grd","IDS_AUTOFILL_OPTIONS_CONFIRM_RESTART","overlay","mixed_replacement_pending_split","yes_old_new_id_sync","branding_text_replacement;special_dino_text;special_exception_text","Needs message-level category split in checklist step 15."
"chrome/browser/ui/android/strings/android_chrome_strings.grd","IDS_AUTOFILL_OPTIONS_HINT_3P_SETTING_DISABLED","overlay","mixed_replacement_pending_split","yes_old_new_id_sync","branding_text_replacement;special_dino_text;special_exception_text","Needs message-level category split in checklist step 15."
"chrome/browser/ui/android/strings/android_chrome_strings.grd","IDS_AUTOFILL_OPTIONS_HINT_3P_SETTING_READY","overlay","mixed_replacement_pending_split","yes_old_new_id_sync","branding_text_replacement;special_dino_text;special_exception_text","Needs message-level category split in checklist step 15."
"chrome/browser/ui/android/strings/android_chrome_strings.grd","IDS_AUTOFILL_OPTIONS_HINT_POLICY","overlay","mixed_replacement_pending_split","yes_old_new_id_sync","branding_text_replacement;special_dino_text;special_exception_text","Needs message-level category split in checklist step 15."
"chrome/browser/ui/android/strings/android_chrome_strings.grd","IDS_AUTOFILL_OPTIONS_RESTART_PROMPT_PARAGRAPH_1_TEXT","overlay","mixed_replacement_pending_split","yes_old_new_id_sync","branding_text_replacement;special_dino_text;special_exception_text","Needs message-level category split in checklist step 15."
"chrome/browser/ui/android/strings/android_chrome_strings.grd","IDS_AUTOFILL_OPTIONS_RESTART_PROMPT_PARAGRAPH_2_TEXT","overlay","mixed_replacement_pending_split","yes_old_new_id_sync","branding_text_replacement;special_dino_text;special_exception_text","Needs message-level category split in checklist step 15."
"chrome/browser/ui/android/strings/android_chrome_strings.grd","IDS_AUTOFILL_OPTIONS_RESTART_PROMPT_TEXT","overlay","mixed_replacement_pending_split","yes_old_new_id_sync","branding_text_replacement;special_dino_text;special_exception_text","Needs message-level category split in checklist step 15."
"chrome/browser/ui/android/strings/android_chrome_strings.grd","IDS_AUTOFILL_OPTIONS_RESTART_PROMPT_TITLE","overlay","mixed_replacement_pending_split","yes_old_new_id_sync","branding_text_replacement;special_dino_text;special_exception_text","Needs message-level category split in checklist step 15."
"chrome/browser/ui/android/strings/android_chrome_strings.grd","IDS_AUTOFILL_OPTIONS_TITLE","overlay","mixed_replacement_pending_split","yes_old_new_id_sync","branding_text_replacement;special_dino_text;special_exception_text","Needs message-level category split in checklist step 15."
"chrome/browser/ui/android/strings/android_chrome_strings.grd","IDS_AUTOFILL_OPTIONS_UNDO_TOGGLE_CHANGE","overlay","mixed_replacement_pending_split","yes_old_new_id_sync","branding_text_replacement;special_dino_text;special_exception_text","Needs message-level category split in checklist step 15."
"chrome/browser/ui/android/strings/android_chrome_strings.grd","IDS_BATCH_UPLOAD_CARD_DESCRIPTION_BOOKMARK","overlay","mixed_replacement_pending_split","yes_old_new_id_sync","branding_text_replacement;special_dino_text;special_exception_text","Needs message-level category split in checklist step 15."
"chrome/browser/ui/android/strings/android_chrome_strings.grd","IDS_BATCH_UPLOAD_CARD_DESCRIPTION_BOOKMARK_AND_OTHER","overlay","mixed_replacement_pending_split","yes_old_new_id_sync","branding_text_replacement;special_dino_text;special_exception_text","Needs message-level category split in checklist step 15."
"chrome/browser/ui/android/strings/android_chrome_strings.grd","IDS_BATCH_UPLOAD_CARD_DESCRIPTION_OTHER","overlay","mixed_replacement_pending_split","yes_old_new_id_sync","branding_text_replacement;special_dino_text;special_exception_text","Needs message-level category split in checklist step 15."
"chrome/browser/ui/android/strings/android_chrome_strings.grd","IDS_BATCH_UPLOAD_CARD_DESCRIPTION_PASSWORD","overlay","mixed_replacement_pending_split","yes_old_new_id_sync","branding_text_replacement;special_dino_text;special_exception_text","Needs message-level category split in checklist step 15."
"chrome/browser/ui/android/strings/android_chrome_strings.grd","IDS_BATCH_UPLOAD_CARD_DESCRIPTION_PASSWORD_AND_OTHER","overlay","mixed_replacement_pending_split","yes_old_new_id_sync","branding_text_replacement;special_dino_text;special_exception_text","Needs message-level category split in checklist step 15."
"chrome/browser/ui/android/strings/android_chrome_strings.grd","IDS_BATCH_UPLOAD_CARD_SAVE_BUTTON","overlay","mixed_replacement_pending_split","yes_old_new_id_sync","branding_text_replacement;special_dino_text;special_exception_text","Needs message-level category split in checklist step 15."
"chrome/browser/ui/android/strings/android_chrome_strings.grd","IDS_BATCH_UPLOAD_DIALOG_CANCEL_BUTTON","overlay","mixed_replacement_pending_split","yes_old_new_id_sync","branding_text_replacement;special_dino_text;special_exception_text","Needs message-level category split in checklist step 15."
"chrome/browser/ui/android/strings/android_chrome_strings.grd","IDS_BATCH_UPLOAD_DIALOG_DESCRIPTION","overlay","mixed_replacement_pending_split","yes_old_new_id_sync","branding_text_replacement;special_dino_text;special_exception_text","Needs message-level category split in checklist step 15."
"chrome/browser/ui/android/strings/android_chrome_strings.grd","IDS_BATCH_UPLOAD_DIALOG_DESCRIPTION_NON_DISPLAYABLE_PROFILE_DATA","overlay","mixed_replacement_pending_split","yes_old_new_id_sync","branding_text_replacement;special_dino_text;special_exception_text","Needs message-level category split in checklist step 15."
"chrome/browser/ui/android/strings/android_chrome_strings.grd","IDS_BATCH_UPLOAD_DIALOG_PASSWORDS","overlay","mixed_replacement_pending_split","yes_old_new_id_sync","branding_text_replacement;special_dino_text;special_exception_text","Needs message-level category split in checklist step 15."
"chrome/browser/ui/android/strings/android_chrome_strings.grd","IDS_BATCH_UPLOAD_DIALOG_READING_LIST","overlay","mixed_replacement_pending_split","yes_old_new_id_sync","branding_text_replacement;special_dino_text;special_exception_text","Needs message-level category split in checklist step 15."
"chrome/browser/ui/android/strings/android_chrome_strings.grd","IDS_BATCH_UPLOAD_DIALOG_SAVE_BUTTON","overlay","mixed_replacement_pending_split","yes_old_new_id_sync","branding_text_replacement;special_dino_text;special_exception_text","Needs message-level category split in checklist step 15."
"chrome/browser/ui/android/strings/android_chrome_strings.grd","IDS_BATCH_UPLOAD_DIALOG_TITLE","overlay","mixed_replacement_pending_split","yes_old_new_id_sync","branding_text_replacement;special_dino_text;special_exception_text","Needs message-level category split in checklist step 15."
"chrome/browser/ui/android/strings/android_chrome_strings.grd","IDS_BLOCKING_CHOICE_DIALOG_FIRST_MESSAGE","overlay","mixed_replacement_pending_split","yes_old_new_id_sync","branding_text_replacement;special_dino_text;special_exception_text","Needs message-level category split in checklist step 15."
"chrome/browser/ui/android/strings/android_chrome_strings.grd","IDS_BLOCKING_CHOICE_DIALOG_FIRST_TITLE","overlay","mixed_replacement_pending_split","yes_old_new_id_sync","branding_text_replacement;special_dino_text;special_exception_text","Needs message-level category split in checklist step 15."
"chrome/browser/ui/android/strings/android_chrome_strings.grd","IDS_BLOCKING_CHOICE_DIALOG_SECOND_MESSAGE","overlay","mixed_replacement_pending_split","yes_old_new_id_sync","branding_text_replacement;special_dino_text;special_exception_text","Needs message-level category split in checklist step 15."
"chrome/browser/ui/android/strings/android_chrome_strings.grd","IDS_BLOCKING_CHOICE_DIALOG_SECOND_TITLE","overlay","mixed_replacement_pending_split","yes_old_new_id_sync","branding_text_replacement;special_dino_text;special_exception_text","Needs message-level category split in checklist step 15."
"chrome/browser/ui/android/strings/android_chrome_strings.grd","IDS_BOOKMARK_PAGE_SAVED","overlay","mixed_replacement_pending_split","yes_old_new_id_sync","branding_text_replacement;special_dino_text;special_exception_text","Needs message-level category split in checklist step 15."
"chrome/browser/ui/android/strings/android_chrome_strings.grd","IDS_BOOKMARK_PAGE_SAVED_LOCATION","overlay","mixed_replacement_pending_split","yes_old_new_id_sync","branding_text_replacement;special_dino_text;special_exception_text","Needs message-level category split in checklist step 15."
"chrome/browser/ui/android/strings/android_chrome_strings.grd","IDS_CHIME_MODULE_TITLE","overlay","mixed_replacement_pending_split","yes_old_new_id_sync","branding_text_replacement;special_dino_text;special_exception_text","Needs message-level category split in checklist step 15."
"chrome/browser/ui/android/strings/android_chrome_strings.grd","IDS_CHROME_ADDITIONAL_TERMS_OF_SERVICE_TITLE","overlay","mixed_replacement_pending_split","yes_old_new_id_sync","branding_text_replacement;special_dino_text;special_exception_text","Needs message-level category split in checklist step 15."
"chrome/browser/ui/android/strings/android_chrome_strings.grd","IDS_CHROME_ADDITIONAL_TERMS_OF_SERVICE_URL","overlay","mixed_replacement_pending_split","yes_old_new_id_sync","branding_text_replacement;special_dino_text;special_exception_text","Needs message-level category split in checklist step 15."
"chrome/browser/ui/android/strings/android_chrome_strings.grd","IDS_CHROME_HISTORY","overlay","mixed_replacement_pending_split","yes_old_new_id_sync","branding_text_replacement;special_dino_text;special_exception_text","Needs message-level category split in checklist step 15."
"chrome/browser/ui/android/strings/android_chrome_strings.grd","IDS_CHROME_REENGAGEMENT_NOTIFICATION_1_DESCRIPTION","overlay","mixed_replacement_pending_split","yes_old_new_id_sync","branding_text_replacement;special_dino_text;special_exception_text","Needs message-level category split in checklist step 15."
"chrome/browser/ui/android/strings/android_chrome_strings.grd","IDS_CHROME_REENGAGEMENT_NOTIFICATION_1_TITLE","overlay","mixed_replacement_pending_split","yes_old_new_id_sync","branding_text_replacement;special_dino_text;special_exception_text","Needs message-level category split in checklist step 15."
"chrome/browser/ui/android/strings/android_chrome_strings.grd","IDS_CHROME_REENGAGEMENT_NOTIFICATION_2_DESCRIPTION","overlay","mixed_replacement_pending_split","yes_old_new_id_sync","branding_text_replacement;special_dino_text;special_exception_text","Needs message-level category split in checklist step 15."
"chrome/browser/ui/android/strings/android_chrome_strings.grd","IDS_CHROME_REENGAGEMENT_NOTIFICATION_2_TITLE","overlay","mixed_replacement_pending_split","yes_old_new_id_sync","branding_text_replacement;special_dino_text;special_exception_text","Needs message-level category split in checklist step 15."
"chrome/browser/ui/android/strings/android_chrome_strings.grd","IDS_CHROME_REENGAGEMENT_NOTIFICATION_3_DESCRIPTION","overlay","mixed_replacement_pending_split","yes_old_new_id_sync","branding_text_replacement;special_dino_text;special_exception_text","Needs message-level category split in checklist step 15."
"chrome/browser/ui/android/strings/android_chrome_strings.grd","IDS_CHROME_REENGAGEMENT_NOTIFICATION_3_TITLE","overlay","mixed_replacement_pending_split","yes_old_new_id_sync","branding_text_replacement;special_dino_text;special_exception_text","Needs message-level category split in checklist step 15."
"chrome/browser/ui/android/strings/android_chrome_strings.grd","IDS_CHROME_SURVEY_MESSAGE_BUTTON","overlay","mixed_replacement_pending_split","yes_old_new_id_sync","branding_text_replacement;special_dino_text;special_exception_text","Needs message-level category split in checklist step 15."
"chrome/browser/ui/android/strings/android_chrome_strings.grd","IDS_CHROME_SURVEY_MESSAGE_TITLE","overlay","mixed_replacement_pending_split","yes_old_new_id_sync","branding_text_replacement;special_dino_text;special_exception_text","Needs message-level category split in checklist step 15."
"chrome/browser/ui/android/strings/android_chrome_strings.grd","IDS_CLEAR_BROWSING_DATA_HISTORY_DIALOG_DATA_TEXT","overlay","mixed_replacement_pending_split","yes_old_new_id_sync","branding_text_replacement;special_dino_text;special_exception_text","Needs message-level category split in checklist step 15."
"chrome/browser/ui/android/strings/android_chrome_strings.grd","IDS_CLEAR_BROWSING_DATA_HISTORY_DIALOG_TITLE","overlay","mixed_replacement_pending_split","yes_old_new_id_sync","branding_text_replacement;special_dino_text;special_exception_text","Needs message-level category split in checklist step 15."
"chrome/browser/ui/android/strings/android_chrome_strings.grd","IDS_CLIENT_OUT_OF_DATE_ERROR_CARD_BUTTON","overlay","mixed_replacement_pending_split","yes_old_new_id_sync","branding_text_replacement;special_dino_text;special_exception_text","Needs message-level category split in checklist step 15."
"chrome/browser/ui/android/strings/android_chrome_strings.grd","IDS_CONTENT_PROVIDER_SEARCH_DESCRIPTION","overlay","mixed_replacement_pending_split","yes_old_new_id_sync","branding_text_replacement;special_dino_text;special_exception_text","Needs message-level category split in checklist step 15."
"chrome/browser/ui/android/strings/android_chrome_strings.grd","IDS_CONTEXTMENU_OPEN_IN_CHROME_INCOGNITO_TAB","overlay","mixed_replacement_pending_split","yes_old_new_id_sync","branding_text_replacement;special_dino_text;special_exception_text","Needs message-level category split in checklist step 15."
"chrome/browser/ui/android/strings/android_chrome_strings.grd","IDS_CONTEXTMENU_OPEN_IN_CHROME_WINDOW","overlay","mixed_replacement_pending_split","yes_old_new_id_sync","branding_text_replacement;special_dino_text;special_exception_text","Needs message-level category split in checklist step 15."
"chrome/browser/ui/android/strings/android_chrome_strings.grd","IDS_CONTEXTMENU_OPEN_IN_NEW_CHROME_TAB","overlay","mixed_replacement_pending_split","yes_old_new_id_sync","branding_text_replacement;special_dino_text;special_exception_text","Needs message-level category split in checklist step 15."
"chrome/browser/ui/android/strings/android_chrome_strings.grd","IDS_CSV_DOWNLOAD_DIALOG_NO_GMS_PARAGRAPH1","overlay","mixed_replacement_pending_split","yes_old_new_id_sync","branding_text_replacement;special_dino_text;special_exception_text","Needs message-level category split in checklist step 15."
"chrome/browser/ui/android/strings/android_chrome_strings.grd","IDS_CSV_DOWNLOAD_DIALOG_PARAGRAPH2","overlay","mixed_replacement_pending_split","yes_old_new_id_sync","branding_text_replacement;special_dino_text;special_exception_text","Needs message-level category split in checklist step 15."
"chrome/browser/ui/android/strings/android_chrome_strings.grd","IDS_CSV_DOWNLOAD_DIALOG_POSITIVE_BUTTON_TEXT","overlay","mixed_replacement_pending_split","yes_old_new_id_sync","branding_text_replacement;special_dino_text;special_exception_text","Needs message-level category split in checklist step 15."
"chrome/browser/ui/android/strings/android_chrome_strings.grd","IDS_CSV_DOWNLOAD_DIALOG_WITH_GMS_PARAGRAPH1","overlay","mixed_replacement_pending_split","yes_old_new_id_sync","branding_text_replacement;special_dino_text;special_exception_text","Needs message-level category split in checklist step 15."
"chrome/browser/ui/android/strings/android_chrome_strings.grd","IDS_CUSTOM_TAB_HISTORY_IPH_BUBBLE_TEXT","overlay","mixed_replacement_pending_split","yes_old_new_id_sync","branding_text_replacement;special_dino_text;special_exception_text","Needs message-level category split in checklist step 15."
"chrome/browser/ui/android/strings/android_chrome_strings.grd","IDS_CUSTOM_TABS_SIGNED_OUT_MESSAGE_BUTTON","overlay","mixed_replacement_pending_split","yes_old_new_id_sync","branding_text_replacement;special_dino_text;special_exception_text","Needs message-level category split in checklist step 15."
"chrome/browser/ui/android/strings/android_chrome_strings.grd","IDS_CUSTOM_TABS_SIGNED_OUT_MESSAGE_SUBTITLE","overlay","mixed_replacement_pending_split","yes_old_new_id_sync","branding_text_replacement;special_dino_text;special_exception_text","Needs message-level category split in checklist step 15."
"chrome/browser/ui/android/strings/android_chrome_strings.grd","IDS_CUSTOM_TABS_SIGNED_OUT_MESSAGE_TITLE","overlay","mixed_replacement_pending_split","yes_old_new_id_sync","branding_text_replacement;special_dino_text;special_exception_text","Needs message-level category split in checklist step 15."
"chrome/browser/ui/android/strings/android_chrome_strings.grd","IDS_DEFAULT_BROWSER_PROMO_CARD_DESCRIPTION","overlay","mixed_replacement_pending_split","yes_old_new_id_sync","branding_text_replacement;special_dino_text;special_exception_text","Needs message-level category split in checklist step 15."
"chrome/browser/ui/android/strings/android_chrome_strings.grd","IDS_DEFAULT_BROWSER_PROMO_CARD_TITLE","overlay","mixed_replacement_pending_split","yes_old_new_id_sync","branding_text_replacement;special_dino_text;special_exception_text","Needs message-level category split in checklist step 15."
"chrome/browser/ui/android/strings/android_chrome_strings.grd","IDS_DEFAULT_BROWSER_PROMO_MESSAGE_DESCRIPTION","overlay","mixed_replacement_pending_split","yes_old_new_id_sync","branding_text_replacement;special_dino_text;special_exception_text","Needs message-level category split in checklist step 15."
"chrome/browser/ui/android/strings/android_chrome_strings.grd","IDS_DEFAULT_BROWSER_PROMO_MESSAGE_TITLE","overlay","mixed_replacement_pending_split","yes_old_new_id_sync","branding_text_replacement;special_dino_text;special_exception_text","Needs message-level category split in checklist step 15."
"chrome/browser/ui/android/strings/android_chrome_strings.grd","IDS_DELETE_AND_CONTINUE","overlay","mixed_replacement_pending_split","yes_old_new_id_sync","branding_text_replacement;special_dino_text;special_exception_text","Needs message-level category split in checklist step 15."
"chrome/browser/ui/android/strings/android_chrome_strings.grd","IDS_DEPRECATION_WARNING","overlay","mixed_replacement_pending_split","yes_old_new_id_sync","branding_text_replacement;special_dino_text;special_exception_text","Needs message-level category split in checklist step 15."
"chrome/browser/ui/android/strings/android_chrome_strings.grd","IDS_DEV_UI_MODULE_TITLE","overlay","mixed_replacement_pending_split","yes_old_new_id_sync","branding_text_replacement;special_dino_text;special_exception_text","Needs message-level category split in checklist step 15."
"chrome/browser/ui/android/strings/android_chrome_strings.grd","IDS_DEVICE_LOCK_NOTICE","overlay","mixed_replacement_pending_split","yes_old_new_id_sync","branding_text_replacement;special_dino_text;special_exception_text","Needs message-level category split in checklist step 15."
"chrome/browser/ui/android/strings/android_chrome_strings.grd","IDS_DINO_WIDGET_TEXT","overlay","mixed_replacement_pending_split","yes_old_new_id_sync","branding_text_replacement;special_dino_text;special_exception_text","Needs message-level category split in checklist step 15."
"chrome/browser/ui/android/strings/android_chrome_strings.grd","IDS_DOWNLOAD_WARNING_BYPASS_DIALOG_ACTION_LEARN_MORE_ACCESSIBILITY_DESCRIPTION","overlay","mixed_replacement_pending_split","yes_old_new_id_sync","branding_text_replacement;special_dino_text;special_exception_text","Needs message-level category split in checklist step 15."
"chrome/browser/ui/android/strings/android_chrome_strings.grd","IDS_ENABLE_SYNC_BUTTON","overlay","mixed_replacement_pending_split","yes_old_new_id_sync","branding_text_replacement;special_dino_text;special_exception_text","Needs message-level category split in checklist step 15."
"chrome/browser/ui/android/strings/android_chrome_strings.grd","IDS_ERROR_PRINTING_FAILED","overlay","mixed_replacement_pending_split","yes_old_new_id_sync","branding_text_replacement;special_dino_text;special_exception_text","Needs message-level category split in checklist step 15."
"chrome/browser/ui/android/strings/android_chrome_strings.grd","IDS_EXTERNAL_APP_RESTRICTED_ACCESS_ERROR","overlay","mixed_replacement_pending_split","yes_old_new_id_sync","branding_text_replacement;special_dino_text;special_exception_text","Needs message-level category split in checklist step 15."
"chrome/browser/ui/android/strings/android_chrome_strings.grd","IDS_FRE_ACTIVITY_LABEL","overlay","mixed_replacement_pending_split","yes_old_new_id_sync","branding_text_replacement;special_dino_text;special_exception_text","Needs message-level category split in checklist step 15."
"chrome/browser/ui/android/strings/android_chrome_strings.grd","IDS_FRE_WELCOME","overlay","mixed_replacement_pending_split","yes_old_new_id_sync","branding_text_replacement;special_dino_text;special_exception_text","Needs message-level category split in checklist step 15."
"chrome/browser/ui/android/strings/android_chrome_strings.grd","IDS_HINT_CLIENT_OUT_OF_DATE","overlay","mixed_replacement_pending_split","yes_old_new_id_sync","branding_text_replacement;special_dino_text;special_exception_text","Needs message-level category split in checklist step 15."
"chrome/browser/ui/android/strings/android_chrome_strings.grd","IDS_HISTORY_MANAGER_APP_SPECIFIC_EMPTY_STATE_DESCRIPTION","overlay","mixed_replacement_pending_split","yes_old_new_id_sync","branding_text_replacement;special_dino_text;special_exception_text","Needs message-level category split in checklist step 15."
"chrome/browser/ui/android/strings/android_chrome_strings.grd","IDS_HISTORY_MANAGER_EMPTY_STATE_VIEW_OR_OPEN_MORE_HISTORY","overlay","mixed_replacement_pending_split","yes_old_new_id_sync","branding_text_replacement;special_dino_text;special_exception_text","Needs message-level category split in checklist step 15."
"chrome/browser/ui/android/strings/android_chrome_strings.grd","IDS_HISTORY_OPEN_IN_CHROME","overlay","mixed_replacement_pending_split","yes_old_new_id_sync","branding_text_replacement;special_dino_text;special_exception_text","Needs message-level category split in checklist step 15."
"chrome/browser/ui/android/strings/android_chrome_strings.grd","IDS_HISTORY_OPEN_IN_INCOGNITO_CHROME","overlay","mixed_replacement_pending_split","yes_old_new_id_sync","branding_text_replacement;special_dino_text;special_exception_text","Needs message-level category split in checklist step 15."
"chrome/browser/ui/android/strings/android_chrome_strings.grd","IDS_IDENTITY_ERROR_CARD_AUTH_ERROR","overlay","mixed_replacement_pending_split","yes_old_new_id_sync","branding_text_replacement;special_dino_text;special_exception_text","Needs message-level category split in checklist step 15."
"chrome/browser/ui/android/strings/android_chrome_strings.grd","IDS_IDENTITY_ERROR_CARD_CLIENT_OUT_OF_DATE","overlay","mixed_replacement_pending_split","yes_old_new_id_sync","branding_text_replacement;special_dino_text;special_exception_text","Needs message-level category split in checklist step 15."
"chrome/browser/ui/android/strings/android_chrome_strings.grd","IDS_IDENTITY_ERROR_CARD_PASSPHRASE_REQUIRED","overlay","mixed_replacement_pending_split","yes_old_new_id_sync","branding_text_replacement;special_dino_text;special_exception_text","Needs message-level category split in checklist step 15."
"chrome/browser/ui/android/strings/android_chrome_strings.grd","IDS_IDENTITY_ERROR_CARD_SYNC_RECOVERABILITY_DEGRADED_FOR_EVERYTHING","overlay","mixed_replacement_pending_split","yes_old_new_id_sync","branding_text_replacement;special_dino_text;special_exception_text","Needs message-level category split in checklist step 15."
"chrome/browser/ui/android/strings/android_chrome_strings.grd","IDS_IDENTITY_ERROR_CARD_SYNC_RETRIEVE_KEYS_FOR_EVERYTHING","overlay","mixed_replacement_pending_split","yes_old_new_id_sync","branding_text_replacement;special_dino_text;special_exception_text","Needs message-level category split in checklist step 15."
"chrome/browser/ui/android/strings/android_chrome_strings.grd","IDS_IDENTITY_ERROR_MESSAGE_BODY","overlay","mixed_replacement_pending_split","yes_old_new_id_sync","branding_text_replacement;special_dino_text;special_exception_text","Needs message-level category split in checklist step 15."
"chrome/browser/ui/android/strings/android_chrome_strings.grd","IDS_IDENTITY_ERROR_MESSAGE_BODY_SYNC_RECOVERABILITY_DEGRADED_FOR_EVERYTHING","overlay","mixed_replacement_pending_split","yes_old_new_id_sync","branding_text_replacement;special_dino_text;special_exception_text","Needs message-level category split in checklist step 15."
"chrome/browser/ui/android/strings/android_chrome_strings.grd","IDS_IDENTITY_ERROR_MESSAGE_TITLE_CLIENT_OUT_OF_DATE","overlay","mixed_replacement_pending_split","yes_old_new_id_sync","branding_text_replacement;special_dino_text;special_exception_text","Needs message-level category split in checklist step 15."
"chrome/browser/ui/android/strings/android_chrome_strings.grd","IDS_IMAGE_EDITOR_MODULE_TITLE","overlay","mixed_replacement_pending_split","yes_old_new_id_sync","branding_text_replacement;special_dino_text;special_exception_text","Needs message-level category split in checklist step 15."
"chrome/browser/ui/android/strings/android_chrome_strings.grd","IDS_IMPROVE_SEARCH_SUGGESTIONS_SUMMARY","overlay","mixed_replacement_pending_split","yes_old_new_id_sync","branding_text_replacement;special_dino_text;special_exception_text","Needs message-level category split in checklist step 15."
"chrome/browser/ui/android/strings/android_chrome_strings.grd","IDS_INSTANCE_SWITCHER_ALREADY_RUNNING_FOREGROUND","overlay","mixed_replacement_pending_split","yes_old_new_id_sync","branding_text_replacement;special_dino_text;special_exception_text","Needs message-level category split in checklist step 15."
"chrome/browser/ui/android/strings/android_chrome_strings.grd","IDS_IPH_INSTANCE_SWITCHER_TEXT","overlay","mixed_replacement_pending_split","yes_old_new_id_sync","branding_text_replacement;special_dino_text;special_exception_text","Needs message-level category split in checklist step 15."
"chrome/browser/ui/android/strings/android_chrome_strings.grd","IDS_KEEP_ACCESS_TO_YOUR_PASSWORDS_DIALOG_TITLE","overlay","mixed_replacement_pending_split","yes_old_new_id_sync","branding_text_replacement;special_dino_text;special_exception_text","Needs message-level category split in checklist step 15."
"chrome/browser/ui/android/strings/android_chrome_strings.grd","IDS_KEYBOARD_SHORTCUT_BOOKMARK_MANAGER","overlay","mixed_replacement_pending_split","yes_old_new_id_sync","branding_text_replacement;special_dino_text;special_exception_text","Needs message-level category split in checklist step 15."
"chrome/browser/ui/android/strings/android_chrome_strings.grd","IDS_KEYBOARD_SHORTCUT_CHROME_FEATURE_GROUP_HEADER","overlay","mixed_replacement_pending_split","yes_old_new_id_sync","branding_text_replacement;special_dino_text;special_exception_text","Needs message-level category split in checklist step 15."
"chrome/browser/ui/android/strings/android_chrome_strings.grd","IDS_KEYBOARD_SHORTCUT_CLOSE_TAB","overlay","mixed_replacement_pending_split","yes_old_new_id_sync","branding_text_replacement;special_dino_text;special_exception_text","Needs message-level category split in checklist step 15."
"chrome/browser/ui/android/strings/android_chrome_strings.grd","IDS_KEYBOARD_SHORTCUT_CLOSE_WINDOW","overlay","mixed_replacement_pending_split","yes_old_new_id_sync","branding_text_replacement;special_dino_text;special_exception_text","Needs message-level category split in checklist step 15."
"chrome/browser/ui/android/strings/android_chrome_strings.grd","IDS_KEYBOARD_SHORTCUT_HELP_CENTER","overlay","mixed_replacement_pending_split","yes_old_new_id_sync","branding_text_replacement;special_dino_text;special_exception_text","Needs message-level category split in checklist step 15."
"chrome/browser/ui/android/strings/android_chrome_strings.grd","IDS_KEYBOARD_SHORTCUT_LAST_TAB","overlay","mixed_replacement_pending_split","yes_old_new_id_sync","branding_text_replacement;special_dino_text;special_exception_text","Needs message-level category split in checklist step 15."
"chrome/browser/ui/android/strings/android_chrome_strings.grd","IDS_KEYBOARD_SHORTCUT_NEW_INCOGNITO_TAB","overlay","mixed_replacement_pending_split","yes_old_new_id_sync","branding_text_replacement;special_dino_text;special_exception_text","Needs message-level category split in checklist step 15."
"chrome/browser/ui/android/strings/android_chrome_strings.grd","IDS_KEYBOARD_SHORTCUT_NEXT_TAB","overlay","mixed_replacement_pending_split","yes_old_new_id_sync","branding_text_replacement;special_dino_text;special_exception_text","Needs message-level category split in checklist step 15."
"chrome/browser/ui/android/strings/android_chrome_strings.grd","IDS_KEYBOARD_SHORTCUT_OPEN_MENU","overlay","mixed_replacement_pending_split","yes_old_new_id_sync","branding_text_replacement;special_dino_text;special_exception_text","Needs message-level category split in checklist step 15."
"chrome/browser/ui/android/strings/android_chrome_strings.grd","IDS_KEYBOARD_SHORTCUT_OPEN_NEW_TAB","overlay","mixed_replacement_pending_split","yes_old_new_id_sync","branding_text_replacement;special_dino_text;special_exception_text","Needs message-level category split in checklist step 15."
"chrome/browser/ui/android/strings/android_chrome_strings.grd","IDS_KEYBOARD_SHORTCUT_OPEN_NEW_WINDOW","overlay","mixed_replacement_pending_split","yes_old_new_id_sync","branding_text_replacement;special_dino_text;special_exception_text","Needs message-level category split in checklist step 15."
"chrome/browser/ui/android/strings/android_chrome_strings.grd","IDS_KEYBOARD_SHORTCUT_PREV_TAB","overlay","mixed_replacement_pending_split","yes_old_new_id_sync","branding_text_replacement;special_dino_text;special_exception_text","Needs message-level category split in checklist step 15."
"chrome/browser/ui/android/strings/android_chrome_strings.grd","IDS_KEYBOARD_SHORTCUT_REOPEN_NEW_TAB","overlay","mixed_replacement_pending_split","yes_old_new_id_sync","branding_text_replacement;special_dino_text;special_exception_text","Needs message-level category split in checklist step 15."
"chrome/browser/ui/android/strings/android_chrome_strings.grd","IDS_KEYBOARD_SHORTCUT_SPECIFIC_TAB","overlay","mixed_replacement_pending_split","yes_old_new_id_sync","branding_text_replacement;special_dino_text;special_exception_text","Needs message-level category split in checklist step 15."
"chrome/browser/ui/android/strings/android_chrome_strings.grd","IDS_LANGUAGES_CONTENT_DESCRIPTION","overlay","mixed_replacement_pending_split","yes_old_new_id_sync","branding_text_replacement;special_dino_text;special_exception_text","Needs message-level category split in checklist step 15."
"chrome/browser/ui/android/strings/android_chrome_strings.grd","IDS_LANGUAGES_CONTENT_TITLE","overlay","mixed_replacement_pending_split","yes_old_new_id_sync","branding_text_replacement;special_dino_text;special_exception_text","Needs message-level category split in checklist step 15."
"chrome/browser/ui/android/strings/android_chrome_strings.grd","IDS_LANGUAGES_INFOBAR_RESTART","overlay","mixed_replacement_pending_split","yes_old_new_id_sync","branding_text_replacement;special_dino_text;special_exception_text","Needs message-level category split in checklist step 15."
"chrome/browser/ui/android/strings/android_chrome_strings.grd","IDS_LANGUAGES_ITEM_OPTION_OFFER_TO_TRANSLATE","overlay","mixed_replacement_pending_split","yes_old_new_id_sync","branding_text_replacement;special_dino_text;special_exception_text","Needs message-level category split in checklist step 15."
"chrome/browser/ui/android/strings/android_chrome_strings.grd","IDS_LANGUAGES_LIST_DESCRIPTION","overlay","mixed_replacement_pending_split","yes_old_new_id_sync","branding_text_replacement;special_dino_text;special_exception_text","Needs message-level category split in checklist step 15."
"chrome/browser/ui/android/strings/android_chrome_strings.grd","IDS_LANGUAGES_OFFER_TRANSLATE_SWITCH","overlay","mixed_replacement_pending_split","yes_old_new_id_sync","branding_text_replacement;special_dino_text;special_exception_text","Needs message-level category split in checklist step 15."
"chrome/browser/ui/android/strings/android_chrome_strings.grd","IDS_LANGUAGES_SELECT","overlay","mixed_replacement_pending_split","yes_old_new_id_sync","branding_text_replacement;special_dino_text;special_exception_text","Needs message-level category split in checklist step 15."
"chrome/browser/ui/android/strings/android_chrome_strings.grd","IDS_LANGUAGES_SEND_TRANSLATE_SWITCH","overlay","mixed_replacement_pending_split","yes_old_new_id_sync","branding_text_replacement;special_dino_text;special_exception_text","Needs message-level category split in checklist step 15."
"chrome/browser/ui/android/strings/android_chrome_strings.grd","IDS_LANGUAGES_SPLIT_DOWNLOADING","overlay","mixed_replacement_pending_split","yes_old_new_id_sync","branding_text_replacement;special_dino_text;special_exception_text","Needs message-level category split in checklist step 15."
"chrome/browser/ui/android/strings/android_chrome_strings.grd","IDS_LANGUAGES_SPLIT_READY","overlay","mixed_replacement_pending_split","yes_old_new_id_sync","branding_text_replacement;special_dino_text;special_exception_text","Needs message-level category split in checklist step 15."
"chrome/browser/ui/android/strings/android_chrome_strings.grd","IDS_LANGUAGES_SRP_SUBTITLE","overlay","mixed_replacement_pending_split","yes_old_new_id_sync","branding_text_replacement;special_dino_text;special_exception_text","Needs message-level category split in checklist step 15."
"chrome/browser/ui/android/strings/android_chrome_strings.grd","IDS_LANGUAGES_SRP_TITLE","overlay","mixed_replacement_pending_split","yes_old_new_id_sync","branding_text_replacement;special_dino_text;special_exception_text","Needs message-level category split in checklist step 15."
"chrome/browser/ui/android/strings/android_chrome_strings.grd","IDS_LEGACY_SYNC_ENCRYPTION_CREATE_PASSPHRASE","overlay","mixed_replacement_pending_split","yes_old_new_id_sync","branding_text_replacement;special_dino_text;special_exception_text","Needs message-level category split in checklist step 15."
"chrome/browser/ui/android/strings/android_chrome_strings.grd","IDS_LIGHTWEIGHT_FRE_ASSOCIATED_APP_TOS","overlay","mixed_replacement_pending_split","yes_old_new_id_sync","branding_text_replacement;special_dino_text;special_exception_text","Needs message-level category split in checklist step 15."
"chrome/browser/ui/android/strings/android_chrome_strings.grd","IDS_LIGHTWEIGHT_FRE_ASSOCIATED_APP_TOS_AND_PRIVACY_CHILD_ACCOUNT","overlay","mixed_replacement_pending_split","yes_old_new_id_sync","branding_text_replacement;special_dino_text;special_exception_text","Needs message-level category split in checklist step 15."
"chrome/browser/ui/android/strings/android_chrome_strings.grd","IDS_MANAGED_SIGNIN_WITH_USER_POLICY_SUBTITLE","overlay","mixed_replacement_pending_split","yes_old_new_id_sync","branding_text_replacement;special_dino_text;special_exception_text","Needs message-level category split in checklist step 15."
"chrome/browser/ui/android/strings/android_chrome_strings.grd","IDS_MANAGEMENT_BROWSER_NOTICE","overlay","mixed_replacement_pending_split","yes_old_new_id_sync","branding_text_replacement;special_dino_text;special_exception_text","Needs message-level category split in checklist step 15."
"chrome/browser/ui/android/strings/android_chrome_strings.grd","IDS_MAX_NUMBER_OF_WINDOWS","overlay","mixed_replacement_pending_split","yes_old_new_id_sync","branding_text_replacement;special_dino_text;special_exception_text","Needs message-level category split in checklist step 15."
"chrome/browser/ui/android/strings/android_chrome_strings.grd","IDS_MENU_AUTO_DARK_WEB_CONTENTS","overlay","mixed_replacement_pending_split","yes_old_new_id_sync","branding_text_replacement;special_dino_text;special_exception_text","Needs message-level category split in checklist step 15."
"chrome/browser/ui/android/strings/android_chrome_strings.grd","IDS_MENU_OPEN_IN_CHROME","overlay","mixed_replacement_pending_split","yes_old_new_id_sync","branding_text_replacement;special_dino_text;special_exception_text","Needs message-level category split in checklist step 15."
"chrome/browser/ui/android/strings/android_chrome_strings.grd","IDS_MENU_OPEN_IN_INCOGNITO_CHROME","overlay","mixed_replacement_pending_split","yes_old_new_id_sync","branding_text_replacement;special_dino_text;special_exception_text","Needs message-level category split in checklist step 15."
"chrome/browser/ui/android/strings/android_chrome_strings.grd","IDS_MENU_OPEN_IN_PRODUCT","overlay","mixed_replacement_pending_split","yes_old_new_id_sync","branding_text_replacement;special_dino_text;special_exception_text","Needs message-level category split in checklist step 15."
"chrome/browser/ui/android/strings/android_chrome_strings.grd","IDS_MENU_REQUEST_DESKTOP_SITE","overlay","mixed_replacement_pending_split","yes_old_new_id_sync","branding_text_replacement;special_dino_text;special_exception_text","Needs message-level category split in checklist step 15."
"chrome/browser/ui/android/strings/android_chrome_strings.grd","IDS_MENU_UPDATE","overlay","mixed_replacement_pending_split","yes_old_new_id_sync","branding_text_replacement;special_dino_text;special_exception_text","Needs message-level category split in checklist step 15."
"chrome/browser/ui/android/strings/android_chrome_strings.grd","IDS_MENU_UPDATE_SUMMARY_DEFAULT","overlay","mixed_replacement_pending_split","yes_old_new_id_sync","branding_text_replacement;special_dino_text;special_exception_text","Needs message-level category split in checklist step 15."
"chrome/browser/ui/android/strings/android_chrome_strings.grd","IDS_MENU_UPDATE_UNSUPPORTED","overlay","mixed_replacement_pending_split","yes_old_new_id_sync","branding_text_replacement;special_dino_text;special_exception_text","Needs message-level category split in checklist step 15."
"chrome/browser/ui/android/strings/android_chrome_strings.grd","IDS_MISSING_DEVICE_LOCK_DESCRIPTION","overlay","mixed_replacement_pending_split","yes_old_new_id_sync","branding_text_replacement;special_dino_text;special_exception_text","Needs message-level category split in checklist step 15."
"chrome/browser/ui/android/strings/android_chrome_strings.grd","IDS_MISSING_DEVICE_LOCK_REMOVE_LOCAL_DATA","overlay","mixed_replacement_pending_split","yes_old_new_id_sync","branding_text_replacement;special_dino_text;special_exception_text","Needs message-level category split in checklist step 15."
"chrome/browser/ui/android/strings/android_chrome_strings.grd","IDS_MISSING_STORAGE_PERMISSION_DOWNLOAD_EDUCATION_TEXT","overlay","mixed_replacement_pending_split","yes_old_new_id_sync","branding_text_replacement;special_dino_text;special_exception_text","Needs message-level category split in checklist step 15."
"chrome/browser/ui/android/strings/android_chrome_strings.grd","IDS_MODULE_INSTALL_FAILURE_TEXT","overlay","mixed_replacement_pending_split","yes_old_new_id_sync","branding_text_replacement;special_dino_text;special_exception_text","Needs message-level category split in checklist step 15."
"chrome/browser/ui/android/strings/android_chrome_strings.grd","IDS_MODULE_INSTALL_START_TEXT","overlay","mixed_replacement_pending_split","yes_old_new_id_sync","branding_text_replacement;special_dino_text;special_exception_text","Needs message-level category split in checklist step 15."
"chrome/browser/ui/android/strings/android_chrome_strings.grd","IDS_MODULE_INSTALL_SUCCESS_TEXT","overlay","mixed_replacement_pending_split","yes_old_new_id_sync","branding_text_replacement;special_dino_text;special_exception_text","Needs message-level category split in checklist step 15."
"chrome/browser/ui/android/strings/android_chrome_strings.grd","IDS_NOTIFICATION_CATEGORY_WEBAPPS_QUIET","overlay","mixed_replacement_pending_split","yes_old_new_id_sync","branding_text_replacement;special_dino_text;special_exception_text","Needs message-level category split in checklist step 15."
"chrome/browser/ui/android/strings/android_chrome_strings.grd","IDS_NOTIFICATION_MANAGE_BUTTON","overlay","mixed_replacement_pending_split","yes_old_new_id_sync","branding_text_replacement;special_dino_text;special_exception_text","Needs message-level category split in checklist step 15."
"chrome/browser/ui/android/strings/android_chrome_strings.grd","IDS_NOTIFICATION_PERMISSION_RATIONALE_DIALOG_MESSAGE","overlay","mixed_replacement_pending_split","yes_old_new_id_sync","branding_text_replacement;special_dino_text;special_exception_text","Needs message-level category split in checklist step 15."
"chrome/browser/ui/android/strings/android_chrome_strings.grd","IDS_NOTIFICATION_PERMISSION_RATIONALE_DIALOG_TITLE","overlay","mixed_replacement_pending_split","yes_old_new_id_sync","branding_text_replacement;special_dino_text;special_exception_text","Needs message-level category split in checklist step 15."
"chrome/browser/ui/android/strings/android_chrome_strings.grd","IDS_NOTIFICATION_TRAMPOLINE_TOAST_MESSAGE","overlay","mixed_replacement_pending_split","yes_old_new_id_sync","branding_text_replacement;special_dino_text;special_exception_text","Needs message-level category split in checklist step 15."
"chrome/browser/ui/android/strings/android_chrome_strings.grd","IDS_NOTIFICATION_WARNING_BODY","overlay","mixed_replacement_pending_split","yes_old_new_id_sync","branding_text_replacement;special_dino_text;special_exception_text","Needs message-level category split in checklist step 15."
"chrome/browser/ui/android/strings/android_chrome_strings.grd","IDS_NTP_FEED_MENU_IPH","overlay","mixed_replacement_pending_split","yes_old_new_id_sync","branding_text_replacement;special_dino_text;special_exception_text","Needs message-level category split in checklist step 15."
"chrome/browser/ui/android/strings/android_chrome_strings.grd","IDS_NTP_RECENT_TABS_SYNC_PROMO_INSTRUCTIONS","overlay","mixed_replacement_pending_split","yes_old_new_id_sync","branding_text_replacement;special_dino_text;special_exception_text","Needs message-level category split in checklist step 15."
"chrome/browser/ui/android/strings/android_chrome_strings.grd","IDS_OFFLINE_PAGES_AUTO_FETCH_IN_PROGRESS_NOTIFICATION_TEXT","overlay","mixed_replacement_pending_split","yes_old_new_id_sync","branding_text_replacement;special_dino_text;special_exception_text","Needs message-level category split in checklist step 15."
"chrome/browser/ui/android/strings/android_chrome_strings.grd","IDS_OFFLINE_PAGES_AUTO_FETCH_READY_NOTIFICATION_TEXT","overlay","mixed_replacement_pending_split","yes_old_new_id_sync","branding_text_replacement;special_dino_text;special_exception_text","Needs message-level category split in checklist step 15."
"chrome/browser/ui/android/strings/android_chrome_strings.grd","IDS_OPEN_FULL_CHROME_HISTORY","overlay","mixed_replacement_pending_split","yes_old_new_id_sync","branding_text_replacement;special_dino_text;special_exception_text","Needs message-level category split in checklist step 15."
"chrome/browser/ui/android/strings/android_chrome_strings.grd","IDS_OPTIONS_HOMEPAGE_CHROME_HOMEPAGE","overlay","mixed_replacement_pending_split","yes_old_new_id_sync","branding_text_replacement;special_dino_text;special_exception_text","Needs message-level category split in checklist step 15."
"chrome/browser/ui/android/strings/android_chrome_strings.grd","IDS_OVERSCROLL_NAVIGATION_CLOSE_CHROME","overlay","mixed_replacement_pending_split","yes_old_new_id_sync","branding_text_replacement;special_dino_text;special_exception_text","Needs message-level category split in checklist step 15."
"chrome/browser/ui/android/strings/android_chrome_strings.grd","IDS_PASSWORD_LIST_TITLE","overlay","mixed_replacement_pending_split","yes_old_new_id_sync","branding_text_replacement;special_dino_text;special_exception_text","Needs message-level category split in checklist step 15."
"chrome/browser/ui/android/strings/android_chrome_strings.grd","IDS_PASSWORDS_LEAK_DETECTION_SWITCH_SUMMARY","overlay","mixed_replacement_pending_split","yes_old_new_id_sync","branding_text_replacement;special_dino_text;special_exception_text","Needs message-level category split in checklist step 15."
"chrome/browser/ui/android/strings/android_chrome_strings.grd","IDS_PASSWORDS_LEAK_DETECTION_SWITCH_TITLE","overlay","mixed_replacement_pending_split","yes_old_new_id_sync","branding_text_replacement;special_dino_text;special_exception_text","Needs message-level category split in checklist step 15."
"chrome/browser/ui/android/strings/android_chrome_strings.grd","IDS_PASSWORDS_NOT_SECURE_FILLING_DETAILS","overlay","mixed_replacement_pending_split","yes_old_new_id_sync","branding_text_replacement;special_dino_text;special_exception_text","Needs message-level category split in checklist step 15."
"chrome/browser/ui/android/strings/android_chrome_strings.grd","IDS_PAYMENT_REQUEST_CONTACTS_PREVIEW","overlay","mixed_replacement_pending_split","yes_old_new_id_sync","branding_text_replacement;special_dino_text;special_exception_text","Needs message-level category split in checklist step 15."
"chrome/browser/ui/android/strings/android_chrome_strings.grd","IDS_PAYMENT_REQUEST_PAYMENT_METHODS_PREVIEW","overlay","mixed_replacement_pending_split","yes_old_new_id_sync","branding_text_replacement;special_dino_text;special_exception_text","Needs message-level category split in checklist step 15."
"chrome/browser/ui/android/strings/android_chrome_strings.grd","IDS_PAYMENT_REQUEST_SHIPPING_ADDRESSES_PREVIEW","overlay","mixed_replacement_pending_split","yes_old_new_id_sync","branding_text_replacement;special_dino_text;special_exception_text","Needs message-level category split in checklist step 15."
"chrome/browser/ui/android/strings/android_chrome_strings.grd","IDS_PDF_PAGE_DOWNLOAD_IPH_TEXT","overlay","mixed_replacement_pending_split","yes_old_new_id_sync","branding_text_replacement;special_dino_text;special_exception_text","Needs message-level category split in checklist step 15."
"chrome/browser/ui/android/strings/android_chrome_strings.grd","IDS_PERSONALIZED_GOOGLE_SERVICES_LINKED_SERVICES_SUMMARY","overlay","mixed_replacement_pending_split","yes_old_new_id_sync","branding_text_replacement;special_dino_text;special_exception_text","Needs message-level category split in checklist step 15."
"chrome/browser/ui/android/strings/android_chrome_strings.grd","IDS_PERSONALIZED_GOOGLE_SERVICES_LINKED_SERVICES_TITLE","overlay","mixed_replacement_pending_split","yes_old_new_id_sync","branding_text_replacement;special_dino_text;special_exception_text","Needs message-level category split in checklist step 15."
"chrome/browser/ui/android/strings/android_chrome_strings.grd","IDS_PERSONALIZED_GOOGLE_SERVICES_SUMMARY","overlay","mixed_replacement_pending_split","yes_old_new_id_sync","branding_text_replacement;special_dino_text;special_exception_text","Needs message-level category split in checklist step 15."
"chrome/browser/ui/android/strings/android_chrome_strings.grd","IDS_PERSONALIZED_GOOGLE_SERVICES_WAA_TITLE","overlay","mixed_replacement_pending_split","yes_old_new_id_sync","branding_text_replacement;special_dino_text;special_exception_text","Needs message-level category split in checklist step 15."
"chrome/browser/ui/android/strings/android_chrome_strings.grd","IDS_PREFS_ABOUT_CHROME","overlay","mixed_replacement_pending_split","yes_old_new_id_sync","branding_text_replacement;special_dino_text;special_exception_text","Needs message-level category split in checklist step 15."
"chrome/browser/ui/android/strings/android_chrome_strings.grd","IDS_PREFS_SECTION_PRELOAD_PAGES_TITLE","overlay","mixed_replacement_pending_split","yes_old_new_id_sync","branding_text_replacement;special_dino_text;special_exception_text","Needs message-level category split in checklist step 15."
"chrome/browser/ui/android/strings/android_chrome_strings.grd","IDS_PRELOAD_PAGES_EXTENDED_PRELOADING_BULLET_ONE","overlay","mixed_replacement_pending_split","yes_old_new_id_sync","branding_text_replacement;special_dino_text;special_exception_text","Needs message-level category split in checklist step 15."
"chrome/browser/ui/android/strings/android_chrome_strings.grd","IDS_PRELOAD_PAGES_EXTENDED_PRELOADING_BULLET_THREE","overlay","mixed_replacement_pending_split","yes_old_new_id_sync","branding_text_replacement;special_dino_text;special_exception_text","Needs message-level category split in checklist step 15."
"chrome/browser/ui/android/strings/android_chrome_strings.grd","IDS_PRELOAD_PAGES_EXTENDED_PRELOADING_BULLET_TWO","overlay","mixed_replacement_pending_split","yes_old_new_id_sync","branding_text_replacement;special_dino_text;special_exception_text","Needs message-level category split in checklist step 15."
"chrome/browser/ui/android/strings/android_chrome_strings.grd","IDS_PRELOAD_PAGES_EXTENDED_PRELOADING_TITLE","overlay","mixed_replacement_pending_split","yes_old_new_id_sync","branding_text_replacement;special_dino_text;special_exception_text","Needs message-level category split in checklist step 15."
"chrome/browser/ui/android/strings/android_chrome_strings.grd","IDS_PRELOAD_PAGES_NO_PRELOADING_TITLE","overlay","mixed_replacement_pending_split","yes_old_new_id_sync","branding_text_replacement;special_dino_text;special_exception_text","Needs message-level category split in checklist step 15."
"chrome/browser/ui/android/strings/android_chrome_strings.grd","IDS_PRELOAD_PAGES_STANDARD_PRELOADING_BULLET_ONE","overlay","mixed_replacement_pending_split","yes_old_new_id_sync","branding_text_replacement;special_dino_text;special_exception_text","Needs message-level category split in checklist step 15."
"chrome/browser/ui/android/strings/android_chrome_strings.grd","IDS_PRELOAD_PAGES_STANDARD_PRELOADING_BULLET_THREE","overlay","mixed_replacement_pending_split","yes_old_new_id_sync","branding_text_replacement;special_dino_text;special_exception_text","Needs message-level category split in checklist step 15."
"chrome/browser/ui/android/strings/android_chrome_strings.grd","IDS_PRELOAD_PAGES_STANDARD_PRELOADING_BULLET_TWO","overlay","mixed_replacement_pending_split","yes_old_new_id_sync","branding_text_replacement;special_dino_text;special_exception_text","Needs message-level category split in checklist step 15."
"chrome/browser/ui/android/strings/android_chrome_strings.grd","IDS_PRELOAD_PAGES_STANDARD_PRELOADING_TITLE","overlay","mixed_replacement_pending_split","yes_old_new_id_sync","branding_text_replacement;special_dino_text;special_exception_text","Needs message-level category split in checklist step 15."
"chrome/browser/ui/android/strings/android_chrome_strings.grd","IDS_PRELOAD_PAGES_SUMMARY","overlay","mixed_replacement_pending_split","yes_old_new_id_sync","branding_text_replacement;special_dino_text;special_exception_text","Needs message-level category split in checklist step 15."
"chrome/browser/ui/android/strings/android_chrome_strings.grd","IDS_PRIVACY_CHROME_DATA_AND_GOOGLE_SERVICES_FOOTER","overlay","mixed_replacement_pending_split","yes_old_new_id_sync","branding_text_replacement;special_dino_text;special_exception_text","Needs message-level category split in checklist step 15."
"chrome/browser/ui/android/strings/android_chrome_strings.grd","IDS_PRIVACY_CHROME_DATA_AND_GOOGLE_SERVICES_SIGNED_OUT_FOOTER","overlay","mixed_replacement_pending_split","yes_old_new_id_sync","branding_text_replacement;special_dino_text;special_exception_text","Needs message-level category split in checklist step 15."
"chrome/browser/ui/android/strings/android_chrome_strings.grd","IDS_PRIVACY_GUIDE_MSBB_ITEM_FOUR","overlay","mixed_replacement_pending_split","yes_old_new_id_sync","branding_text_replacement;special_dino_text;special_exception_text","Needs message-level category split in checklist step 15."
"chrome/browser/ui/android/strings/android_chrome_strings.grd","IDS_PRIVACY_GUIDE_PRIVACY_SANDBOX_DESCRIPTION","overlay","mixed_replacement_pending_split","yes_old_new_id_sync","branding_text_replacement;special_dino_text;special_exception_text","Needs message-level category split in checklist step 15."
"chrome/browser/ui/android/strings/android_chrome_strings.grd","IDS_PRIVACY_GUIDE_WEB_APP_ACTIVITY_DESCRIPTION","overlay","mixed_replacement_pending_split","yes_old_new_id_sync","branding_text_replacement;special_dino_text;special_exception_text","Needs message-level category split in checklist step 15."
"chrome/browser/ui/android/strings/android_chrome_strings.grd","IDS_PRIVACY_SANDBOX_M1_NOTICE_EEA_BULLET_2","overlay","mixed_replacement_pending_split","yes_old_new_id_sync","branding_text_replacement;special_dino_text;special_exception_text","Needs message-level category split in checklist step 15."
"chrome/browser/ui/android/strings/android_chrome_strings.grd","IDS_PRIVACY_SANDBOX_M1_NOTICE_EEA_LEARN_MORE_DESCRIPTION_ANDROID","overlay","mixed_replacement_pending_split","yes_old_new_id_sync","branding_text_replacement;special_dino_text;special_exception_text","Needs message-level category split in checklist step 15."
"chrome/browser/ui/android/strings/android_chrome_strings.grd","IDS_PRIVACY_SANDBOX_M1_NOTICE_RESTRICTED_DESCRIPTION_1_ANDROID","overlay","mixed_replacement_pending_split","yes_old_new_id_sync","branding_text_replacement;special_dino_text;special_exception_text","Needs message-level category split in checklist step 15."
"chrome/browser/ui/android/strings/android_chrome_strings.grd","IDS_PRIVACY_SANDBOX_M1_NOTICE_RESTRICTED_DESCRIPTION_ANDROID","overlay","mixed_replacement_pending_split","yes_old_new_id_sync","branding_text_replacement;special_dino_text;special_exception_text","Needs message-level category split in checklist step 15."
"chrome/browser/ui/android/strings/android_chrome_strings.grd","IDS_PRIVACY_SANDBOX_M1_NOTICE_ROW_DESCRIPTION_3","overlay","mixed_replacement_pending_split","yes_old_new_id_sync","branding_text_replacement;special_dino_text;special_exception_text","Needs message-level category split in checklist step 15."
"chrome/browser/ui/android/strings/android_chrome_strings.grd","IDS_PRIVACY_SANDBOX_M1_NOTICE_ROW_LEARN_MORE_DESCRIPTION_ANDROID","overlay","mixed_replacement_pending_split","yes_old_new_id_sync","branding_text_replacement;special_dino_text;special_exception_text","Needs message-level category split in checklist step 15."
"chrome/browser/ui/android/strings/android_chrome_strings.grd","IDS_RDS_WINDOW_SETTING_MESSAGE_TITLE","overlay","mixed_replacement_pending_split","yes_old_new_id_sync","branding_text_replacement;special_dino_text;special_exception_text","Needs message-level category split in checklist step 15."
"chrome/browser/ui/android/strings/android_chrome_strings.grd","IDS_RECENT_TABS_SIGN_IN_ON_OTHER_DEVICES","overlay","mixed_replacement_pending_split","yes_old_new_id_sync","branding_text_replacement;special_dino_text;special_exception_text","Needs message-level category split in checklist step 15."
"chrome/browser/ui/android/strings/android_chrome_strings.grd","IDS_REMOVE_LOCAL_DATA","overlay","mixed_replacement_pending_split","yes_old_new_id_sync","branding_text_replacement;special_dino_text;special_exception_text","Needs message-level category split in checklist step 15."
"chrome/browser/ui/android/strings/android_chrome_strings.grd","IDS_SAFE_BROWSING_ENHANCED_PROTECTION_BULLET_ONE","overlay","mixed_replacement_pending_split","yes_old_new_id_sync","branding_text_replacement;special_dino_text;special_exception_text","Needs message-level category split in checklist step 15."
"chrome/browser/ui/android/strings/android_chrome_strings.grd","IDS_SAFE_BROWSING_ENHANCED_PROTECTION_LEARN_MORE_LABEL","overlay","mixed_replacement_pending_split","yes_old_new_id_sync","branding_text_replacement;special_dino_text;special_exception_text","Needs message-level category split in checklist step 15."
"chrome/browser/ui/android/strings/android_chrome_strings.grd","IDS_SAFE_BROWSING_STANDARD_PROTECTION_SUMMARY_PROXY","overlay","mixed_replacement_pending_split","yes_old_new_id_sync","branding_text_replacement;special_dino_text;special_exception_text","Needs message-level category split in checklist step 15."
"chrome/browser/ui/android/strings/android_chrome_strings.grd","IDS_SAFETY_CHECK_DESCRIPTION","overlay","mixed_replacement_pending_split","yes_old_new_id_sync","branding_text_replacement;special_dino_text;special_exception_text","Needs message-level category split in checklist step 15."
"chrome/browser/ui/android/strings/android_chrome_strings.grd","IDS_SAFETY_CHECK_PASSWORDS_ERROR","overlay","mixed_replacement_pending_split","yes_old_new_id_sync","branding_text_replacement;special_dino_text;special_exception_text","Needs message-level category split in checklist step 15."
"chrome/browser/ui/android/strings/android_chrome_strings.grd","IDS_SAFETY_CHECK_UPDATES_ERROR","overlay","mixed_replacement_pending_split","yes_old_new_id_sync","branding_text_replacement;special_dino_text;special_exception_text","Needs message-level category split in checklist step 15."
"chrome/browser/ui/android/strings/android_chrome_strings.grd","IDS_SAFETY_CHECK_UPDATES_OFFLINE","overlay","mixed_replacement_pending_split","yes_old_new_id_sync","branding_text_replacement;special_dino_text;special_exception_text","Needs message-level category split in checklist step 15."
"chrome/browser/ui/android/strings/android_chrome_strings.grd","IDS_SAFETY_CHECK_UPDATES_OUTDATED","overlay","mixed_replacement_pending_split","yes_old_new_id_sync","branding_text_replacement;special_dino_text;special_exception_text","Needs message-level category split in checklist step 15."
"chrome/browser/ui/android/strings/android_chrome_strings.grd","IDS_SAFETY_CHECK_UPDATES_UPDATED","overlay","mixed_replacement_pending_split","yes_old_new_id_sync","branding_text_replacement;special_dino_text;special_exception_text","Needs message-level category split in checklist step 15."
"chrome/browser/ui/android/strings/android_chrome_strings.grd","IDS_SAFETY_HUB_ABUSIVE_NOTIFICATION_PERMISSIONS_SUBLABEL","overlay","mixed_replacement_pending_split","yes_old_new_id_sync","branding_text_replacement;special_dino_text;special_exception_text","Needs message-level category split in checklist step 15."
"chrome/browser/ui/android/strings/android_chrome_strings.grd","IDS_SAFETY_HUB_AUTOREVOCATION_TOGGLE_SUMMARY","overlay","mixed_replacement_pending_split","yes_old_new_id_sync","branding_text_replacement;special_dino_text;special_exception_text","Needs message-level category split in checklist step 15."
"chrome/browser/ui/android/strings/android_chrome_strings.grd","IDS_SAFETY_HUB_DESCRIPTION","overlay","mixed_replacement_pending_split","yes_old_new_id_sync","branding_text_replacement;special_dino_text;special_exception_text","Needs message-level category split in checklist step 15."
"chrome/browser/ui/android/strings/android_chrome_strings.grd","IDS_SAFETY_HUB_GO_TO_SECURITY_SETTINGS_BUTTON","overlay","mixed_replacement_pending_split","yes_old_new_id_sync","branding_text_replacement;special_dino_text;special_exception_text","Needs message-level category split in checklist step 15."
"chrome/browser/ui/android/strings/android_chrome_strings.grd","IDS_SAFETY_HUB_NO_PASSWORDS_SUMMARY","overlay","mixed_replacement_pending_split","yes_old_new_id_sync","branding_text_replacement;special_dino_text;special_exception_text","Needs message-level category split in checklist step 15."
"chrome/browser/ui/android/strings/android_chrome_strings.grd","IDS_SAFETY_HUB_NOTIFICATIONS_REVIEW_OK_SUMMARY","overlay","mixed_replacement_pending_split","yes_old_new_id_sync","branding_text_replacement;special_dino_text;special_exception_text","Needs message-level category split in checklist step 15."
"chrome/browser/ui/android/strings/android_chrome_strings.grd","IDS_SAFETY_HUB_PERMISSIONS_OK_SUMMARY","overlay","mixed_replacement_pending_split","yes_old_new_id_sync","branding_text_replacement;special_dino_text;special_exception_text","Needs message-level category split in checklist step 15."
"chrome/browser/ui/android/strings/android_chrome_strings.grd","IDS_SAFETY_HUB_REMOVED_FOUR_OR_MORE_PERMISSIONS_SUBLABEL","overlay","mixed_replacement_pending_split","yes_old_new_id_sync","branding_text_replacement;special_dino_text;special_exception_text","Needs message-level category split in checklist step 15."
"chrome/browser/ui/android/strings/android_chrome_strings.grd","IDS_SAFETY_HUB_REMOVED_ONE_PERMISSION_SUBLABEL","overlay","mixed_replacement_pending_split","yes_old_new_id_sync","branding_text_replacement;special_dino_text;special_exception_text","Needs message-level category split in checklist step 15."
"chrome/browser/ui/android/strings/android_chrome_strings.grd","IDS_SAFETY_HUB_REMOVED_THREE_PERMISSIONS_SUBLABEL","overlay","mixed_replacement_pending_split","yes_old_new_id_sync","branding_text_replacement;special_dino_text;special_exception_text","Needs message-level category split in checklist step 15."
"chrome/browser/ui/android/strings/android_chrome_strings.grd","IDS_SAFETY_HUB_REMOVED_TWO_PERMISSIONS_SUBLABEL","overlay","mixed_replacement_pending_split","yes_old_new_id_sync","branding_text_replacement;special_dino_text;special_exception_text","Needs message-level category split in checklist step 15."
"chrome/browser/ui/android/strings/android_chrome_strings.grd","IDS_SAFETY_HUB_REUSED_PASSWORDS_SUMMARY","overlay","mixed_replacement_pending_split","yes_old_new_id_sync","branding_text_replacement;special_dino_text;special_exception_text","Needs message-level category split in checklist step 15."
"chrome/browser/ui/android/strings/android_chrome_strings.grd","IDS_SAFETY_HUB_SAFE_BROWSING_ENHANCED_SUMMARY","overlay","mixed_replacement_pending_split","yes_old_new_id_sync","branding_text_replacement;special_dino_text;special_exception_text","Needs message-level category split in checklist step 15."
"chrome/browser/ui/android/strings/android_chrome_strings.grd","IDS_SAFETY_HUB_SAFE_BROWSING_ENHANCED_SUMMARY_MANAGED","overlay","mixed_replacement_pending_split","yes_old_new_id_sync","branding_text_replacement;special_dino_text;special_exception_text","Needs message-level category split in checklist step 15."
"chrome/browser/ui/android/strings/android_chrome_strings.grd","IDS_SAFETY_HUB_SAFE_BROWSING_ON_SUMMARY","overlay","mixed_replacement_pending_split","yes_old_new_id_sync","branding_text_replacement;special_dino_text;special_exception_text","Needs message-level category split in checklist step 15."
"chrome/browser/ui/android/strings/android_chrome_strings.grd","IDS_SAFETY_HUB_SAFE_BROWSING_ON_SUMMARY_MANAGED","overlay","mixed_replacement_pending_split","yes_old_new_id_sync","branding_text_replacement;special_dino_text;special_exception_text","Needs message-level category split in checklist step 15."
"chrome/browser/ui/android/strings/android_chrome_strings.grd","IDS_SAFETY_HUB_SAFETY_TIPS_INCOGNITO_TITLE","overlay","mixed_replacement_pending_split","yes_old_new_id_sync","branding_text_replacement;special_dino_text;special_exception_text","Needs message-level category split in checklist step 15."
"chrome/browser/ui/android/strings/android_chrome_strings.grd","IDS_SAFETY_HUB_SAFETY_TIPS_SAFE_BROWSING_SUMMARY","overlay","mixed_replacement_pending_split","yes_old_new_id_sync","branding_text_replacement;special_dino_text;special_exception_text","Needs message-level category split in checklist step 15."
"chrome/browser/ui/android/strings/android_chrome_strings.grd","IDS_SAFETY_HUB_SAFETY_TIPS_SAFETY_TOOLS_SUMMARY","overlay","mixed_replacement_pending_split","yes_old_new_id_sync","branding_text_replacement;special_dino_text;special_exception_text","Needs message-level category split in checklist step 15."
"chrome/browser/ui/android/strings/android_chrome_strings.grd","IDS_SAFETY_HUB_SAFETY_TIPS_SAFETY_TOOLS_TITLE","overlay","mixed_replacement_pending_split","yes_old_new_id_sync","branding_text_replacement;special_dino_text;special_exception_text","Needs message-level category split in checklist step 15."
"chrome/browser/ui/android/strings/android_chrome_strings.grd","IDS_SAFETY_HUB_SAFETY_TIPS_SECTION_HEADER","overlay","mixed_replacement_pending_split","yes_old_new_id_sync","branding_text_replacement;special_dino_text;special_exception_text","Needs message-level category split in checklist step 15."
"chrome/browser/ui/android/strings/android_chrome_strings.grd","IDS_SAFETY_HUB_SUSPICIOUS_NOTIFICATION_PERMISSIONS_SUBLABEL","overlay","mixed_replacement_pending_split","yes_old_new_id_sync","branding_text_replacement;special_dino_text;special_exception_text","Needs message-level category split in checklist step 15."
"chrome/browser/ui/android/strings/android_chrome_strings.grd","IDS_SAFETY_HUB_TURN_ON_BUTTON","overlay","mixed_replacement_pending_split","yes_old_new_id_sync","branding_text_replacement;special_dino_text;special_exception_text","Needs message-level category split in checklist step 15."
"chrome/browser/ui/android/strings/android_chrome_strings.grd","IDS_SAFETY_HUB_UNSUBSCRIBED_NOTIFICATIONS_NOTIFICATION_MESSAGE","overlay","mixed_replacement_pending_split","yes_old_new_id_sync","branding_text_replacement;special_dino_text;special_exception_text","Needs message-level category split in checklist step 15."
"chrome/browser/ui/android/strings/android_chrome_strings.grd","IDS_SAFETY_HUB_UPDATE_UNAVAILABLE_TITLE","overlay","mixed_replacement_pending_split","yes_old_new_id_sync","branding_text_replacement;special_dino_text;special_exception_text","Needs message-level category split in checklist step 15."
"chrome/browser/ui/android/strings/android_chrome_strings.grd","IDS_SAFETY_HUB_UPDATES_OUTDATED_SUMMARY","overlay","mixed_replacement_pending_split","yes_old_new_id_sync","branding_text_replacement;special_dino_text;special_exception_text","Needs message-level category split in checklist step 15."
"chrome/browser/ui/android/strings/android_chrome_strings.grd","IDS_SAFETY_HUB_VERSION_SUMMARY","overlay","mixed_replacement_pending_split","yes_old_new_id_sync","branding_text_replacement;special_dino_text;special_exception_text","Needs message-level category split in checklist step 15."
"chrome/browser/ui/android/strings/android_chrome_strings.grd","IDS_SAFETY_HUB_WEAK_PASSWORDS_SUMMARY","overlay","mixed_replacement_pending_split","yes_old_new_id_sync","branding_text_replacement;special_dino_text;special_exception_text","Needs message-level category split in checklist step 15."
"chrome/browser/ui/android/strings/android_chrome_strings.grd","IDS_SEARCH_ENGINE_CHOICE_NOTIFICATION_SNACKBAR","overlay","mixed_replacement_pending_split","yes_old_new_id_sync","branding_text_replacement;special_dino_text;special_exception_text","Needs message-level category split in checklist step 15."
"chrome/browser/ui/android/strings/android_chrome_strings.grd","IDS_SEARCH_ENGINE_DIALOG_CONFIRM_BUTTON_TITLE","overlay","mixed_replacement_pending_split","yes_old_new_id_sync","branding_text_replacement;special_dino_text;special_exception_text","Needs message-level category split in checklist step 15."
"chrome/browser/ui/android/strings/android_chrome_strings.grd","IDS_SEARCH_ENGINE_DIALOG_FOOTER","overlay","mixed_replacement_pending_split","yes_old_new_id_sync","branding_text_replacement;special_dino_text;special_exception_text","Needs message-level category split in checklist step 15."
"chrome/browser/ui/android/strings/android_chrome_strings.grd","IDS_SEARCH_WIDGET_DESCRIPTION","overlay","mixed_replacement_pending_split","yes_old_new_id_sync","branding_text_replacement;special_dino_text;special_exception_text","Needs message-level category split in checklist step 15."
"chrome/browser/ui/android/strings/android_chrome_strings.grd","IDS_SEND_TAB_TO_SELF_ANDROID_NO_TARGET_DEVICE_LABEL","overlay","mixed_replacement_pending_split","yes_old_new_id_sync","branding_text_replacement;special_dino_text;special_exception_text","Needs message-level category split in checklist step 15."
"chrome/browser/ui/android/strings/android_chrome_strings.grd","IDS_SETTINGS_AD_MEASUREMENT_PAGE_CONSIDER_BULLET_2","overlay","mixed_replacement_pending_split","yes_old_new_id_sync","branding_text_replacement;special_dino_text;special_exception_text","Needs message-level category split in checklist step 15."
"chrome/browser/ui/android/strings/android_chrome_strings.grd","IDS_SETTINGS_AD_MEASUREMENT_PAGE_CONSIDER_BULLET_3","overlay","mixed_replacement_pending_split","yes_old_new_id_sync","branding_text_replacement;special_dino_text;special_exception_text","Needs message-level category split in checklist step 15."
"chrome/browser/ui/android/strings/android_chrome_strings.grd","IDS_SETTINGS_AD_MEASUREMENT_PAGE_ENABLED_BULLET_1","overlay","mixed_replacement_pending_split","yes_old_new_id_sync","branding_text_replacement;special_dino_text;special_exception_text","Needs message-level category split in checklist step 15."
"chrome/browser/ui/android/strings/android_chrome_strings.grd","IDS_SETTINGS_AD_MEASUREMENT_PAGE_TITLE","overlay","mixed_replacement_pending_split","yes_old_new_id_sync","branding_text_replacement;special_dino_text;special_exception_text","Needs message-level category split in checklist step 15."
"chrome/browser/ui/android/strings/android_chrome_strings.grd","IDS_SETTINGS_AD_MEASUREMENT_PAGE_TOGGLE_SUB_LABEL","overlay","mixed_replacement_pending_split","yes_old_new_id_sync","branding_text_replacement;special_dino_text;special_exception_text","Needs message-level category split in checklist step 15."
"chrome/browser/ui/android/strings/android_chrome_strings.grd","IDS_SETTINGS_FLEDGE_PAGE_TITLE","overlay","mixed_replacement_pending_split","yes_old_new_id_sync","branding_text_replacement;special_dino_text;special_exception_text","Needs message-level category split in checklist step 15."
"chrome/browser/ui/android/strings/android_chrome_strings.grd","IDS_SETTINGS_SIGNIN_DISABLED_BY_ADMINISTRATOR","overlay","mixed_replacement_pending_split","yes_old_new_id_sync","branding_text_replacement;special_dino_text;special_exception_text","Needs message-level category split in checklist step 15."
"chrome/browser/ui/android/strings/android_chrome_strings.grd","IDS_SETTINGS_TOPICS_PAGE_BLOCK_TOPIC_SNACKBAR","overlay","mixed_replacement_pending_split","yes_old_new_id_sync","branding_text_replacement;special_dino_text;special_exception_text","Needs message-level category split in checklist step 15."
"chrome/browser/ui/android/strings/android_chrome_strings.grd","IDS_SIGN_IN_PERSONALIZE_GOOGLE_SERVICES_SUMMARY","overlay","mixed_replacement_pending_split","yes_old_new_id_sync","branding_text_replacement;special_dino_text;special_exception_text","Needs message-level category split in checklist step 15."
"chrome/browser/ui/android/strings/android_chrome_strings.grd","IDS_SIGN_IN_PERSONALIZE_GOOGLE_SERVICES_TITLE","overlay","mixed_replacement_pending_split","yes_old_new_id_sync","branding_text_replacement;special_dino_text;special_exception_text","Needs message-level category split in checklist step 15."
"chrome/browser/ui/android/strings/android_chrome_strings.grd","IDS_SIGN_IN_PERSONALIZE_GOOGLE_SERVICES_TITLE_EEA","overlay","mixed_replacement_pending_split","yes_old_new_id_sync","branding_text_replacement;special_dino_text;special_exception_text","Needs message-level category split in checklist step 15."
"chrome/browser/ui/android/strings/android_chrome_strings.grd","IDS_SIGN_IN_TO_CHROME","overlay","mixed_replacement_pending_split","yes_old_new_id_sync","branding_text_replacement;special_dino_text;special_exception_text","Needs message-level category split in checklist step 15."
"chrome/browser/ui/android/strings/android_chrome_strings.grd","IDS_SIGN_OUT_OF_CHROME_LINK_ADVANCED","overlay","mixed_replacement_pending_split","yes_old_new_id_sync","branding_text_replacement;special_dino_text;special_exception_text","Needs message-level category split in checklist step 15."
"chrome/browser/ui/android/strings/android_chrome_strings.grd","IDS_SIGN_OUT_TITLE","overlay","mixed_replacement_pending_split","yes_old_new_id_sync","branding_text_replacement;special_dino_text;special_exception_text","Needs message-level category split in checklist step 15."
"chrome/browser/ui/android/strings/android_chrome_strings.grd","IDS_SIGN_OUT_UNSAVED_DATA_MESSAGE","overlay","mixed_replacement_pending_split","yes_old_new_id_sync","branding_text_replacement;special_dino_text;special_exception_text","Needs message-level category split in checklist step 15."
"chrome/browser/ui/android/strings/android_chrome_strings.grd","IDS_SIGN_OUT_UNSAVED_DATA_PRIMARY_BUTTON","overlay","mixed_replacement_pending_split","yes_old_new_id_sync","branding_text_replacement;special_dino_text;special_exception_text","Needs message-level category split in checklist step 15."
"chrome/browser/ui/android/strings/android_chrome_strings.grd","IDS_SIGN_OUT_UNSAVED_DATA_TITLE","overlay","mixed_replacement_pending_split","yes_old_new_id_sync","branding_text_replacement;special_dino_text;special_exception_text","Needs message-level category split in checklist step 15."
"chrome/browser/ui/android/strings/android_chrome_strings.grd","IDS_SIGNIN_ACCOUNT_PICKER_BOTTOM_SHEET_BENEFITS_SUBTITLE","overlay","mixed_replacement_pending_split","yes_old_new_id_sync","branding_text_replacement;special_dino_text;special_exception_text","Needs message-level category split in checklist step 15."
"chrome/browser/ui/android/strings/android_chrome_strings.grd","IDS_SIGNIN_ACCOUNT_PICKER_BOTTOM_SHEET_SUBTITLE","overlay","mixed_replacement_pending_split","yes_old_new_id_sync","branding_text_replacement;special_dino_text;special_exception_text","Needs message-level category split in checklist step 15."
"chrome/browser/ui/android/strings/android_chrome_strings.grd","IDS_SIGNIN_ACCOUNT_PICKER_BOTTOM_SHEET_SUBTITLE_FOR_SEND_TAB_TO_SELF","overlay","mixed_replacement_pending_split","yes_old_new_id_sync","branding_text_replacement;special_dino_text;special_exception_text","Needs message-level category split in checklist step 15."
"chrome/browser/ui/android/strings/android_chrome_strings.grd","IDS_SIGNIN_ACCOUNT_PICKER_BOTTOM_SHEET_SUBTITLE_FOR_WEB_SIGNIN","overlay","mixed_replacement_pending_split","yes_old_new_id_sync","branding_text_replacement;special_dino_text;special_exception_text","Needs message-level category split in checklist step 15."
"chrome/browser/ui/android/strings/android_chrome_strings.grd","IDS_SIGNIN_ACCOUNT_PICKER_BOTTOM_SHEET_TITLE","overlay","mixed_replacement_pending_split","yes_old_new_id_sync","branding_text_replacement;special_dino_text;special_exception_text","Needs message-level category split in checklist step 15."
"chrome/browser/ui/android/strings/android_chrome_strings.grd","IDS_SIGNIN_ACCOUNT_PICKER_BOTTOM_SHEET_TITLE_FOR_BACK_OF_CARD_MENU_SIGNIN","overlay","mixed_replacement_pending_split","yes_old_new_id_sync","branding_text_replacement;special_dino_text;special_exception_text","Needs message-level category split in checklist step 15."
"chrome/browser/ui/android/strings/android_chrome_strings.grd","IDS_SIGNIN_ACCOUNT_PICKER_BOTTOM_SHEET_TITLE_FOR_SEND_TAB_TO_SELF","overlay","mixed_replacement_pending_split","yes_old_new_id_sync","branding_text_replacement;special_dino_text;special_exception_text","Needs message-level category split in checklist step 15."
"chrome/browser/ui/android/strings/android_chrome_strings.grd","IDS_SIGNIN_FRE_DISMISS_BUTTON","overlay","mixed_replacement_pending_split","yes_old_new_id_sync","branding_text_replacement;special_dino_text;special_exception_text","Needs message-level category split in checklist step 15."
"chrome/browser/ui/android/strings/android_chrome_strings.grd","IDS_SIGNIN_FRE_FOOTER_METRICS_REPORTING","overlay","mixed_replacement_pending_split","yes_old_new_id_sync","branding_text_replacement;special_dino_text;special_exception_text","Needs message-level category split in checklist step 15."
"chrome/browser/ui/android/strings/android_chrome_strings.grd","IDS_SIGNIN_FRE_FOOTER_TOS","overlay","mixed_replacement_pending_split","yes_old_new_id_sync","branding_text_replacement;special_dino_text;special_exception_text","Needs message-level category split in checklist step 15."
"chrome/browser/ui/android/strings/android_chrome_strings.grd","IDS_SIGNIN_FRE_STAY_SIGNED_OUT_BUTTON","overlay","mixed_replacement_pending_split","yes_old_new_id_sync","branding_text_replacement;special_dino_text;special_exception_text","Needs message-level category split in checklist step 15."
"chrome/browser/ui/android/strings/android_chrome_strings.grd","IDS_SIGNIN_FRE_SUBTITLE","overlay","mixed_replacement_pending_split","yes_old_new_id_sync","branding_text_replacement;special_dino_text;special_exception_text","Needs message-level category split in checklist step 15."
"chrome/browser/ui/android/strings/android_chrome_strings.grd","IDS_SIGNIN_FRE_SUBTITLE_WITHOUT_SYNC","overlay","mixed_replacement_pending_split","yes_old_new_id_sync","branding_text_replacement;special_dino_text;special_exception_text","Needs message-level category split in checklist step 15."
"chrome/browser/ui/android/strings/android_chrome_strings.grd","IDS_SIGNIN_FRE_TITLE","overlay","mixed_replacement_pending_split","yes_old_new_id_sync","branding_text_replacement;special_dino_text;special_exception_text","Needs message-level category split in checklist step 15."
"chrome/browser/ui/android/strings/android_chrome_strings.grd","IDS_SIGNIN_FRE_UMA_DIALOG_FIRST_SECTION_BODY","overlay","mixed_replacement_pending_split","yes_old_new_id_sync","branding_text_replacement;special_dino_text;special_exception_text","Needs message-level category split in checklist step 15."
"chrome/browser/ui/android/strings/android_chrome_strings.grd","IDS_SIGNIN_FRE_UMA_DIALOG_SECOND_SECTION_BODY_WITH_HISTORY_SYNC","overlay","mixed_replacement_pending_split","yes_old_new_id_sync","branding_text_replacement;special_dino_text;special_exception_text","Needs message-level category split in checklist step 15."
"chrome/browser/ui/android/strings/android_chrome_strings.grd","IDS_SIGNIN_FRE_UMA_DIALOG_TITLE","overlay","mixed_replacement_pending_split","yes_old_new_id_sync","branding_text_replacement;special_dino_text;special_exception_text","Needs message-level category split in checklist step 15."
"chrome/browser/ui/android/strings/android_chrome_strings.grd","IDS_SIGNIN_HISTORY_SYNC_PROMO_TITLE_RECENT_TABS","overlay","mixed_replacement_pending_split","yes_old_new_id_sync","branding_text_replacement;special_dino_text;special_exception_text","Needs message-level category split in checklist step 15."
"chrome/browser/ui/android/strings/android_chrome_strings.grd","IDS_SIGNIN_PROMO_CHOOSE_ACCOUNT","overlay","mixed_replacement_pending_split","yes_old_new_id_sync","branding_text_replacement;special_dino_text;special_exception_text","Needs message-level category split in checklist step 15."
"chrome/browser/ui/android/strings/android_chrome_strings.grd","IDS_SIGNIN_PROMO_DESCRIPTION_BOOKMARKS","overlay","mixed_replacement_pending_split","yes_old_new_id_sync","branding_text_replacement;special_dino_text;special_exception_text","Needs message-level category split in checklist step 15."
"chrome/browser/ui/android/strings/android_chrome_strings.grd","IDS_SIGNIN_PROMO_DESCRIPTION_HISTORY_PAGE","overlay","mixed_replacement_pending_split","yes_old_new_id_sync","branding_text_replacement;special_dino_text;special_exception_text","Needs message-level category split in checklist step 15."
"chrome/browser/ui/android/strings/android_chrome_strings.grd","IDS_SIGNIN_PROMO_DESCRIPTION_NTP_FEED_TOP_PROMO","overlay","mixed_replacement_pending_split","yes_old_new_id_sync","branding_text_replacement;special_dino_text;special_exception_text","Needs message-level category split in checklist step 15."
"chrome/browser/ui/android/strings/android_chrome_strings.grd","IDS_SIGNIN_PROMO_DESCRIPTION_NTP_GROUP1","overlay","mixed_replacement_pending_split","yes_old_new_id_sync","branding_text_replacement;special_dino_text;special_exception_text","Needs message-level category split in checklist step 15."
"chrome/browser/ui/android/strings/android_chrome_strings.grd","IDS_SIGNIN_PROMO_DESCRIPTION_NTP_GROUP2","overlay","mixed_replacement_pending_split","yes_old_new_id_sync","branding_text_replacement;special_dino_text;special_exception_text","Needs message-level category split in checklist step 15."
"chrome/browser/ui/android/strings/android_chrome_strings.grd","IDS_SIGNIN_PROMO_DESCRIPTION_NTP_GROUP3","overlay","mixed_replacement_pending_split","yes_old_new_id_sync","branding_text_replacement;special_dino_text;special_exception_text","Needs message-level category split in checklist step 15."
"chrome/browser/ui/android/strings/android_chrome_strings.grd","IDS_SIGNIN_PROMO_DESCRIPTION_NTP_GROUP4","overlay","mixed_replacement_pending_split","yes_old_new_id_sync","branding_text_replacement;special_dino_text;special_exception_text","Needs message-level category split in checklist step 15."
"chrome/browser/ui/android/strings/android_chrome_strings.grd","IDS_SIGNIN_PROMO_DESCRIPTION_RECENT_TABS","overlay","mixed_replacement_pending_split","yes_old_new_id_sync","branding_text_replacement;special_dino_text;special_exception_text","Needs message-level category split in checklist step 15."
"chrome/browser/ui/android/strings/android_chrome_strings.grd","IDS_SIGNIN_PROMO_DESCRIPTION_RECENT_TABS_NO_ACCOUNTS","overlay","mixed_replacement_pending_split","yes_old_new_id_sync","branding_text_replacement;special_dino_text;special_exception_text","Needs message-level category split in checklist step 15."
"chrome/browser/ui/android/strings/android_chrome_strings.grd","IDS_SIGNIN_PROMO_SIGN_IN","overlay","mixed_replacement_pending_split","yes_old_new_id_sync","branding_text_replacement;special_dino_text;special_exception_text","Needs message-level category split in checklist step 15."
"chrome/browser/ui/android/strings/android_chrome_strings.grd","IDS_SIGNIN_PROMO_SIGN_IN_AS","overlay","mixed_replacement_pending_split","yes_old_new_id_sync","branding_text_replacement;special_dino_text;special_exception_text","Needs message-level category split in checklist step 15."
"chrome/browser/ui/android/strings/android_chrome_strings.grd","IDS_SIGNIN_PROMO_SIGNIN","overlay","mixed_replacement_pending_split","yes_old_new_id_sync","branding_text_replacement;special_dino_text;special_exception_text","Needs message-level category split in checklist step 15."
"chrome/browser/ui/android/strings/android_chrome_strings.grd","IDS_SIGNIN_PROMO_TITLE_BOOKMARKS","overlay","mixed_replacement_pending_split","yes_old_new_id_sync","branding_text_replacement;special_dino_text;special_exception_text","Needs message-level category split in checklist step 15."
"chrome/browser/ui/android/strings/android_chrome_strings.grd","IDS_SIGNIN_PROMO_TITLE_HISTORY_PAGE","overlay","mixed_replacement_pending_split","yes_old_new_id_sync","branding_text_replacement;special_dino_text;special_exception_text","Needs message-level category split in checklist step 15."
"chrome/browser/ui/android/strings/android_chrome_strings.grd","IDS_SIGNIN_PROMO_TITLE_NTP_FEED_TOP_PROMO","overlay","mixed_replacement_pending_split","yes_old_new_id_sync","branding_text_replacement;special_dino_text;special_exception_text","Needs message-level category split in checklist step 15."
"chrome/browser/ui/android/strings/android_chrome_strings.grd","IDS_SIGNIN_PROMO_TITLE_NTP_SIGN_IN_AS_BUTTON","overlay","mixed_replacement_pending_split","yes_old_new_id_sync","branding_text_replacement;special_dino_text;special_exception_text","Needs message-level category split in checklist step 15."
"chrome/browser/ui/android/strings/android_chrome_strings.grd","IDS_SIGNIN_PROMO_TITLE_RECENT_TABS","overlay","mixed_replacement_pending_split","yes_old_new_id_sync","branding_text_replacement;special_dino_text;special_exception_text","Needs message-level category split in checklist step 15."
"chrome/browser/ui/android/strings/android_chrome_strings.grd","IDS_SIGNIN_SETTINGS_SUBTITLE","overlay","mixed_replacement_pending_split","yes_old_new_id_sync","branding_text_replacement;special_dino_text;special_exception_text","Needs message-level category split in checklist step 15."
"chrome/browser/ui/android/strings/android_chrome_strings.grd","IDS_SIGNIN_SETTINGS_TITLE","overlay","mixed_replacement_pending_split","yes_old_new_id_sync","branding_text_replacement;special_dino_text;special_exception_text","Needs message-level category split in checklist step 15."
"chrome/browser/ui/android/strings/android_chrome_strings.grd","IDS_SIGNOUT_MANAGED_ACCOUNT_MESSAGE","overlay","mixed_replacement_pending_split","yes_old_new_id_sync","branding_text_replacement;special_dino_text;special_exception_text","Needs message-level category split in checklist step 15."
"chrome/browser/ui/android/strings/android_chrome_strings.grd","IDS_SIGNOUT_MANAGED_ACCOUNT_TITLE","overlay","mixed_replacement_pending_split","yes_old_new_id_sync","branding_text_replacement;special_dino_text;special_exception_text","Needs message-level category split in checklist step 15."
"chrome/browser/ui/android/strings/android_chrome_strings.grd","IDS_SIGNOUT_MESSAGE","overlay","mixed_replacement_pending_split","yes_old_new_id_sync","branding_text_replacement;special_dino_text;special_exception_text","Needs message-level category split in checklist step 15."
"chrome/browser/ui/android/strings/android_chrome_strings.grd","IDS_SIGNOUT_TITLE","overlay","mixed_replacement_pending_split","yes_old_new_id_sync","branding_text_replacement;special_dino_text;special_exception_text","Needs message-level category split in checklist step 15."
"chrome/browser/ui/android/strings/android_chrome_strings.grd","IDS_SMS_FETCHER_NOTIFICATION_TITLE","overlay","mixed_replacement_pending_split","yes_old_new_id_sync","branding_text_replacement;special_dino_text;special_exception_text","Needs message-level category split in checklist step 15."
"chrome/browser/ui/android/strings/android_chrome_strings.grd","IDS_SMS_FETCHER_NOTIFICATION_TITLE_SIMPLE_STRING","overlay","mixed_replacement_pending_split","yes_old_new_id_sync","branding_text_replacement;special_dino_text;special_exception_text","Needs message-level category split in checklist step 15."
"chrome/browser/ui/android/strings/android_chrome_strings.grd","IDS_SNACKBAR_SIGNED_IN_AS","overlay","mixed_replacement_pending_split","yes_old_new_id_sync","branding_text_replacement;special_dino_text;special_exception_text","Needs message-level category split in checklist step 15."
"chrome/browser/ui/android/strings/android_chrome_strings.grd","IDS_SNACKBAR_UNDO_SIGNIN","overlay","mixed_replacement_pending_split","yes_old_new_id_sync","branding_text_replacement;special_dino_text;special_exception_text","Needs message-level category split in checklist step 15."
"chrome/browser/ui/android/strings/android_chrome_strings.grd","IDS_SOGOU_EXPLANATION","overlay","mixed_replacement_pending_split","yes_old_new_id_sync","branding_text_replacement;special_dino_text;special_exception_text","Needs message-level category split in checklist step 15."
"chrome/browser/ui/android/strings/android_chrome_strings.grd","IDS_SOME_PASSWORDS_ARE_NOT_ACCESSIBLE_SUBTITLE","overlay","mixed_replacement_pending_split","yes_old_new_id_sync","branding_text_replacement;special_dino_text;special_exception_text","Needs message-level category split in checklist step 15."
"chrome/browser/ui/android/strings/android_chrome_strings.grd","IDS_STACK_UNWINDER_MODULE_TITLE","overlay","mixed_replacement_pending_split","yes_old_new_id_sync","branding_text_replacement;special_dino_text;special_exception_text","Needs message-level category split in checklist step 15."
"chrome/browser/ui/android/strings/android_chrome_strings.grd","IDS_STORAGE_MANAGEMENT_ACTIVITY_LABEL","overlay","mixed_replacement_pending_split","yes_old_new_id_sync","branding_text_replacement;special_dino_text;special_exception_text","Needs message-level category split in checklist step 15."
"chrome/browser/ui/android/strings/android_chrome_strings.grd","IDS_STORAGE_MANAGEMENT_ALL_STORAGE_DESCRIPTION","overlay","mixed_replacement_pending_split","yes_old_new_id_sync","branding_text_replacement;special_dino_text;special_exception_text","Needs message-level category split in checklist step 15."
"chrome/browser/ui/android/strings/android_chrome_strings.grd","IDS_STORAGE_MANAGEMENT_CLEAR_ALL_DATA_BUTTON","overlay","mixed_replacement_pending_split","yes_old_new_id_sync","branding_text_replacement;special_dino_text;special_exception_text","Needs message-level category split in checklist step 15."
"chrome/browser/ui/android/strings/android_chrome_strings.grd","IDS_STORAGE_MANAGEMENT_CLEAR_UNIMPORTANT_DIALOG_TEXT","overlay","mixed_replacement_pending_split","yes_old_new_id_sync","branding_text_replacement;special_dino_text;special_exception_text","Needs message-level category split in checklist step 15."
"chrome/browser/ui/android/strings/android_chrome_strings.grd","IDS_STORAGE_MANAGEMENT_CLEAR_UNIMPORTANT_SITE_DATA_BUTTON","overlay","mixed_replacement_pending_split","yes_old_new_id_sync","branding_text_replacement;special_dino_text;special_exception_text","Needs message-level category split in checklist step 15."
"chrome/browser/ui/android/strings/android_chrome_strings.grd","IDS_STORAGE_MANAGEMENT_RESET_APP_DIALOG_TEXT","overlay","mixed_replacement_pending_split","yes_old_new_id_sync","branding_text_replacement;special_dino_text;special_exception_text","Needs message-level category split in checklist step 15."
"chrome/browser/ui/android/strings/android_chrome_strings.grd","IDS_STORAGE_MANAGEMENT_UNIMPORTANT_SITE_DATA_DESCRIPTION","overlay","mixed_replacement_pending_split","yes_old_new_id_sync","branding_text_replacement;special_dino_text;special_exception_text","Needs message-level category split in checklist step 15."
"chrome/browser/ui/android/strings/android_chrome_strings.grd","IDS_SURVEY_MODULE_TITLE","overlay","mixed_replacement_pending_split","yes_old_new_id_sync","branding_text_replacement;special_dino_text;special_exception_text","Needs message-level category split in checklist step 15."
"chrome/browser/ui/android/strings/android_chrome_strings.grd","IDS_SYNC_ENCRYPTION_CREATE_PASSPHRASE","overlay","mixed_replacement_pending_split","yes_old_new_id_sync","branding_text_replacement;special_dino_text;special_exception_text","Needs message-level category split in checklist step 15."
"chrome/browser/ui/android/strings/android_chrome_strings.grd","IDS_SYNC_ENTER_PASSPHRASE_BODY_WITH_EMAIL","overlay","mixed_replacement_pending_split","yes_old_new_id_sync","branding_text_replacement;special_dino_text;special_exception_text","Needs message-level category split in checklist step 15."
"chrome/browser/ui/android/strings/android_chrome_strings.grd","IDS_SYNC_ERROR_UPGRADE_CLIENT","overlay","mixed_replacement_pending_split","yes_old_new_id_sync","branding_text_replacement;special_dino_text;special_exception_text","Needs message-level category split in checklist step 15."
"chrome/browser/ui/android/strings/android_chrome_strings.grd","IDS_SYNC_EXTENSIONS","overlay","mixed_replacement_pending_split","yes_old_new_id_sync","branding_text_replacement;special_dino_text;special_exception_text","Needs message-level category split in checklist step 15."
"chrome/browser/ui/android/strings/android_chrome_strings.grd","IDS_SYNC_IS_DISABLED_BY_ADMINISTRATOR","overlay","mixed_replacement_pending_split","yes_old_new_id_sync","branding_text_replacement;special_dino_text;special_exception_text","Needs message-level category split in checklist step 15."
"chrome/browser/ui/android/strings/android_chrome_strings.grd","IDS_SYNC_PASSPHRASE_ENCRYPTION_RESET_INSTRUCTIONS","overlay","mixed_replacement_pending_split","yes_old_new_id_sync","branding_text_replacement;special_dino_text;special_exception_text","Needs message-level category split in checklist step 15."
"chrome/browser/ui/android/strings/android_chrome_strings.grd","IDS_SYNC_PASSPHRASE_RECOVER","overlay","mixed_replacement_pending_split","yes_old_new_id_sync","branding_text_replacement;special_dino_text;special_exception_text","Needs message-level category split in checklist step 15."
"chrome/browser/ui/android/strings/android_chrome_strings.grd","IDS_SYNC_PASSPHRASE_TYPE_CUSTOM","overlay","mixed_replacement_pending_split","yes_old_new_id_sync","branding_text_replacement;special_dino_text;special_exception_text","Needs message-level category split in checklist step 15."
"chrome/browser/ui/android/strings/android_chrome_strings.grd","IDS_SYNC_PROMO_CONTINUE","overlay","mixed_replacement_pending_split","yes_old_new_id_sync","branding_text_replacement;special_dino_text;special_exception_text","Needs message-level category split in checklist step 15."
"chrome/browser/ui/android/strings/android_chrome_strings.grd","IDS_SYNC_PROMO_CONTINUE_AS","overlay","mixed_replacement_pending_split","yes_old_new_id_sync","branding_text_replacement;special_dino_text;special_exception_text","Needs message-level category split in checklist step 15."
"chrome/browser/ui/android/strings/android_chrome_strings.grd","IDS_SYNC_PROMO_TITLE_BOOKMARKS","overlay","mixed_replacement_pending_split","yes_old_new_id_sync","branding_text_replacement;special_dino_text;special_exception_text","Needs message-level category split in checklist step 15."
"chrome/browser/ui/android/strings/android_chrome_strings.grd","IDS_TAB_MANAGEMENT_MODULE_TITLE","overlay","mixed_replacement_pending_split","yes_old_new_id_sync","branding_text_replacement;special_dino_text;special_exception_text","Needs message-level category split in checklist step 15."
"chrome/browser/ui/android/strings/android_chrome_strings.grd","IDS_TEST_DUMMY_MODULE_TITLE","overlay","mixed_replacement_pending_split","yes_old_new_id_sync","branding_text_replacement;special_dino_text;special_exception_text","Needs message-level category split in checklist step 15."
"chrome/browser/ui/android/strings/android_chrome_strings.grd","IDS_TIPS_OPT_IN_BOTTOM_SHEET_DESCRIPTION","overlay","mixed_replacement_pending_split","yes_old_new_id_sync","branding_text_replacement;special_dino_text;special_exception_text","Needs message-level category split in checklist step 15."
"chrome/browser/ui/android/strings/android_chrome_strings.grd","IDS_TIPS_OPT_IN_BOTTOM_SHEET_TITLE","overlay","mixed_replacement_pending_split","yes_old_new_id_sync","branding_text_replacement;special_dino_text;special_exception_text","Needs message-level category split in checklist step 15."
"chrome/browser/ui/android/strings/android_chrome_strings.grd","IDS_TIPS_PROMO_BOTTOM_SHEET_FIRST_STEP_BOTTOM_OMNIBOX","overlay","mixed_replacement_pending_split","yes_old_new_id_sync","branding_text_replacement;special_dino_text;special_exception_text","Needs message-level category split in checklist step 15."
"chrome/browser/ui/android/strings/android_chrome_strings.grd","IDS_TIPS_PROMO_BOTTOM_SHEET_FIRST_STEP_ESB","overlay","mixed_replacement_pending_split","yes_old_new_id_sync","branding_text_replacement;special_dino_text;special_exception_text","Needs message-level category split in checklist step 15."
"chrome/browser/ui/android/strings/android_chrome_strings.grd","IDS_TIPS_PROMO_BOTTOM_SHEET_FIRST_STEP_QUICK_DELETE","overlay","mixed_replacement_pending_split","yes_old_new_id_sync","branding_text_replacement;special_dino_text;special_exception_text","Needs message-level category split in checklist step 15."
"chrome/browser/ui/android/strings/android_chrome_strings.grd","IDS_TIPS_PROMO_BOTTOM_SHEET_TITLE_ESB","overlay","mixed_replacement_pending_split","yes_old_new_id_sync","branding_text_replacement;special_dino_text;special_exception_text","Needs message-level category split in checklist step 15."
"chrome/browser/ui/android/strings/android_chrome_strings.grd","IDS_TURN_OFF_SYNC_AND_SIGNOUT_MESSAGE_WITHOUT_PASSWORDS","overlay","mixed_replacement_pending_split","yes_old_new_id_sync","branding_text_replacement;special_dino_text;special_exception_text","Needs message-level category split in checklist step 15."
"chrome/browser/ui/android/strings/android_chrome_strings.grd","IDS_TURN_OFF_SYNC_AND_SIGNOUT_TITLE","overlay","mixed_replacement_pending_split","yes_old_new_id_sync","branding_text_replacement;special_dino_text;special_exception_text","Needs message-level category split in checklist step 15."
"chrome/browser/ui/android/strings/android_chrome_strings.grd","IDS_TWA_CLEAR_DATA_DIALOG_MESSAGE","overlay","mixed_replacement_pending_split","yes_old_new_id_sync","branding_text_replacement;special_dino_text;special_exception_text","Needs message-level category split in checklist step 15."
"chrome/browser/ui/android/strings/android_chrome_strings.grd","IDS_TWA_CLEAR_DATA_DIALOG_TITLE","overlay","mixed_replacement_pending_split","yes_old_new_id_sync","branding_text_replacement;special_dino_text;special_exception_text","Needs message-level category split in checklist step 15."
"chrome/browser/ui/android/strings/android_chrome_strings.grd","IDS_TWA_RUNNING_IN_CHROME","overlay","mixed_replacement_pending_split","yes_old_new_id_sync","branding_text_replacement;special_dino_text;special_exception_text","Needs message-level category split in checklist step 15."
"chrome/browser/ui/android/strings/android_chrome_strings.grd","IDS_TWA_RUNNING_IN_CHROME_TEMPLATE","overlay","mixed_replacement_pending_split","yes_old_new_id_sync","branding_text_replacement;special_dino_text;special_exception_text","Needs message-level category split in checklist step 15."
"chrome/browser/ui/android/strings/android_chrome_strings.grd","IDS_TWA_RUNNING_IN_CHROME_V2","overlay","mixed_replacement_pending_split","yes_old_new_id_sync","branding_text_replacement;special_dino_text;special_exception_text","Needs message-level category split in checklist step 15."
"chrome/browser/ui/android/strings/android_chrome_strings.grd","IDS_UNSUPPORTED_NUMBER_OF_WINDOWS","overlay","mixed_replacement_pending_split","yes_old_new_id_sync","branding_text_replacement;special_dino_text;special_exception_text","Needs message-level category split in checklist step 15."
"chrome/browser/ui/android/strings/android_chrome_strings.grd","IDS_UPDATE_NEEDED","overlay","mixed_replacement_pending_split","yes_old_new_id_sync","branding_text_replacement;special_dino_text;special_exception_text","Needs message-level category split in checklist step 15."
"chrome/browser/ui/android/strings/android_chrome_strings.grd","IDS_USAGE_AND_CRASH_REPORTS_SUMMARY","overlay","mixed_replacement_pending_split","yes_old_new_id_sync","branding_text_replacement;special_dino_text;special_exception_text","Needs message-level category split in checklist step 15."
"chrome/browser/ui/android/strings/android_chrome_strings.grd","IDS_USAGE_AND_CRASH_REPORTS_TITLE","overlay","mixed_replacement_pending_split","yes_old_new_id_sync","branding_text_replacement;special_dino_text;special_exception_text","Needs message-level category split in checklist step 15."
"chrome/browser/ui/android/strings/android_chrome_strings.grd","IDS_USAGE_STATS_CONSENT_PROMPT","overlay","mixed_replacement_pending_split","yes_old_new_id_sync","branding_text_replacement;special_dino_text;special_exception_text","Needs message-level category split in checklist step 15."
"chrome/browser/ui/android/strings/android_chrome_strings.grd","IDS_USAGE_STATS_CONSENT_TITLE","overlay","mixed_replacement_pending_split","yes_old_new_id_sync","branding_text_replacement;special_dino_text;special_exception_text","Needs message-level category split in checklist step 15."
"chrome/browser/ui/android/strings/android_chrome_strings.grd","IDS_USAGE_STATS_REVOCATION_EXPLANATION","overlay","mixed_replacement_pending_split","yes_old_new_id_sync","branding_text_replacement;special_dino_text;special_exception_text","Needs message-level category split in checklist step 15."
"chrome/browser/ui/android/strings/android_chrome_strings.grd","IDS_USAGE_STATS_REVOCATION_PROMPT","overlay","mixed_replacement_pending_split","yes_old_new_id_sync","branding_text_replacement;special_dino_text;special_exception_text","Needs message-level category split in checklist step 15."
"chrome/browser/ui/android/strings/android_chrome_strings.grd","IDS_USAGE_STATS_SETTING_TITLE","overlay","mixed_replacement_pending_split","yes_old_new_id_sync","branding_text_replacement;special_dino_text;special_exception_text","Needs message-level category split in checklist step 15."
"chrome/browser/ui/android/strings/android_chrome_strings.grd","IDS_VERSION_WITH_UPDATE_TIME","overlay","mixed_replacement_pending_split","yes_old_new_id_sync","branding_text_replacement;special_dino_text;special_exception_text","Needs message-level category split in checklist step 15."
"chrome/browser/ui/android/strings/android_chrome_strings.grd","IDS_WEB_FEED_NO_CARDS_INSTRUCTIONS","overlay","mixed_replacement_pending_split","yes_old_new_id_sync","branding_text_replacement;special_dino_text;special_exception_text","Needs message-level category split in checklist step 15."
"chromeos/chromeos_strings.grd","IDS_ASH_BROWSE_AS_GUEST_BUTTON","overlay","branding_text_replacement","yes_old_new_id_sync","branding_text_replacement",""
"chromeos/chromeos_strings.grd","IDS_ASH_ENTERPRISE_DEVICE_MANAGED","overlay","branding_text_replacement","yes_old_new_id_sync","branding_text_replacement",""
"chromeos/chromeos_strings.grd","IDS_ASH_ENTERPRISE_DEVICE_MANAGED_BY","overlay","branding_text_replacement","yes_old_new_id_sync","branding_text_replacement",""
"chromeos/chromeos_strings.grd","IDS_ASH_LOGIN_CAMERA_TIME_OUT_TITLE","overlay","branding_text_replacement","yes_old_new_id_sync","branding_text_replacement",""
"chromeos/chromeos_strings.grd","IDS_ASH_LOGIN_ENTERPRISE_MANAGED_POP_UP","overlay","branding_text_replacement","yes_old_new_id_sync","branding_text_replacement",""
"chromeos/chromeos_strings.grd","IDS_ASH_SHELF_OS_INSTALL_BUTTON","overlay","branding_text_replacement","yes_old_new_id_sync","branding_text_replacement",""
"chromeos/chromeos_strings.grd","IDS_BOCA_RECEIVER_TITLE","overlay","branding_text_replacement","yes_old_new_id_sync","branding_text_replacement",""
"chromeos/chromeos_strings.grd","IDS_DEVICE_DISABLED_EXPLANATION_RESTRICTION_SCHEDULE","overlay","branding_text_replacement","yes_old_new_id_sync","branding_text_replacement",""
"chromeos/chromeos_strings.grd","IDS_DEVICE_RESTRICTION_SCHEDULE_POST_LOGOUT_NOTIFICATION_BODY","overlay","branding_text_replacement","yes_old_new_id_sync","branding_text_replacement",""
"chromeos/chromeos_strings.grd","IDS_ECHE_APP_DEFAULT_DEVICE_NAME","overlay","branding_text_replacement","yes_old_new_id_sync","branding_text_replacement",""
"chromeos/chromeos_strings.grd","IDS_FEEDBACK_TOOL_LINK_CROSS_DEVICE_DOGFOOD_FEEDBACK_INFO","overlay","branding_text_replacement","yes_old_new_id_sync","branding_text_replacement",""
"chromeos/chromeos_strings.grd","IDS_FEEDBACK_TOOL_RESOURCES_ASK_COMMUNITY_DESCRIPTION","overlay","branding_text_replacement","yes_old_new_id_sync","branding_text_replacement",""
"chromeos/chromeos_strings.grd","IDS_FEEDBACK_TOOL_RESOURCES_ASK_COMMUNITY_LABEL","overlay","branding_text_replacement","yes_old_new_id_sync","branding_text_replacement",""
"chromeos/chromeos_strings.grd","IDS_FEEDBACK_TOOL_RESOURCES_EXPLORE_APP_DESCRIPTION","overlay","branding_text_replacement","yes_old_new_id_sync","branding_text_replacement",""
"chromeos/chromeos_strings.grd","IDS_FEEDBACK_TOOL_THANK_YOU_NOTE_OFFLINE","overlay","branding_text_replacement","yes_old_new_id_sync","branding_text_replacement",""
"chromeos/chromeos_strings.grd","IDS_FEEDBACK_TOOL_THANK_YOU_NOTE_ONLINE","overlay","branding_text_replacement","yes_old_new_id_sync","branding_text_replacement",""
"chromeos/chromeos_strings.grd","IDS_FIRMWARE_REQUEST_ID_DO_NOT_POWER_OFF","overlay","branding_text_replacement","yes_old_new_id_sync","branding_text_replacement",""
"chromeos/chromeos_strings.grd","IDS_HELP_APP_EXPLORE","overlay","branding_text_replacement","yes_old_new_id_sync","branding_text_replacement",""
"chromeos/chromeos_strings.grd","IDS_HELP_APP_WHATS_NEW_CONTINUE_TASK_DETAILS","overlay","branding_text_replacement","yes_old_new_id_sync","branding_text_replacement",""
"chromeos/chromeos_strings.grd","IDS_HELP_APP_WHATS_NEW_CONTINUE_TASK_TITLE","overlay","branding_text_replacement","yes_old_new_id_sync","branding_text_replacement",""
"chromeos/chromeos_strings.grd","IDS_HELP_APP_WHATS_NEW_SUGGESTION_CHIP","overlay","branding_text_replacement","yes_old_new_id_sync","branding_text_replacement",""
"chromeos/chromeos_strings.grd","IDS_IME_SERVICE_DISPLAY_NAME","overlay","branding_text_replacement","yes_old_new_id_sync","branding_text_replacement",""
"chromeos/chromeos_strings.grd","IDS_KEYBOARD_DIAGRAM_ARIA_NAME_BACK","overlay","branding_text_replacement","yes_old_new_id_sync","branding_text_replacement",""
"chromeos/chromeos_strings.grd","IDS_KEYBOARD_DIAGRAM_ARIA_NAME_CONTROL_PANEL","overlay","branding_text_replacement","yes_old_new_id_sync","branding_text_replacement",""
"chromeos/chromeos_strings.grd","IDS_KEYBOARD_DIAGRAM_ARIA_NAME_FORWARD","overlay","branding_text_replacement","yes_old_new_id_sync","branding_text_replacement",""
"chromeos/chromeos_strings.grd","IDS_KEYBOARD_DIAGRAM_ARIA_NAME_FULLSCREEN","overlay","branding_text_replacement","yes_old_new_id_sync","branding_text_replacement",""
"chromeos/chromeos_strings.grd","IDS_KEYBOARD_DIAGRAM_ARIA_NAME_JIS_LETTER_SWITCH","overlay","branding_text_replacement","yes_old_new_id_sync","branding_text_replacement",""
"chromeos/chromeos_strings.grd","IDS_KEYBOARD_DIAGRAM_ARIA_NAME_KEYBOARD_BACKLIGHT_DOWN","overlay","branding_text_replacement","yes_old_new_id_sync","branding_text_replacement",""
"chromeos/chromeos_strings.grd","IDS_KEYBOARD_DIAGRAM_ARIA_NAME_KEYBOARD_BACKLIGHT_TOGGLE","overlay","branding_text_replacement","yes_old_new_id_sync","branding_text_replacement",""
"chromeos/chromeos_strings.grd","IDS_KEYBOARD_DIAGRAM_ARIA_NAME_KEYBOARD_BACKLIGHT_UP","overlay","branding_text_replacement","yes_old_new_id_sync","branding_text_replacement",""
"chromeos/chromeos_strings.grd","IDS_KEYBOARD_DIAGRAM_ARIA_NAME_LAYOUT_SWITCH","overlay","branding_text_replacement","yes_old_new_id_sync","branding_text_replacement",""
"chromeos/chromeos_strings.grd","IDS_KEYBOARD_DIAGRAM_ARIA_NAME_LOCK","overlay","branding_text_replacement","yes_old_new_id_sync","branding_text_replacement",""
"chromeos/chromeos_strings.grd","IDS_KEYBOARD_DIAGRAM_ARIA_NAME_MICROPHONE_MUTE","overlay","branding_text_replacement","yes_old_new_id_sync","branding_text_replacement",""
"chromeos/chromeos_strings.grd","IDS_KEYBOARD_DIAGRAM_ARIA_NAME_MUTE","overlay","branding_text_replacement","yes_old_new_id_sync","branding_text_replacement",""
"chromeos/chromeos_strings.grd","IDS_KEYBOARD_DIAGRAM_ARIA_NAME_OVERVIEW","overlay","branding_text_replacement","yes_old_new_id_sync","branding_text_replacement",""
"chromeos/chromeos_strings.grd","IDS_KEYBOARD_DIAGRAM_ARIA_NAME_PLAY_PAUSE","overlay","branding_text_replacement","yes_old_new_id_sync","branding_text_replacement",""
"chromeos/chromeos_strings.grd","IDS_KEYBOARD_DIAGRAM_ARIA_NAME_PRIVACY_SCREEN_TOGGLE","overlay","branding_text_replacement","yes_old_new_id_sync","branding_text_replacement",""
"chromeos/chromeos_strings.grd","IDS_KEYBOARD_DIAGRAM_ARIA_NAME_REFRESH","overlay","branding_text_replacement","yes_old_new_id_sync","branding_text_replacement",""
"chromeos/chromeos_strings.grd","IDS_KEYBOARD_DIAGRAM_ARIA_NAME_SCREEN_BRIGHTNESS_DOWN","overlay","branding_text_replacement","yes_old_new_id_sync","branding_text_replacement",""
"chromeos/chromeos_strings.grd","IDS_KEYBOARD_DIAGRAM_ARIA_NAME_SCREEN_BRIGHTNESS_UP","overlay","branding_text_replacement","yes_old_new_id_sync","branding_text_replacement",""
"chromeos/chromeos_strings.grd","IDS_KEYBOARD_DIAGRAM_ARIA_NAME_SCREEN_MIRROR","overlay","branding_text_replacement","yes_old_new_id_sync","branding_text_replacement",""
"chromeos/chromeos_strings.grd","IDS_KEYBOARD_DIAGRAM_ARIA_NAME_SCREENSHOT","overlay","branding_text_replacement","yes_old_new_id_sync","branding_text_replacement",""
"chromeos/chromeos_strings.grd","IDS_KEYBOARD_DIAGRAM_ARIA_NAME_TRACK_NEXT","overlay","branding_text_replacement","yes_old_new_id_sync","branding_text_replacement",""
"chromeos/chromeos_strings.grd","IDS_KEYBOARD_DIAGRAM_ARIA_NAME_TRACK_PREVIOUS","overlay","branding_text_replacement","yes_old_new_id_sync","branding_text_replacement",""
"chromeos/chromeos_strings.grd","IDS_KEYBOARD_DIAGRAM_ARIA_NAME_VOLUME_DOWN","overlay","branding_text_replacement","yes_old_new_id_sync","branding_text_replacement",""
"chromeos/chromeos_strings.grd","IDS_KEYBOARD_DIAGRAM_ARIA_NAME_VOLUME_UP","overlay","branding_text_replacement","yes_old_new_id_sync","branding_text_replacement",""
"chromeos/chromeos_strings.grd","IDS_NEARBY_PRESENCE_DEVICE_NAME","overlay","branding_text_replacement","yes_old_new_id_sync","branding_text_replacement",""
"chromeos/chromeos_strings.grd","IDS_ONC_VPN_WIREGUARD_KEY_GENERATE_NEW","overlay","branding_text_replacement","yes_old_new_id_sync","branding_text_replacement",""
"chromeos/chromeos_strings.grd","IDS_PASSWORD_CHANGE_NOTIFICATION_TITLE","overlay","branding_text_replacement","yes_old_new_id_sync","branding_text_replacement",""
"chromeos/chromeos_strings.grd","IDS_PERSONALIZATION_APP_AMBIENT_MODE_TOPIC_SOURCE_VIDEO_DESCRIPTION","overlay","branding_text_replacement","yes_old_new_id_sync","branding_text_replacement",""
"chromeos/chromeos_strings.grd","IDS_PERSONALIZATION_APP_EXCLUSIVE_WALLPAPERS_HEADING","overlay","branding_text_replacement","yes_old_new_id_sync","branding_text_replacement",""
"chromeos/chromeos_strings.grd","IDS_PERSONALIZATION_APP_GEOLOCATION_DIALOG_CONFIRM_BUTTON","overlay","branding_text_replacement","yes_old_new_id_sync","branding_text_replacement",""
"chromeos/chromeos_strings.grd","IDS_PERSONALIZATION_APP_PERSONALIZATION_HUB_TITLE","overlay","branding_text_replacement","yes_old_new_id_sync","branding_text_replacement",""
"chromeos/chromeos_strings.grd","IDS_PERSONALIZATION_APP_SEARCH_RESULT_AMBIENT_MODE_TIME_OF_DAY","overlay","branding_text_replacement","yes_old_new_id_sync","branding_text_replacement",""
"chromeos/chromeos_strings.grd","IDS_PERSONALIZATION_APP_SEARCH_RESULT_TIME_OF_DAY_WALLPAPER","overlay","branding_text_replacement","yes_old_new_id_sync","branding_text_replacement",""
"chromeos/chromeos_strings.grd","IDS_PERSONALIZATION_APP_THEME_GEOLOCATION_DIALOG_CONFIRM_BUTTON","overlay","branding_text_replacement","yes_old_new_id_sync","branding_text_replacement",""
"chromeos/chromeos_strings.grd","IDS_PERSONALIZATION_APP_TIME_OF_DAY_BANNER_TITLE","overlay","branding_text_replacement","yes_old_new_id_sync","branding_text_replacement",""
"chromeos/chromeos_strings.grd","IDS_PERSONALIZATION_APP_TIME_OF_DAY_VIDEO_ALBUM_DESCRIPTION","overlay","branding_text_replacement","yes_old_new_id_sync","branding_text_replacement",""
"chromeos/chromeos_strings.grd","IDS_PRINT_MANAGEMENT_CANCELED_PRINT_JOB_ARIA_ANNOUNCEMENT","overlay","branding_text_replacement","yes_old_new_id_sync","branding_text_replacement",""
"chromeos/chromeos_strings.grd","IDS_PRINT_MANAGEMENT_ONGOING_JOB_ARIA_LABEL","overlay","branding_text_replacement","yes_old_new_id_sync","branding_text_replacement",""
"chromeos/chromeos_strings.grd","IDS_SANITIZE_DONE_ACCORDION_CHROME_HOMEPAGE","overlay","branding_text_replacement","yes_old_new_id_sync","branding_text_replacement",""
"chromeos/chromeos_strings.grd","IDS_SANITIZE_DONE_ACCORDION_CHROME_HOMEPAGE_SUBHEADER","overlay","branding_text_replacement","yes_old_new_id_sync","branding_text_replacement",""
"chromeos/chromeos_strings.grd","IDS_SANITIZE_DONE_ACCORDION_CHROME_LANGUAGES","overlay","branding_text_replacement","yes_old_new_id_sync","branding_text_replacement",""
"chromeos/chromeos_strings.grd","IDS_SANITIZE_DONE_ACCORDION_CHROME_LANGUAGES_SUBHEADER","overlay","branding_text_replacement","yes_old_new_id_sync","branding_text_replacement",""
"chromeos/chromeos_strings.grd","IDS_SANITIZE_DONE_ACCORDION_CHROME_SITE_CONTENT","overlay","branding_text_replacement","yes_old_new_id_sync","branding_text_replacement",""
"chromeos/chromeos_strings.grd","IDS_SANITIZE_DONE_ACCORDION_CHROME_SITE_CONTENT_SUBHEADER","overlay","branding_text_replacement","yes_old_new_id_sync","branding_text_replacement",""
"chromeos/chromeos_strings.grd","IDS_SANITIZE_DONE_ACCORDION_CHROME_TITLE","overlay","branding_text_replacement","yes_old_new_id_sync","branding_text_replacement",""
"chromeos/chromeos_strings.grd","IDS_SANITIZE_DONE_ACCORDION_CHROMEOS_INPUT","overlay","branding_text_replacement","yes_old_new_id_sync","branding_text_replacement",""
"chromeos/chromeos_strings.grd","IDS_SANITIZE_DONE_ACCORDION_CHROMEOS_INPUT_SUBHEADER","overlay","branding_text_replacement","yes_old_new_id_sync","branding_text_replacement",""
"chromeos/chromeos_strings.grd","IDS_SANITIZE_DONE_ACCORDION_CHROMEOS_NETWORK","overlay","branding_text_replacement","yes_old_new_id_sync","branding_text_replacement",""
"chromeos/chromeos_strings.grd","IDS_SANITIZE_DONE_ACCORDION_CHROMEOS_NETWORK_SUBHEADER","overlay","branding_text_replacement","yes_old_new_id_sync","branding_text_replacement",""
"chromeos/chromeos_strings.grd","IDS_SANITIZE_DONE_ACCORDION_CHROMEOS_TITLE","overlay","branding_text_replacement","yes_old_new_id_sync","branding_text_replacement",""
"chromeos/chromeos_strings.grd","IDS_SANITIZE_DONE_BUTTON_CHROME_HOMEPAGE","overlay","branding_text_replacement","yes_old_new_id_sync","branding_text_replacement",""
"chromeos/chromeos_strings.grd","IDS_SANITIZE_DONE_BUTTON_CHROME_LANGUAGES","overlay","branding_text_replacement","yes_old_new_id_sync","branding_text_replacement",""
"chromeos/chromeos_strings.grd","IDS_SANITIZE_DONE_BUTTON_CHROME_SITE_CONTENT","overlay","branding_text_replacement","yes_old_new_id_sync","branding_text_replacement",""
"chromeos/chromeos_strings.grd","IDS_SANITIZE_DONE_BUTTON_CHROME_STARTUP","overlay","branding_text_replacement","yes_old_new_id_sync","branding_text_replacement",""
"chromeos/chromeos_strings.grd","IDS_SANITIZE_DONE_BUTTON_CHROMEOS_INPUT","overlay","branding_text_replacement","yes_old_new_id_sync","branding_text_replacement",""
"chromeos/chromeos_strings.grd","IDS_SANITIZE_DONE_BUTTON_CHROMEOS_NETWORK","overlay","branding_text_replacement","yes_old_new_id_sync","branding_text_replacement",""
"chromeos/chromeos_strings.grd","IDS_SANITIZE_DONE_BUTTON_EXTENSIONS","overlay","branding_text_replacement","yes_old_new_id_sync","branding_text_replacement",""
"chromeos/chromeos_strings.grd","IDS_SANITIZE_DONE_DESCRIPTION","overlay","branding_text_replacement","yes_old_new_id_sync","branding_text_replacement",""
"chromeos/chromeos_strings.grd","IDS_SANITIZE_DONE_ROLLBACK","overlay","branding_text_replacement","yes_old_new_id_sync","branding_text_replacement",""
"chromeos/chromeos_strings.grd","IDS_SANITIZE_FEEDBACK","overlay","branding_text_replacement","yes_old_new_id_sync","branding_text_replacement",""
"chromeos/chromeos_strings.grd","IDS_SANITIZE_WARNING","overlay","branding_text_replacement","yes_old_new_id_sync","branding_text_replacement",""
"chromeos/chromeos_strings.grd","IDS_SANITZIE_DONE_ACCORDION_CHROME_STARTUP","overlay","branding_text_replacement","yes_old_new_id_sync","branding_text_replacement",""
"chromeos/chromeos_strings.grd","IDS_SANITZIE_DONE_ACCORDION_CHROME_STARTUP_SUBHEADER","overlay","branding_text_replacement","yes_old_new_id_sync","branding_text_replacement",""
"chromeos/chromeos_strings.grd","IDS_SCANNING_APP_SCAN_FAILED_DIALOG_UNKNOWN_ERROR_TEXT","overlay","branding_text_replacement","yes_old_new_id_sync","branding_text_replacement",""
"chromeos/chromeos_strings.grd","IDS_SHIMLESS_RMA_CRITICAL_ERROR_TITLE","overlay","branding_text_replacement","yes_old_new_id_sync","branding_text_replacement",""
"chromeos/chromeos_strings.grd","IDS_SHIMLESS_RMA_CRITICAL_EXIT_BUTTON","overlay","branding_text_replacement","yes_old_new_id_sync","branding_text_replacement",""
"chromeos/chromeos_strings.grd","IDS_SHIMLESS_RMA_CURRENT_VERSION_OUT_OF_DATE","overlay","branding_text_replacement","yes_old_new_id_sync","branding_text_replacement",""
"chromeos/chromeos_strings.grd","IDS_SHIMLESS_RMA_EXIT_DIALOG_DESCRIPTION","overlay","branding_text_replacement","yes_old_new_id_sync","branding_text_replacement",""
"chromeos/chromeos_strings.grd","IDS_SHIMLESS_RMA_FIRMWARE_FILE_NOT_FOUND","overlay","branding_text_replacement","yes_old_new_id_sync","branding_text_replacement",""
"chromeos/chromeos_strings.grd","IDS_SHIMLESS_RMA_FIRMWARE_WAIT_FOR_USB","overlay","branding_text_replacement","yes_old_new_id_sync","branding_text_replacement",""
"chromeos/chromeos_strings.grd","IDS_SHIMLESS_RMA_LANDING_PAGE_TITLE","overlay","branding_text_replacement","yes_old_new_id_sync","branding_text_replacement",""
"chromeos/chromeos_strings.grd","IDS_SHIMLESS_RMA_SPLASH_TITLE","overlay","branding_text_replacement","yes_old_new_id_sync","branding_text_replacement",""
"chromeos/chromeos_strings.grd","IDS_SHIMLESS_RMA_UNQUALIFIED_COMPONENTS_TITLE","overlay","branding_text_replacement","yes_old_new_id_sync","branding_text_replacement",""
"chromeos/chromeos_strings.grd","IDS_SHIMLESS_RMA_UPDATE_OS_OUT_OF_DATE","overlay","branding_text_replacement","yes_old_new_id_sync","branding_text_replacement",""
"chromeos/chromeos_strings.grd","IDS_SHIMLESS_RMA_UPDATE_OS_PAGE_TITLE","overlay","branding_text_replacement","yes_old_new_id_sync","branding_text_replacement",""
"chromeos/chromeos_strings.grd","IDS_SHIMLESS_RMA_UPDATE_OS_UNQUALIFIED_COMPONENTS_BOTTOM","overlay","branding_text_replacement","yes_old_new_id_sync","branding_text_replacement",""
"chromeos/chromeos_strings.grd","IDS_SHIMLESS_RMA_UPDATE_OS_UNQUALIFIED_COMPONENTS_TOP","overlay","branding_text_replacement","yes_old_new_id_sync","branding_text_replacement",""
"chromeos/chromeos_strings.grd","IDS_SHIMLESS_RMA_UPDATE_VERSION_AND_RESTART","overlay","branding_text_replacement","yes_old_new_id_sync","branding_text_replacement",""
"chromeos/chromeos_strings.grd","IDS_SHORTCUT_CUSTOMIZATION_SEARCH_RESULT_ROW_A11Y_RESULT_SELECTED","overlay","branding_text_replacement","yes_old_new_id_sync","branding_text_replacement",""
"chromeos/chromeos_strings.grd","IDS_SHORTCUT_CUSTOMIZATION_SUBCATEGORY_CHROMEVOX","overlay","branding_text_replacement","yes_old_new_id_sync","branding_text_replacement",""
"chromeos/chromeos_strings.grd","IDS_TRAFFIC_COUNTERS_CHROME","overlay","branding_text_replacement","yes_old_new_id_sync","branding_text_replacement",""
"chromeos/chromeos_strings.grd","IDS_TRAFFIC_COUNTERS_DATA_USAGE_DIFFERENT_FROM_PROVIDER_LABEL","overlay","branding_text_replacement","yes_old_new_id_sync","branding_text_replacement",""
"components/autofill_payments_strings.grdp","IDS_AUTOFILL_3DS_FETCH_VCN_PROGRESS_DIALOG_CONFIRMATION_MESSAGE","overlay","branding_text_replacement","yes_old_new_id_sync","branding_text_replacement",""
"components/autofill_payments_strings.grdp","IDS_AUTOFILL_3DS_FETCH_VCN_PROGRESS_DIALOG_LOADING_MESSAGE","overlay","branding_text_replacement","yes_old_new_id_sync","branding_text_replacement",""
"components/autofill_payments_strings.grdp","IDS_AUTOFILL_AUTHENTICATION_MODE_THREE_DOMAIN_SECURE","overlay","branding_text_replacement","yes_old_new_id_sync","branding_text_replacement",""
"components/autofill_payments_strings.grdp","IDS_AUTOFILL_BNPL_FETCH_VCN_PROGRESS_DIALOG_CONFIRMATION_MESSAGE","overlay","branding_text_replacement","yes_old_new_id_sync","branding_text_replacement",""
"components/autofill_payments_strings.grdp","IDS_AUTOFILL_BNPL_FETCH_VCN_PROGRESS_DIALOG_TITLE","overlay","branding_text_replacement","yes_old_new_id_sync","branding_text_replacement",""
"components/autofill_payments_strings.grdp","IDS_AUTOFILL_BNPL_PROGRESS_DIALOG_LOADING_MESSAGE","overlay","branding_text_replacement","yes_old_new_id_sync","branding_text_replacement",""
"components/autofill_payments_strings.grdp","IDS_AUTOFILL_CARD_BNPL_AFFIRM_OR_ZIP_SUGGESTION_IPH_BUBBLE_LABEL_DESKTOP","overlay","branding_text_replacement","yes_old_new_id_sync","branding_text_replacement",""
"components/autofill_payments_strings.grdp","IDS_AUTOFILL_CARD_BNPL_AFFIRM_OR_ZIP_SUGGESTION_IPH_BUBBLE_LABEL_DESKTOP_SCREENREADER","overlay","branding_text_replacement","yes_old_new_id_sync","branding_text_replacement",""
"components/autofill_payments_strings.grdp","IDS_AUTOFILL_CARD_BNPL_AFFIRM_ZIP_OR_KLARNA_SUGGESTION_IPH_BUBBLE_LABEL_DESKTOP","overlay","branding_text_replacement","yes_old_new_id_sync","branding_text_replacement",""
"components/autofill_payments_strings.grdp","IDS_AUTOFILL_CARD_BNPL_AFFIRM_ZIP_OR_KLARNA_SUGGESTION_IPH_BUBBLE_LABEL_DESKTOP_SCREENREADER","overlay","branding_text_replacement","yes_old_new_id_sync","branding_text_replacement",""
"components/autofill_payments_strings.grdp","IDS_AUTOFILL_CARD_INFO_RETRIEVAL_SUGGESTION_IPH_BUBBLE_FALLBACK_LABEL","overlay","branding_text_replacement","yes_old_new_id_sync","branding_text_replacement",""
"components/autofill_payments_strings.grdp","IDS_AUTOFILL_CARD_INFO_RETRIEVAL_SUGGESTION_IPH_BUBBLE_LABEL","overlay","branding_text_replacement","yes_old_new_id_sync","branding_text_replacement",""
"components/autofill_payments_strings.grdp","IDS_AUTOFILL_CARD_INFO_RETRIEVAL_SUGGESTION_IPH_BUBBLE_LABEL_SCREENREADER","overlay","branding_text_replacement","yes_old_new_id_sync","branding_text_replacement",""
"components/autofill_payments_strings.grdp","IDS_AUTOFILL_CARD_UNMASK_AUTHENTICATION_SELECTION_DIALOG_THREE_DOMAIN_SECURE_CHALLENGE_INFO","overlay","branding_text_replacement","yes_old_new_id_sync","branding_text_replacement",""
"components/autofill_payments_strings.grdp","IDS_AUTOFILL_CARD_UNMASK_PROMPT_NAVIGATION_TITLE_VERIFICATION","overlay","branding_text_replacement","yes_old_new_id_sync","branding_text_replacement",""
"components/autofill_payments_strings.grdp","IDS_AUTOFILL_CARD_UNMASK_PROMPT_STORAGE_TOOLTIP","overlay","branding_text_replacement","yes_old_new_id_sync","branding_text_replacement",""
"components/autofill_payments_strings.grdp","IDS_AUTOFILL_CHROME_LOGO_ACCESSIBLE_NAME","overlay","branding_text_replacement","yes_old_new_id_sync","branding_text_replacement",""
"components/autofill_payments_strings.grdp","IDS_AUTOFILL_CREATE_FIRST_CREDIT_CARD_SUMMARY","overlay","branding_text_replacement","yes_old_new_id_sync","branding_text_replacement",""
"components/autofill_payments_strings.grdp","IDS_AUTOFILL_DISABLED_VIRTUAL_CARD_SUGGESTION_IPH_BUBBLE_LABEL_DESKTOP","overlay","branding_text_replacement","yes_old_new_id_sync","branding_text_replacement",""
"components/autofill_payments_strings.grdp","IDS_AUTOFILL_DISABLED_VIRTUAL_CARD_SUGGESTION_IPH_BUBBLE_LABEL_DESKTOP_SCREENREADER","overlay","branding_text_replacement","yes_old_new_id_sync","branding_text_replacement",""
"components/autofill_payments_strings.grdp","IDS_AUTOFILL_LOADING_AND_CONSENT_DIALOG_TITLE_VCN_3DS","overlay","branding_text_replacement","yes_old_new_id_sync","branding_text_replacement",""
"components/autofill_payments_strings.grdp","IDS_AUTOFILL_LOYALTY_CARD_WALLET_SETTINGS_BUTTON","overlay","branding_text_replacement","yes_old_new_id_sync","branding_text_replacement",""
"components/autofill_payments_strings.grdp","IDS_AUTOFILL_MANDATORY_REAUTH_CONFIRMATION_EXPLANATION","overlay","branding_text_replacement","yes_old_new_id_sync","branding_text_replacement",""
"components/autofill_payments_strings.grdp","IDS_AUTOFILL_PAYMENTS_WINDOW_USER_CONSENT_DIALOG_DESCRIPTION_VCN_3DS","overlay","branding_text_replacement","yes_old_new_id_sync","branding_text_replacement",""
"components/autofill_payments_strings.grdp","IDS_AUTOFILL_PAYMENTS_WINDOW_USER_CONSENT_DIALOG_OK_BUTTON_LABEL_VCN_3DS","overlay","branding_text_replacement","yes_old_new_id_sync","branding_text_replacement",""
"components/autofill_payments_strings.grdp","IDS_AUTOFILL_SAVE_AND_FILL_DIALOG_EXPLANATION_LOCAL","overlay","branding_text_replacement","yes_old_new_id_sync","branding_text_replacement",""
"components/autofill_payments_strings.grdp","IDS_AUTOFILL_SAVE_AND_FILL_DIALOG_EXPLANATION_UPLOAD","overlay","branding_text_replacement","yes_old_new_id_sync","branding_text_replacement",""
"components/autofill_payments_strings.grdp","IDS_AUTOFILL_SAVE_CARD_CONFIRMATION_FAILURE_DESCRIPTION_TEXT","overlay","branding_text_replacement","yes_old_new_id_sync","branding_text_replacement",""
"components/autofill_payments_strings.grdp","IDS_AUTOFILL_SAVE_CARD_PROMPT_UPLOAD_EXPLANATION_AND_CARDHOLDER_NAME_TOOLTIP","overlay","branding_text_replacement","yes_old_new_id_sync","branding_text_replacement",""
"components/autofill_payments_strings.grdp","IDS_AUTOFILL_SAVE_CARD_PROMPT_UPLOAD_EXPLANATION_TOOLTIP","overlay","branding_text_replacement","yes_old_new_id_sync","branding_text_replacement",""
"components/autofill_payments_strings.grdp","IDS_AUTOFILL_SAVE_IBAN_CONFIRMATION_FAILURE_DESCRIPTION_TEXT","overlay","branding_text_replacement","yes_old_new_id_sync","branding_text_replacement",""
"components/autofill_payments_strings.grdp","IDS_AUTOFILL_SAVE_IBAN_CONFIRMATION_FAILURE_HIT_MAX_STRIKE_DESCRIPTION_TEXT","overlay","branding_text_replacement","yes_old_new_id_sync","branding_text_replacement",""
"components/autofill_payments_strings.grdp","IDS_PAYMENTS_AUTOFILL_EDIT_CARD_MANDATORY_REAUTH_PROMPT","overlay","branding_text_replacement","yes_old_new_id_sync","branding_text_replacement",""
"components/autofill_payments_strings.grdp","IDS_PAYMENTS_AUTOFILL_FILLING_MANDATORY_REAUTH","overlay","branding_text_replacement","yes_old_new_id_sync","branding_text_replacement",""
"components/autofill_payments_strings.grdp","IDS_PAYMENTS_AUTOFILL_MANDATORY_REAUTH_PROMPT","overlay","branding_text_replacement","yes_old_new_id_sync","branding_text_replacement",""
"components/autofill_payments_strings.grdp","IDS_PAYMENTS_AUTOFILL_SETTINGS_EDIT_MANDATORY_REAUTH","overlay","branding_text_replacement","yes_old_new_id_sync","branding_text_replacement",""
"components/autofill_payments_strings.grdp","IDS_PAYMENTS_AUTOFILL_SETTINGS_TOGGLE_MANDATORY_REAUTH","overlay","branding_text_replacement","yes_old_new_id_sync","branding_text_replacement",""
"components/autofill_strings.grdp","IDS_AUTOFILL_ADD_NEW_ADDRESS_INTO_CHROME_PROMPT_BODY_TEXT","overlay","branding_text_replacement","yes_old_new_id_sync","branding_text_replacement",""
"components/autofill_strings.grdp","IDS_AUTOFILL_ADDRESS_HOME_AND_WORK_RECORD_TYPE_NOTICE","overlay","branding_text_replacement","yes_old_new_id_sync","branding_text_replacement",""
"components/autofill_strings.grdp","IDS_AUTOFILL_AI_ADD_DRIVERS_LICENSE_ENTITY","overlay","branding_text_replacement","yes_old_new_id_sync","branding_text_replacement",""
"components/autofill_strings.grdp","IDS_AUTOFILL_AI_ADD_KNOWN_TRAVELER_NUMBER_ENTITY","overlay","branding_text_replacement","yes_old_new_id_sync","branding_text_replacement",""
"components/autofill_strings.grdp","IDS_AUTOFILL_AI_ADD_NATIONAL_ID_CARD_ENTITY","overlay","branding_text_replacement","yes_old_new_id_sync","branding_text_replacement",""
"components/autofill_strings.grdp","IDS_AUTOFILL_AI_ADD_PASSPORT_ENTITY","overlay","branding_text_replacement","yes_old_new_id_sync","branding_text_replacement",""
"components/autofill_strings.grdp","IDS_AUTOFILL_AI_ADD_REDRESS_NUMBER_ENTITY","overlay","branding_text_replacement","yes_old_new_id_sync","branding_text_replacement",""
"components/autofill_strings.grdp","IDS_AUTOFILL_AI_ADD_VEHICLE_ENTITY","overlay","branding_text_replacement","yes_old_new_id_sync","branding_text_replacement",""
"components/autofill_strings.grdp","IDS_AUTOFILL_AI_DRIVERS_LICENSE_ENTITY_NAME","overlay","branding_text_replacement","yes_old_new_id_sync","branding_text_replacement",""
"components/autofill_strings.grdp","IDS_AUTOFILL_AI_FLIGHT_RESERVATION_ENTITY_NAME","overlay","branding_text_replacement","yes_old_new_id_sync","branding_text_replacement",""
"components/autofill_strings.grdp","IDS_AUTOFILL_AI_KNOWN_TRAVELER_NUMBER_ENTITY_NAME","overlay","branding_text_replacement","yes_old_new_id_sync","branding_text_replacement",""
"components/autofill_strings.grdp","IDS_AUTOFILL_AI_NATIONAL_ID_CARD_ENTITY_NAME","overlay","branding_text_replacement","yes_old_new_id_sync","branding_text_replacement",""
"components/autofill_strings.grdp","IDS_AUTOFILL_AI_PASSPORT_ENTITY_NAME","overlay","branding_text_replacement","yes_old_new_id_sync","branding_text_replacement",""
"components/autofill_strings.grdp","IDS_AUTOFILL_AI_REDRESS_NUMBER_ENTITY_NAME","overlay","branding_text_replacement","yes_old_new_id_sync","branding_text_replacement",""
"components/autofill_strings.grdp","IDS_AUTOFILL_AI_VEHICLE_ENTITY_NAME","overlay","branding_text_replacement","yes_old_new_id_sync","branding_text_replacement",""
"components/autofill_strings.grdp","IDS_AUTOFILL_DELETE_AUTOCOMPLETE_SUGGESTION_CONFIRMATION_BODY","overlay","branding_text_replacement","yes_old_new_id_sync","branding_text_replacement",""
"components/autofill_strings.grdp","IDS_AUTOFILL_DELETE_CREDIT_CARD_SUGGESTION_CONFIRMATION_BODY","overlay","branding_text_replacement","yes_old_new_id_sync","branding_text_replacement",""
"components/autofill_strings.grdp","IDS_AUTOFILL_DELETE_PROFILE_SUGGESTION_CONFIRMATION_BODY","overlay","branding_text_replacement","yes_old_new_id_sync","branding_text_replacement",""
"components/autofill_strings.grdp","IDS_AUTOFILL_IPH_EXTERNAL_ACCOUNT_PROFILE_SUGGESTION","overlay","branding_text_replacement","yes_old_new_id_sync","branding_text_replacement",""
"components/autofill_strings.grdp","IDS_AUTOFILL_MANAGE_ADDRESSES","overlay","branding_text_replacement","yes_old_new_id_sync","branding_text_replacement",""
"components/autofill_strings.grdp","IDS_AUTOFILL_MANAGE_LOYALTY_CARDS","overlay","branding_text_replacement","yes_old_new_id_sync","branding_text_replacement",""
"components/autofill_strings.grdp","IDS_AUTOFILL_MANAGE_PASSWORDS","overlay","branding_text_replacement","yes_old_new_id_sync","branding_text_replacement",""
"components/autofill_strings.grdp","IDS_AUTOFILL_MANAGE_PAYMENT_METHODS","overlay","branding_text_replacement","yes_old_new_id_sync","branding_text_replacement",""
"components/autofill_strings.grdp","IDS_AUTOFILL_REMOVE_ACCOUNT_NAME_AND_EMAIL_PROFILE_SUGGESTION_CONFIRMATION_TITLE","overlay","branding_text_replacement","yes_old_new_id_sync","branding_text_replacement",""
"components/autofill_strings.grdp","IDS_AUTOFILL_REMOVE_HOME_PROFILE_SUGGESTION_CONFIRMATION_TITLE","overlay","branding_text_replacement","yes_old_new_id_sync","branding_text_replacement",""
"components/autofill_strings.grdp","IDS_AUTOFILL_REMOVE_WORK_PROFILE_SUGGESTION_CONFIRMATION_TITLE","overlay","branding_text_replacement","yes_old_new_id_sync","branding_text_replacement",""
"components/autofill_strings.grdp","IDS_AUTOFILL_SIGNIN_PROMO_TITLE_ADDRESS","overlay","branding_text_replacement","yes_old_new_id_sync","branding_text_replacement",""
"components/autofill_strings.grdp","IDS_AUTOFILL_SIGNIN_PROMO_TITLE_PASSWORD","overlay","branding_text_replacement","yes_old_new_id_sync","branding_text_replacement",""
"components/autofill_strings.grdp","IDS_AUTOFILL_SYNCABLE_PROFILE_MIGRATION_PROMPT_NOTICE","overlay","branding_text_replacement","yes_old_new_id_sync","branding_text_replacement",""
"components/autofill_strings.grdp","IDS_AUTOFILL_THIRD_PARTY_FILLING_DEFAULT","overlay","branding_text_replacement","yes_old_new_id_sync","branding_text_replacement",""
"components/autofill_strings.grdp","IDS_AUTOFILL_THIRD_PARTY_FILLING_DEFAULT_DESCRIPTION","overlay","branding_text_replacement","yes_old_new_id_sync","branding_text_replacement",""
"components/autofill_strings.grdp","IDS_AUTOFILL_THIRD_PARTY_FILLING_DEFAULT_DESCRIPTION_NEW","overlay","branding_text_replacement","yes_old_new_id_sync","branding_text_replacement",""
"components/autofill_strings.grdp","IDS_AUTOFILL_THIRD_PARTY_FILLING_OPT_IN","overlay","branding_text_replacement","yes_old_new_id_sync","branding_text_replacement",""
"components/autofill_strings.grdp","IDS_AUTOFILL_THIRD_PARTY_FILLING_OPT_IN_DESCRIPTION","overlay","branding_text_replacement","yes_old_new_id_sync","branding_text_replacement",""
"components/autofill_strings.grdp","IDS_AUTOFILL_THIRD_PARTY_FILLING_OPT_IN_DESCRIPTION_NEW","overlay","branding_text_replacement","yes_old_new_id_sync","branding_text_replacement",""
"components/autofill_strings.grdp","IDS_AUTOFILL_VERIFY_PROMO_SUBTITLE_ADDRESS","overlay","branding_text_replacement","yes_old_new_id_sync","branding_text_replacement",""
"components/autofill_strings.grdp","IDS_AUTOFILL_VERIFY_PROMO_SUBTITLE_PASSWORD","overlay","branding_text_replacement","yes_old_new_id_sync","branding_text_replacement",""
"components/autofill_strings.grdp","IDS_IOS_AUTOFILL_HOME_WORK_PROFILE_FOOTER","overlay","branding_text_replacement","yes_old_new_id_sync","branding_text_replacement",""
"components/components_chromium_strings.grd","IDS_BLUETOOTH_DEVICE_CHOOSER_AUTHORIZE_BLUETOOTH","overlay","mixed_replacement_pending_split","yes_old_new_id_sync","branding_text_replacement;special_exception_text","Needs message-level category split in checklist step 15."
"components/components_chromium_strings.grd","IDS_CRASH_DISABLED_MESSAGE","overlay","mixed_replacement_pending_split","yes_old_new_id_sync","branding_text_replacement;special_exception_text","Needs message-level category split in checklist step 15."
"components/components_chromium_strings.grd","IDS_ERRORPAGES_SUGGESTION_FIREWALL_CONFIG_HEADER","overlay","mixed_replacement_pending_split","yes_old_new_id_sync","branding_text_replacement;special_exception_text","Needs message-level category split in checklist step 15."
"components/components_chromium_strings.grd","IDS_ERRORPAGES_SUGGESTION_NETWORK_PREDICTION_BODY","overlay","mixed_replacement_pending_split","yes_old_new_id_sync","branding_text_replacement;special_exception_text","Needs message-level category split in checklist step 15."
"components/components_chromium_strings.grd","IDS_ERRORPAGES_SUGGESTION_PROXY_DISABLE_PLATFORM","overlay","mixed_replacement_pending_split","yes_old_new_id_sync","branding_text_replacement;special_exception_text","Needs message-level category split in checklist step 15."
"components/components_chromium_strings.grd","IDS_ERRORPAGES_SUMMARY_BLOCKED_BY_CLIENT","overlay","mixed_replacement_pending_split","yes_old_new_id_sync","branding_text_replacement;special_exception_text","Needs message-level category split in checklist step 15."
"components/components_chromium_strings.grd","IDS_FLAGS_UI_RELAUNCH_NOTICE","overlay","mixed_replacement_pending_split","yes_old_new_id_sync","branding_text_replacement;special_exception_text","Needs message-level category split in checklist step 15."
"components/components_chromium_strings.grd","IDS_INTERNAL_DEBUG_PAGES_DISABLED_BODY","overlay","mixed_replacement_pending_split","yes_old_new_id_sync","branding_text_replacement;special_exception_text","Needs message-level category split in checklist step 15."
"components/components_chromium_strings.grd","IDS_PAGE_INFO_INTERNAL_PAGE","overlay","mixed_replacement_pending_split","yes_old_new_id_sync","branding_text_replacement;special_exception_text","Needs message-level category split in checklist step 15."
"components/components_chromium_strings.grd","IDS_PAYMENTS_AUTOFILL_EDIT_CARD_MANDATORY_REAUTH_PROMPT","overlay","mixed_replacement_pending_split","yes_old_new_id_sync","branding_text_replacement;special_exception_text","Needs message-level category split in checklist step 15."
"components/components_chromium_strings.grd","IDS_PAYMENTS_AUTOFILL_MANDATORY_REAUTH_PROMPT","overlay","mixed_replacement_pending_split","yes_old_new_id_sync","branding_text_replacement;special_exception_text","Needs message-level category split in checklist step 15."
"components/components_chromium_strings.grd","IDS_SESSION_CRASHED_VIEW_MESSAGE","overlay","mixed_replacement_pending_split","yes_old_new_id_sync","branding_text_replacement;special_exception_text","Needs message-level category split in checklist step 15."
"components/components_chromium_strings.grd","IDS_SHORT_PRODUCT_LOGO_ALT_TEXT","overlay","mixed_replacement_pending_split","yes_old_new_id_sync","branding_text_replacement;special_exception_text","Needs message-level category split in checklist step 15."
"components/components_chromium_strings.grd","IDS_VERSION_UI_LICENSE","overlay","mixed_replacement_pending_split","yes_old_new_id_sync","branding_text_replacement;special_exception_text","Needs message-level category split in checklist step 15."
"components/components_chromium_strings.grd","IDS_VERSION_UI_LICENSE_CHROMIUM","overlay","mixed_replacement_pending_split","yes_old_new_id_sync","branding_text_replacement;special_exception_text","Needs message-level category split in checklist step 15."
"components/components_chromium_strings.grd","IDS_VERSION_UI_LICENSE_OTHER","overlay","mixed_replacement_pending_split","yes_old_new_id_sync","branding_text_replacement;special_exception_text","Needs message-level category split in checklist step 15."
"components/components_settings_strings.grdp","IDS_SETTINGS_TITLE","overlay","special_text_replacement","yes_old_new_id_sync","special_text_replacement",""
"components/error_page_strings.grdp","IDS_ERRORPAGE_DINO_ARIA_LABEL","overlay","special_dino_text","yes_old_new_id_sync","special_dino_text",""
"components/error_page_strings.grdp","IDS_ERRORPAGE_DINO_SLOW_SPEED_TOGGLE","overlay","special_dino_text","yes_old_new_id_sync","special_dino_text",""
"components/error_page_strings.grdp","IDS_ERRORPAGES_CANCEL_SAVE_PAGE_BUTTON","overlay","special_dino_text","yes_old_new_id_sync","special_dino_text",""
"components/error_page_strings.grdp","IDS_ERRORPAGES_GAME_INSTRUCTIONS","overlay","special_dino_text","yes_old_new_id_sync","special_dino_text",""
"components/error_page_strings.grdp","IDS_ERRORPAGES_SUGGESTION_CAPTIVE_PORTAL_SIGNIN","overlay","special_dino_text","yes_old_new_id_sync","special_dino_text",""
"components/error_page_strings.grdp","IDS_ERRORPAGES_SUGGESTION_PROXY_DISABLE_PLATFORM","overlay","special_dino_text","yes_old_new_id_sync","special_dino_text",""
"components/flags_strings.grdp","IDS_FLAGS_UI_RELAUNCH","overlay","special_text_replacement","yes_old_new_id_sync","special_text_replacement",""
"components/heavy_ad_intervention_strings.grdp","IDS_HEAVY_AD_INTERVENTION_SUMMARY","overlay","branding_text_replacement","yes_old_new_id_sync","branding_text_replacement",""
"components/management_strings.grdp","IDS_IOS_MANAGEMENT_UI_DESC","overlay","mixed_replacement_pending_split","yes_old_new_id_sync","branding_text_replacement;special_exception_text","Needs message-level category split in checklist step 15."
"components/management_strings.grdp","IDS_MANAGED_PROFILE_INTERSTITIAL_TAB_TITLE","overlay","mixed_replacement_pending_split","yes_old_new_id_sync","branding_text_replacement;special_exception_text","Needs message-level category split in checklist step 15."
"components/management_strings.grdp","IDS_MANAGEMENT_BANNER_PROMOTION_BTN","overlay","mixed_replacement_pending_split","yes_old_new_id_sync","branding_text_replacement;special_exception_text","Needs message-level category split in checklist step 15."
"components/management_strings.grdp","IDS_MANAGEMENT_BANNER_PROMOTION_DESC","overlay","mixed_replacement_pending_split","yes_old_new_id_sync","branding_text_replacement;special_exception_text","Needs message-level category split in checklist step 15."
"components/management_strings.grdp","IDS_MANAGEMENT_BROWSER_NOTICE","overlay","mixed_replacement_pending_split","yes_old_new_id_sync","branding_text_replacement;special_exception_text","Needs message-level category split in checklist step 15."
"components/management_strings.grdp","IDS_MANAGEMENT_DESK_SYNC_DESCRIPTION","overlay","mixed_replacement_pending_split","yes_old_new_id_sync","branding_text_replacement;special_exception_text","Needs message-level category split in checklist step 15."
"components/management_strings.grdp","IDS_MANAGEMENT_DESK_SYNC_OPT_OUT","overlay","mixed_replacement_pending_split","yes_old_new_id_sync","branding_text_replacement;special_exception_text","Needs message-level category split in checklist step 15."
"components/management_strings.grdp","IDS_MANAGEMENT_ENTERPRISE_REPORTING_VISIBLE_DATA","overlay","mixed_replacement_pending_split","yes_old_new_id_sync","branding_text_replacement;special_exception_text","Needs message-level category split in checklist step 15."
"components/management_strings.grdp","IDS_MANAGEMENT_EXTENSION_REPORT_USERNAME","overlay","mixed_replacement_pending_split","yes_old_new_id_sync","branding_text_replacement;special_exception_text","Needs message-level category split in checklist step 15."
"components/management_strings.grdp","IDS_MANAGEMENT_EXTENSION_TELEMETRY_VISIBLE_DATA","overlay","mixed_replacement_pending_split","yes_old_new_id_sync","branding_text_replacement;special_exception_text","Needs message-level category split in checklist step 15."
"components/management_strings.grdp","IDS_MANAGEMENT_NOT_MANAGED_NOTICE","overlay","mixed_replacement_pending_split","yes_old_new_id_sync","branding_text_replacement;special_exception_text","Needs message-level category split in checklist step 15."
"components/management_strings.grdp","IDS_MANAGEMENT_NOT_MANAGED_SUBTITLE","overlay","mixed_replacement_pending_split","yes_old_new_id_sync","branding_text_replacement;special_exception_text","Needs message-level category split in checklist step 15."
"components/management_strings.grdp","IDS_MANAGEMENT_PROFILE_NOTICE","overlay","mixed_replacement_pending_split","yes_old_new_id_sync","branding_text_replacement;special_exception_text","Needs message-level category split in checklist step 15."
"components/management_strings.grdp","IDS_MANAGEMENT_SUBTITLE_MANAGED","overlay","mixed_replacement_pending_split","yes_old_new_id_sync","branding_text_replacement;special_exception_text","Needs message-level category split in checklist step 15."
"components/management_strings.grdp","IDS_MANAGEMENT_SUBTITLE_MANAGED_BY","overlay","mixed_replacement_pending_split","yes_old_new_id_sync","branding_text_replacement;special_exception_text","Needs message-level category split in checklist step 15."
"components/management_strings.grdp","IDS_MANAGEMENT_THREAT_PROTECTION","overlay","mixed_replacement_pending_split","yes_old_new_id_sync","branding_text_replacement;special_exception_text","Needs message-level category split in checklist step 15."
"components/management_strings.grdp","IDS_MANAGEMENT_THREAT_PROTECTION_DESCRIPTION","overlay","mixed_replacement_pending_split","yes_old_new_id_sync","branding_text_replacement;special_exception_text","Needs message-level category split in checklist step 15."
"components/management_strings.grdp","IDS_MANAGEMENT_THREAT_PROTECTION_DESCRIPTION_BY","overlay","mixed_replacement_pending_split","yes_old_new_id_sync","branding_text_replacement;special_exception_text","Needs message-level category split in checklist step 15."
"components/management_strings.grdp","IDS_MANAGEMENT_THREAT_PROTECTION_MORE","overlay","mixed_replacement_pending_split","yes_old_new_id_sync","branding_text_replacement;special_exception_text","Needs message-level category split in checklist step 15."
"components/management_strings.grdp","IDS_MANAGEMENT_UPDATE_REQUIRED_EOL_MESSAGE","overlay","mixed_replacement_pending_split","yes_old_new_id_sync","branding_text_replacement;special_exception_text","Needs message-level category split in checklist step 15."
"components/new_or_sad_tab_strings.grdp","IDS_NEW_TAB_OTR_NOT_SAVED","overlay","special_text_replacement","yes_old_new_id_sync","special_text_replacement",""
"components/new_or_sad_tab_strings.grdp","IDS_SAD_TAB_OOM_MESSAGE_NOTABS","overlay","special_text_replacement","yes_old_new_id_sync","special_text_replacement",""
"components/new_or_sad_tab_strings.grdp","IDS_SAD_TAB_OOM_MESSAGE_TABS","overlay","special_text_replacement","yes_old_new_id_sync","special_text_replacement",""
"components/new_or_sad_tab_strings.grdp","IDS_SAD_TAB_OOM_TITLE","overlay","special_text_replacement","yes_old_new_id_sync","special_text_replacement",""
"components/new_or_sad_tab_strings.grdp","IDS_SAD_TAB_RELOAD_CLOSE_TABS","overlay","special_text_replacement","yes_old_new_id_sync","special_text_replacement",""
"components/new_or_sad_tab_strings.grdp","IDS_SAD_TAB_RELOAD_INCOGNITO","overlay","special_text_replacement","yes_old_new_id_sync","special_text_replacement",""
"components/new_or_sad_tab_strings.grdp","IDS_SAD_TAB_RELOAD_RESTART_BROWSER","overlay","special_text_replacement","yes_old_new_id_sync","special_text_replacement",""
"components/new_or_sad_tab_strings.grdp","IDS_SAD_TAB_RELOAD_TITLE","overlay","special_text_replacement","yes_old_new_id_sync","special_text_replacement",""
"components/new_or_sad_tab_strings.grdp","IDS_SAD_TAB_RELOAD_TRY","overlay","special_text_replacement","yes_old_new_id_sync","special_text_replacement",""
"components/new_or_sad_tab_strings.grdp","IDS_SAD_TAB_TITLE","overlay","special_text_replacement","yes_old_new_id_sync","special_text_replacement",""
"components/page_info_strings.grdp","IDS_PAGE_INFO_AD_PRIVACY_FLEDGE_DESCRIPTION","overlay","branding_text_replacement","yes_old_new_id_sync","branding_text_replacement",""
"components/page_info_strings.grdp","IDS_PAGE_INFO_AD_PRIVACY_TOPICS_AND_FLEDGE_DESCRIPTION","overlay","branding_text_replacement","yes_old_new_id_sync","branding_text_replacement",""
"components/page_info_strings.grdp","IDS_PAGE_INFO_AD_PRIVACY_TOPICS_DESCRIPTION","overlay","branding_text_replacement","yes_old_new_id_sync","branding_text_replacement",""
"components/page_info_strings.grdp","IDS_PAGE_INFO_CAMERA_SYSTEM_SETTINGS_DESCRIPTION","overlay","branding_text_replacement","yes_old_new_id_sync","branding_text_replacement",""
"components/page_info_strings.grdp","IDS_PAGE_INFO_CHANGE_PASSWORD_DETAILS","overlay","branding_text_replacement","yes_old_new_id_sync","branding_text_replacement",""
"components/page_info_strings.grdp","IDS_PAGE_INFO_CHANGE_PASSWORD_DETAILS_ENTERPRISE","overlay","branding_text_replacement","yes_old_new_id_sync","branding_text_replacement",""
"components/page_info_strings.grdp","IDS_PAGE_INFO_CHANGE_PASSWORD_DETAILS_ENTERPRISE_WITH_ORG_NAME","overlay","branding_text_replacement","yes_old_new_id_sync","branding_text_replacement",""
"components/page_info_strings.grdp","IDS_PAGE_INFO_CHANGE_PASSWORD_DETAILS_SAVED","overlay","branding_text_replacement","yes_old_new_id_sync","branding_text_replacement",""
"components/page_info_strings.grdp","IDS_PAGE_INFO_CHANGE_PASSWORD_DETAILS_SIGNED_IN_NON_SYNC","overlay","branding_text_replacement","yes_old_new_id_sync","branding_text_replacement",""
"components/page_info_strings.grdp","IDS_PAGE_INFO_CHANGE_PASSWORD_DETAILS_SYNC","overlay","branding_text_replacement","yes_old_new_id_sync","branding_text_replacement",""
"components/page_info_strings.grdp","IDS_PAGE_INFO_CLIPBOARD_SYSTEM_SETTINGS_DESCRIPTION","overlay","branding_text_replacement","yes_old_new_id_sync","branding_text_replacement",""
"components/page_info_strings.grdp","IDS_PAGE_INFO_COOKIE_SYNC_DESCRIPTION","overlay","branding_text_replacement","yes_old_new_id_sync","branding_text_replacement",""
"components/page_info_strings.grdp","IDS_PAGE_INFO_EXTENSION_PAGE","overlay","branding_text_replacement","yes_old_new_id_sync","branding_text_replacement",""
"components/page_info_strings.grdp","IDS_PAGE_INFO_LOCATION_SYSTEM_SETTINGS_DESCRIPTION","overlay","branding_text_replacement","yes_old_new_id_sync","branding_text_replacement",""
"components/page_info_strings.grdp","IDS_PAGE_INFO_MICROPHONE_SYSTEM_SETTINGS_DESCRIPTION","overlay","branding_text_replacement","yes_old_new_id_sync","branding_text_replacement",""
"components/page_info_strings.grdp","IDS_PAGE_INFO_PERMISSION_AUTOMATICALLY_BLOCKED","overlay","branding_text_replacement","yes_old_new_id_sync","branding_text_replacement",""
"components/page_info_strings.grdp","IDS_PAGE_INFO_READER_MODE_PAGE","overlay","branding_text_replacement","yes_old_new_id_sync","branding_text_replacement",""
"components/page_info_strings.grdp","IDS_PAGE_INFO_READER_MODE_PAGE_SECURE","overlay","branding_text_replacement","yes_old_new_id_sync","branding_text_replacement",""
"components/page_info_strings.grdp","IDS_PAGE_INFO_SECURE_IDENTITY_VERIFIED","overlay","branding_text_replacement","yes_old_new_id_sync","branding_text_replacement",""
"components/page_info_strings.grdp","IDS_PAGE_INFO_SITE_SETTINGS_LINK","overlay","branding_text_replacement","yes_old_new_id_sync","branding_text_replacement",""
"components/page_info_strings.grdp","IDS_PAGE_INFO_SYNC_SETTINGS_LINK","overlay","branding_text_replacement","yes_old_new_id_sync","branding_text_replacement",""
"components/page_info_strings.grdp","IDS_PAGE_INFO_TRACKING_PROTECTION_COOKIES_LIMITED_RESTART_TITLE","overlay","branding_text_replacement","yes_old_new_id_sync","branding_text_replacement",""
"components/page_info_strings.grdp","IDS_PAGE_INFO_TRACKING_PROTECTION_DESCRIPTION","overlay","branding_text_replacement","yes_old_new_id_sync","branding_text_replacement",""
"components/page_info_strings.grdp","IDS_PAGE_INFO_TRACKING_PROTECTION_INCOGNITO_BLOCKED_COOKIES_DESCRIPTION","overlay","branding_text_replacement","yes_old_new_id_sync","branding_text_replacement",""
"components/page_info_strings.grdp","IDS_PAGE_INFO_TRACKING_PROTECTION_SITE_GRANT_DESCRIPTION","overlay","branding_text_replacement","yes_old_new_id_sync","branding_text_replacement",""
"components/reset_password_strings.grdp","IDS_RESET_PASSWORD_EXPLANATION_PARAGRAPH","overlay","branding_text_replacement","yes_old_new_id_sync","branding_text_replacement",""
"components/reset_password_strings.grdp","IDS_RESET_PASSWORD_EXPLANATION_PARAGRAPH_WITH_ORG_NAME","overlay","branding_text_replacement","yes_old_new_id_sync","branding_text_replacement",""
"components/reset_password_strings.grdp","IDS_RESET_PASSWORD_LEARN_MORE","overlay","branding_text_replacement","yes_old_new_id_sync","branding_text_replacement",""
"components/reset_password_strings.grdp","IDS_RESET_PASSWORD_WARNING_EXPLANATION_PARAGRAPH_V2","overlay","branding_text_replacement","yes_old_new_id_sync","branding_text_replacement",""
"components/security_interstitials_strings.grdp","IDS_ABH_PROMPT_SITE_ENGAGEMENT_PRIMARY_PARAGRAPH","overlay","branding_text_replacement","yes_old_new_id_sync","branding_text_replacement",""
"components/security_interstitials_strings.grdp","IDS_CAPTIVE_PORTAL_AUTHORIZATION_DIALOG_NAME","overlay","branding_text_replacement","yes_old_new_id_sync","branding_text_replacement",""
"components/security_interstitials_strings.grdp","IDS_CLOCK_ERROR_EXPLANATION","overlay","branding_text_replacement","yes_old_new_id_sync","branding_text_replacement",""
"components/security_interstitials_strings.grdp","IDS_CONNECTION_HELP_CONNECTION_NOT_PRIVATE_DETAILS","overlay","branding_text_replacement","yes_old_new_id_sync","branding_text_replacement",""
"components/security_interstitials_strings.grdp","IDS_CONNECTION_HELP_MITM_SOFTWARE_DETAILS","overlay","branding_text_replacement","yes_old_new_id_sync","branding_text_replacement",""
"components/security_interstitials_strings.grdp","IDS_CONNECTION_HELP_MITM_SOFTWARE_TITLE","overlay","branding_text_replacement","yes_old_new_id_sync","branding_text_replacement",""
"components/security_interstitials_strings.grdp","IDS_HARMFUL_V3_EXPLANATION_PARAGRAPH","overlay","branding_text_replacement","yes_old_new_id_sync","branding_text_replacement",""
"components/security_interstitials_strings.grdp","IDS_HARMFUL_V3_PRIMARY_PARAGRAPH","overlay","branding_text_replacement","yes_old_new_id_sync","branding_text_replacement",""
"components/security_interstitials_strings.grdp","IDS_HTTPS_ONLY_MODE_FOR_TYPICALLY_SECURE_BROWSING_PRIMARY_PARAGRAPH","overlay","branding_text_replacement","yes_old_new_id_sync","branding_text_replacement",""
"components/security_interstitials_strings.grdp","IDS_HTTPS_ONLY_MODE_WITH_SITE_ENGAGEMENT_PRIMARY_PARAGRAPH","overlay","branding_text_replacement","yes_old_new_id_sync","branding_text_replacement",""
"components/security_interstitials_strings.grdp","IDS_KNOWN_INTERCEPTION_BODY2","overlay","branding_text_replacement","yes_old_new_id_sync","branding_text_replacement",""
"components/security_interstitials_strings.grdp","IDS_KNOWN_INTERCEPTION_HEADER","overlay","branding_text_replacement","yes_old_new_id_sync","branding_text_replacement",""
"components/security_interstitials_strings.grdp","IDS_KNOWN_INTERCEPTION_INFOBAR_BUTTON_TEXT","overlay","branding_text_replacement","yes_old_new_id_sync","branding_text_replacement",""
"components/security_interstitials_strings.grdp","IDS_KNOWN_INTERCEPTION_INFOBAR_HEADING","overlay","branding_text_replacement","yes_old_new_id_sync","branding_text_replacement",""
"components/security_interstitials_strings.grdp","IDS_MALWARE_V3_EXPLANATION_PARAGRAPH","overlay","branding_text_replacement","yes_old_new_id_sync","branding_text_replacement",""
"components/security_interstitials_strings.grdp","IDS_MALWARE_V3_PRIMARY_PARAGRAPH","overlay","branding_text_replacement","yes_old_new_id_sync","branding_text_replacement",""
"components/security_interstitials_strings.grdp","IDS_MITM_SOFTWARE_EXPLANATION_ENTERPRISE","overlay","branding_text_replacement","yes_old_new_id_sync","branding_text_replacement",""
"components/security_interstitials_strings.grdp","IDS_MITM_SOFTWARE_EXPLANATION_NONENTERPRISE","overlay","branding_text_replacement","yes_old_new_id_sync","branding_text_replacement",""
"components/security_interstitials_strings.grdp","IDS_MITM_SOFTWARE_HEADING","overlay","branding_text_replacement","yes_old_new_id_sync","branding_text_replacement",""
"components/security_interstitials_strings.grdp","IDS_PHISHING_V4_EXPLANATION_PARAGRAPH","overlay","branding_text_replacement","yes_old_new_id_sync","branding_text_replacement",""
"components/security_interstitials_strings.grdp","IDS_PHISHING_V4_PRIMARY_PARAGRAPH","overlay","branding_text_replacement","yes_old_new_id_sync","branding_text_replacement",""
"components/security_interstitials_strings.grdp","IDS_SAFE_BROWSING_ENHANCED_PROTECTION_MESSAGE","overlay","branding_text_replacement","yes_old_new_id_sync","branding_text_replacement",""
"components/security_interstitials_strings.grdp","IDS_SSL_NONOVERRIDABLE_INVALID","overlay","branding_text_replacement","yes_old_new_id_sync","branding_text_replacement",""
"components/security_interstitials_strings.grdp","IDS_SSL_NONOVERRIDABLE_MORE","overlay","branding_text_replacement","yes_old_new_id_sync","branding_text_replacement",""
"components/ssl_errors_strings.grdp","IDS_CERT_ERROR_AUTHORITY_INVALID_DETAILS","overlay","branding_text_replacement","yes_old_new_id_sync","branding_text_replacement",""
"components/ssl_errors_strings.grdp","IDS_CERT_ERROR_AUTHORITY_INVALID_DETAILS_V2","overlay","branding_text_replacement","yes_old_new_id_sync","branding_text_replacement",""
"components/ssl_errors_strings.grdp","IDS_CERT_ERROR_CERTIFICATE_TRANSPARENCY_REQUIRED_DESCRIPTION","overlay","branding_text_replacement","yes_old_new_id_sync","branding_text_replacement",""
"components/ssl_errors_strings.grdp","IDS_CERT_ERROR_CERTIFICATE_TRANSPARENCY_REQUIRED_DETAILS","overlay","branding_text_replacement","yes_old_new_id_sync","branding_text_replacement",""
"components/version_ui_strings.grdp","IDS_VERSION_UI_32BIT_TRANSLATED_INTEL","overlay","branding_text_replacement","yes_old_new_id_sync","branding_text_replacement",""
"components/version_ui_strings.grdp","IDS_VERSION_UI_64BIT_ARM","overlay","branding_text_replacement","yes_old_new_id_sync","branding_text_replacement",""
"components/version_ui_strings.grdp","IDS_VERSION_UI_64BIT_INTEL","overlay","branding_text_replacement","yes_old_new_id_sync","branding_text_replacement",""
"components/version_ui_strings.grdp","IDS_VERSION_UI_64BIT_TRANSLATED_INTEL","overlay","branding_text_replacement","yes_old_new_id_sync","branding_text_replacement",""
"ui/chromeos/ui_chromeos_strings.grd","IDS_CHROMEBASE_DEVICE_NAME","overlay","branding_text_replacement","yes_old_new_id_sync","branding_text_replacement",""
"ui/chromeos/ui_chromeos_strings.grd","IDS_CHROMEBASE_DEVICE_NAME_IN_PLURAL","overlay","branding_text_replacement","yes_old_new_id_sync","branding_text_replacement",""
"ui/chromeos/ui_chromeos_strings.grd","IDS_CHROMEBIT_DEVICE_NAME","overlay","branding_text_replacement","yes_old_new_id_sync","branding_text_replacement",""
"ui/chromeos/ui_chromeos_strings.grd","IDS_CHROMEBIT_DEVICE_NAME_IN_PLURAL","overlay","branding_text_replacement","yes_old_new_id_sync","branding_text_replacement",""
"ui/chromeos/ui_chromeos_strings.grd","IDS_CHROMEBOOK_DEVICE_NAME","overlay","branding_text_replacement","yes_old_new_id_sync","branding_text_replacement",""
"ui/chromeos/ui_chromeos_strings.grd","IDS_CHROMEBOOK_DEVICE_NAME_IN_PLURAL","overlay","branding_text_replacement","yes_old_new_id_sync","branding_text_replacement",""
"ui/chromeos/ui_chromeos_strings.grd","IDS_CHROMEBOX_DEVICE_NAME","overlay","branding_text_replacement","yes_old_new_id_sync","branding_text_replacement",""
"ui/chromeos/ui_chromeos_strings.grd","IDS_CHROMEBOX_DEVICE_NAME_IN_PLURAL","overlay","branding_text_replacement","yes_old_new_id_sync","branding_text_replacement",""
"ui/chromeos/ui_chromeos_strings.grd","IDS_CHROMEOS_IME_JAPANESE_QUICK_SETTINGS_DIRECT_INPUT","overlay","branding_text_replacement","yes_old_new_id_sync","branding_text_replacement",""
"ui/chromeos/ui_chromeos_strings.grd","IDS_CHROMEOS_IME_JAPANESE_QUICK_SETTINGS_HALF_WIDTH_KATAKANA","overlay","branding_text_replacement","yes_old_new_id_sync","branding_text_replacement",""
"ui/chromeos/ui_chromeos_strings.grd","IDS_CHROMEOS_IME_JAPANESE_QUICK_SETTINGS_HIRAGANA","overlay","branding_text_replacement","yes_old_new_id_sync","branding_text_replacement",""
"ui/chromeos/ui_chromeos_strings.grd","IDS_CHROMEOS_IME_JAPANESE_QUICK_SETTINGS_KATAKANA","overlay","branding_text_replacement","yes_old_new_id_sync","branding_text_replacement",""
"ui/chromeos/ui_chromeos_strings.grd","IDS_CHROMEOS_IME_JAPANESE_QUICK_SETTINGS_LATIN","overlay","branding_text_replacement","yes_old_new_id_sync","branding_text_replacement",""
"ui/chromeos/ui_chromeos_strings.grd","IDS_CHROMEOS_IME_JAPANESE_QUICK_SETTINGS_WIDE_LATIN","overlay","branding_text_replacement","yes_old_new_id_sync","branding_text_replacement",""
"ui/chromeos/ui_chromeos_strings.grd","IDS_GENERIC_CHROMEOS_DEVICE_NAME","overlay","branding_text_replacement","yes_old_new_id_sync","branding_text_replacement",""
"ui/chromeos/ui_chromeos_strings.grd","IDS_GENERIC_CHROMEOS_DEVICE_NAME_IN_PLURAL","overlay","branding_text_replacement","yes_old_new_id_sync","branding_text_replacement",""
"ui/chromeos/ui_chromeos_strings.grd","IDS_IME_NAME_INPUTMETHOD_ARRAY","overlay","branding_text_replacement","yes_old_new_id_sync","branding_text_replacement",""
"ui/chromeos/ui_chromeos_strings.grd","IDS_IME_NAME_INPUTMETHOD_CANGJIE","overlay","branding_text_replacement","yes_old_new_id_sync","branding_text_replacement",""
"ui/chromeos/ui_chromeos_strings.grd","IDS_IME_NAME_INPUTMETHOD_CANTONESE","overlay","branding_text_replacement","yes_old_new_id_sync","branding_text_replacement",""
"ui/chromeos/ui_chromeos_strings.grd","IDS_IME_NAME_INPUTMETHOD_DAYI","overlay","branding_text_replacement","yes_old_new_id_sync","branding_text_replacement",""
"ui/chromeos/ui_chromeos_strings.grd","IDS_IME_NAME_INPUTMETHOD_HANGUL","overlay","branding_text_replacement","yes_old_new_id_sync","branding_text_replacement",""
"ui/chromeos/ui_chromeos_strings.grd","IDS_IME_NAME_INPUTMETHOD_MOZC_JP","overlay","branding_text_replacement","yes_old_new_id_sync","branding_text_replacement",""
"ui/chromeos/ui_chromeos_strings.grd","IDS_IME_NAME_INPUTMETHOD_MOZC_US","overlay","branding_text_replacement","yes_old_new_id_sync","branding_text_replacement",""
"ui/chromeos/ui_chromeos_strings.grd","IDS_IME_NAME_INPUTMETHOD_PINYIN","overlay","branding_text_replacement","yes_old_new_id_sync","branding_text_replacement",""
"ui/chromeos/ui_chromeos_strings.grd","IDS_IME_NAME_INPUTMETHOD_QUICK","overlay","branding_text_replacement","yes_old_new_id_sync","branding_text_replacement",""
"ui/chromeos/ui_chromeos_strings.grd","IDS_IME_NAME_INPUTMETHOD_TRADITIONAL_PINYIN","overlay","branding_text_replacement","yes_old_new_id_sync","branding_text_replacement",""
"ui/chromeos/ui_chromeos_strings.grd","IDS_IME_NAME_INPUTMETHOD_WUBI","overlay","branding_text_replacement","yes_old_new_id_sync","branding_text_replacement",""
"ui/chromeos/ui_chromeos_strings.grd","IDS_IME_NAME_INPUTMETHOD_ZHUYIN","overlay","branding_text_replacement","yes_old_new_id_sync","branding_text_replacement",""
"ui/chromeos/ui_chromeos_strings.grd","IDS_IME_NAME_KEYBOARD_ARABIC","overlay","branding_text_replacement","yes_old_new_id_sync","branding_text_replacement",""
"ui/chromeos/ui_chromeos_strings.grd","IDS_IME_NAME_KEYBOARD_ARMENIAN_PHONETIC","overlay","branding_text_replacement","yes_old_new_id_sync","branding_text_replacement",""
"ui/chromeos/ui_chromeos_strings.grd","IDS_IME_NAME_KEYBOARD_BELARUSIAN","overlay","branding_text_replacement","yes_old_new_id_sync","branding_text_replacement",""
"ui/chromeos/ui_chromeos_strings.grd","IDS_IME_NAME_KEYBOARD_BELGIAN_DUTCH","overlay","branding_text_replacement","yes_old_new_id_sync","branding_text_replacement",""
"ui/chromeos/ui_chromeos_strings.grd","IDS_IME_NAME_KEYBOARD_BELGIAN_FRENCH","overlay","branding_text_replacement","yes_old_new_id_sync","branding_text_replacement",""
"ui/chromeos/ui_chromeos_strings.grd","IDS_IME_NAME_KEYBOARD_BELGIAN_GERMAN","overlay","branding_text_replacement","yes_old_new_id_sync","branding_text_replacement",""
"ui/chromeos/ui_chromeos_strings.grd","IDS_IME_NAME_KEYBOARD_BENGALI_PHONETIC","overlay","branding_text_replacement","yes_old_new_id_sync","branding_text_replacement",""
"ui/chromeos/ui_chromeos_strings.grd","IDS_IME_NAME_KEYBOARD_BRAZILIAN","overlay","branding_text_replacement","yes_old_new_id_sync","branding_text_replacement",""
"ui/chromeos/ui_chromeos_strings.grd","IDS_IME_NAME_KEYBOARD_BULGARIAN","overlay","branding_text_replacement","yes_old_new_id_sync","branding_text_replacement",""
"ui/chromeos/ui_chromeos_strings.grd","IDS_IME_NAME_KEYBOARD_BULGARIAN_PHONETIC","overlay","branding_text_replacement","yes_old_new_id_sync","branding_text_replacement",""
"ui/chromeos/ui_chromeos_strings.grd","IDS_IME_NAME_KEYBOARD_CANADIAN_ENGLISH","overlay","branding_text_replacement","yes_old_new_id_sync","branding_text_replacement",""
"ui/chromeos/ui_chromeos_strings.grd","IDS_IME_NAME_KEYBOARD_CANADIAN_FRENCH","overlay","branding_text_replacement","yes_old_new_id_sync","branding_text_replacement",""
"ui/chromeos/ui_chromeos_strings.grd","IDS_IME_NAME_KEYBOARD_CANADIAN_MULTILINGUAL","overlay","branding_text_replacement","yes_old_new_id_sync","branding_text_replacement",""
"ui/chromeos/ui_chromeos_strings.grd","IDS_IME_NAME_KEYBOARD_CATALAN","overlay","branding_text_replacement","yes_old_new_id_sync","branding_text_replacement",""
"ui/chromeos/ui_chromeos_strings.grd","IDS_IME_NAME_KEYBOARD_CROATIAN","overlay","branding_text_replacement","yes_old_new_id_sync","branding_text_replacement",""
"ui/chromeos/ui_chromeos_strings.grd","IDS_IME_NAME_KEYBOARD_CZECH","overlay","branding_text_replacement","yes_old_new_id_sync","branding_text_replacement",""
"ui/chromeos/ui_chromeos_strings.grd","IDS_IME_NAME_KEYBOARD_CZECH_QWERTY","overlay","branding_text_replacement","yes_old_new_id_sync","branding_text_replacement",""
"ui/chromeos/ui_chromeos_strings.grd","IDS_IME_NAME_KEYBOARD_DANISH","overlay","branding_text_replacement","yes_old_new_id_sync","branding_text_replacement",""
"ui/chromeos/ui_chromeos_strings.grd","IDS_IME_NAME_KEYBOARD_ENGLISH_INDIA","overlay","branding_text_replacement","yes_old_new_id_sync","branding_text_replacement",""
"ui/chromeos/ui_chromeos_strings.grd","IDS_IME_NAME_KEYBOARD_ENGLISH_PAKISTAN","overlay","branding_text_replacement","yes_old_new_id_sync","branding_text_replacement",""
"ui/chromeos/ui_chromeos_strings.grd","IDS_IME_NAME_KEYBOARD_ENGLISH_SOUTH_AFRICA","overlay","branding_text_replacement","yes_old_new_id_sync","branding_text_replacement",""
"ui/chromeos/ui_chromeos_strings.grd","IDS_IME_NAME_KEYBOARD_ESTONIAN","overlay","branding_text_replacement","yes_old_new_id_sync","branding_text_replacement",""
"ui/chromeos/ui_chromeos_strings.grd","IDS_IME_NAME_KEYBOARD_FAROESE","overlay","branding_text_replacement","yes_old_new_id_sync","branding_text_replacement",""
"ui/chromeos/ui_chromeos_strings.grd","IDS_IME_NAME_KEYBOARD_FILIPINO","overlay","branding_text_replacement","yes_old_new_id_sync","branding_text_replacement",""
"ui/chromeos/ui_chromeos_strings.grd","IDS_IME_NAME_KEYBOARD_FINNISH","overlay","branding_text_replacement","yes_old_new_id_sync","branding_text_replacement",""
"ui/chromeos/ui_chromeos_strings.grd","IDS_IME_NAME_KEYBOARD_FRENCH","overlay","branding_text_replacement","yes_old_new_id_sync","branding_text_replacement",""
"ui/chromeos/ui_chromeos_strings.grd","IDS_IME_NAME_KEYBOARD_FRENCH_BEPO","overlay","branding_text_replacement","yes_old_new_id_sync","branding_text_replacement",""
"ui/chromeos/ui_chromeos_strings.grd","IDS_IME_NAME_KEYBOARD_GEORGIAN","overlay","branding_text_replacement","yes_old_new_id_sync","branding_text_replacement",""
"ui/chromeos/ui_chromeos_strings.grd","IDS_IME_NAME_KEYBOARD_GERMAN","overlay","branding_text_replacement","yes_old_new_id_sync","branding_text_replacement",""
"ui/chromeos/ui_chromeos_strings.grd","IDS_IME_NAME_KEYBOARD_GERMAN_NEO_2","overlay","branding_text_replacement","yes_old_new_id_sync","branding_text_replacement",""
"ui/chromeos/ui_chromeos_strings.grd","IDS_IME_NAME_KEYBOARD_GREEK","overlay","branding_text_replacement","yes_old_new_id_sync","branding_text_replacement",""
"ui/chromeos/ui_chromeos_strings.grd","IDS_IME_NAME_KEYBOARD_GUJARATI_PHONETIC","overlay","branding_text_replacement","yes_old_new_id_sync","branding_text_replacement",""
"ui/chromeos/ui_chromeos_strings.grd","IDS_IME_NAME_KEYBOARD_HEBREW","overlay","branding_text_replacement","yes_old_new_id_sync","branding_text_replacement",""
"ui/chromeos/ui_chromeos_strings.grd","IDS_IME_NAME_KEYBOARD_HINDI_INSCRIPT","overlay","branding_text_replacement","yes_old_new_id_sync","branding_text_replacement",""
"ui/chromeos/ui_chromeos_strings.grd","IDS_IME_NAME_KEYBOARD_HUNGARIAN","overlay","branding_text_replacement","yes_old_new_id_sync","branding_text_replacement",""
"ui/chromeos/ui_chromeos_strings.grd","IDS_IME_NAME_KEYBOARD_HUNGARIAN_QWERTY","overlay","branding_text_replacement","yes_old_new_id_sync","branding_text_replacement",""
"ui/chromeos/ui_chromeos_strings.grd","IDS_IME_NAME_KEYBOARD_ICELANDIC","overlay","branding_text_replacement","yes_old_new_id_sync","branding_text_replacement",""
"ui/chromeos/ui_chromeos_strings.grd","IDS_IME_NAME_KEYBOARD_INDONESIAN","overlay","branding_text_replacement","yes_old_new_id_sync","branding_text_replacement",""
"ui/chromeos/ui_chromeos_strings.grd","IDS_IME_NAME_KEYBOARD_IRISH","overlay","branding_text_replacement","yes_old_new_id_sync","branding_text_replacement",""
"ui/chromeos/ui_chromeos_strings.grd","IDS_IME_NAME_KEYBOARD_ITALIAN","overlay","branding_text_replacement","yes_old_new_id_sync","branding_text_replacement",""
"ui/chromeos/ui_chromeos_strings.grd","IDS_IME_NAME_KEYBOARD_JAPANESE","overlay","branding_text_replacement","yes_old_new_id_sync","branding_text_replacement",""
"ui/chromeos/ui_chromeos_strings.grd","IDS_IME_NAME_KEYBOARD_KANNADA_PHONETIC","overlay","branding_text_replacement","yes_old_new_id_sync","branding_text_replacement",""
"ui/chromeos/ui_chromeos_strings.grd","IDS_IME_NAME_KEYBOARD_KAZAKH","overlay","branding_text_replacement","yes_old_new_id_sync","branding_text_replacement",""
"ui/chromeos/ui_chromeos_strings.grd","IDS_IME_NAME_KEYBOARD_KHMER","overlay","branding_text_replacement","yes_old_new_id_sync","branding_text_replacement",""
"ui/chromeos/ui_chromeos_strings.grd","IDS_IME_NAME_KEYBOARD_LAO","overlay","branding_text_replacement","yes_old_new_id_sync","branding_text_replacement",""
"ui/chromeos/ui_chromeos_strings.grd","IDS_IME_NAME_KEYBOARD_LATIN_AMERICAN","overlay","branding_text_replacement","yes_old_new_id_sync","branding_text_replacement",""
"ui/chromeos/ui_chromeos_strings.grd","IDS_IME_NAME_KEYBOARD_LATVIAN","overlay","branding_text_replacement","yes_old_new_id_sync","branding_text_replacement",""
"ui/chromeos/ui_chromeos_strings.grd","IDS_IME_NAME_KEYBOARD_LITHUANIAN","overlay","branding_text_replacement","yes_old_new_id_sync","branding_text_replacement",""
"ui/chromeos/ui_chromeos_strings.grd","IDS_IME_NAME_KEYBOARD_MACEDONIAN","overlay","branding_text_replacement","yes_old_new_id_sync","branding_text_replacement",""
"ui/chromeos/ui_chromeos_strings.grd","IDS_IME_NAME_KEYBOARD_MALAY","overlay","branding_text_replacement","yes_old_new_id_sync","branding_text_replacement",""
"ui/chromeos/ui_chromeos_strings.grd","IDS_IME_NAME_KEYBOARD_MALAYALAM_PHONETIC","overlay","branding_text_replacement","yes_old_new_id_sync","branding_text_replacement",""
"ui/chromeos/ui_chromeos_strings.grd","IDS_IME_NAME_KEYBOARD_MALTESE","overlay","branding_text_replacement","yes_old_new_id_sync","branding_text_replacement",""
"ui/chromeos/ui_chromeos_strings.grd","IDS_IME_NAME_KEYBOARD_MONGOLIAN","overlay","branding_text_replacement","yes_old_new_id_sync","branding_text_replacement",""
"ui/chromeos/ui_chromeos_strings.grd","IDS_IME_NAME_KEYBOARD_MYANMAR","overlay","branding_text_replacement","yes_old_new_id_sync","branding_text_replacement",""
"ui/chromeos/ui_chromeos_strings.grd","IDS_IME_NAME_KEYBOARD_MYANMAR_MYANSAN","overlay","branding_text_replacement","yes_old_new_id_sync","branding_text_replacement",""
"ui/chromeos/ui_chromeos_strings.grd","IDS_IME_NAME_KEYBOARD_NEPALI_INSCRIPT","overlay","branding_text_replacement","yes_old_new_id_sync","branding_text_replacement",""
"ui/chromeos/ui_chromeos_strings.grd","IDS_IME_NAME_KEYBOARD_NEPALI_PHONETIC","overlay","branding_text_replacement","yes_old_new_id_sync","branding_text_replacement",""
"ui/chromeos/ui_chromeos_strings.grd","IDS_IME_NAME_KEYBOARD_NETHERLANDS","overlay","branding_text_replacement","yes_old_new_id_sync","branding_text_replacement",""
"ui/chromeos/ui_chromeos_strings.grd","IDS_IME_NAME_KEYBOARD_NETHERLANDS_US_INTERNATIONAL_PC","overlay","branding_text_replacement","yes_old_new_id_sync","branding_text_replacement",""
"ui/chromeos/ui_chromeos_strings.grd","IDS_IME_NAME_KEYBOARD_NORWEGIAN","overlay","branding_text_replacement","yes_old_new_id_sync","branding_text_replacement",""
"ui/chromeos/ui_chromeos_strings.grd","IDS_IME_NAME_KEYBOARD_PERSIAN","overlay","branding_text_replacement","yes_old_new_id_sync","branding_text_replacement",""
"ui/chromeos/ui_chromeos_strings.grd","IDS_IME_NAME_KEYBOARD_POLISH","overlay","branding_text_replacement","yes_old_new_id_sync","branding_text_replacement",""
"ui/chromeos/ui_chromeos_strings.grd","IDS_IME_NAME_KEYBOARD_PORTUGUESE","overlay","branding_text_replacement","yes_old_new_id_sync","branding_text_replacement",""
"ui/chromeos/ui_chromeos_strings.grd","IDS_IME_NAME_KEYBOARD_PORTUGUESE_US_INTERNATIONAL","overlay","branding_text_replacement","yes_old_new_id_sync","branding_text_replacement",""
"ui/chromeos/ui_chromeos_strings.grd","IDS_IME_NAME_KEYBOARD_PORTUGUESE_US_INTERNATIONAL_PC","overlay","branding_text_replacement","yes_old_new_id_sync","branding_text_replacement",""
"ui/chromeos/ui_chromeos_strings.grd","IDS_IME_NAME_KEYBOARD_ROMANIAN","overlay","branding_text_replacement","yes_old_new_id_sync","branding_text_replacement",""
"ui/chromeos/ui_chromeos_strings.grd","IDS_IME_NAME_KEYBOARD_ROMANIAN_STANDARD","overlay","branding_text_replacement","yes_old_new_id_sync","branding_text_replacement",""
"ui/chromeos/ui_chromeos_strings.grd","IDS_IME_NAME_KEYBOARD_RUSSIAN","overlay","branding_text_replacement","yes_old_new_id_sync","branding_text_replacement",""
"ui/chromeos/ui_chromeos_strings.grd","IDS_IME_NAME_KEYBOARD_RUSSIAN_PHONETIC","overlay","branding_text_replacement","yes_old_new_id_sync","branding_text_replacement",""
"ui/chromeos/ui_chromeos_strings.grd","IDS_IME_NAME_KEYBOARD_RUSSIAN_PHONETIC_AATSEEL","overlay","branding_text_replacement","yes_old_new_id_sync","branding_text_replacement",""
"ui/chromeos/ui_chromeos_strings.grd","IDS_IME_NAME_KEYBOARD_RUSSIAN_PHONETIC_YAZHERT","overlay","branding_text_replacement","yes_old_new_id_sync","branding_text_replacement",""
"ui/chromeos/ui_chromeos_strings.grd","IDS_IME_NAME_KEYBOARD_SERBIAN","overlay","branding_text_replacement","yes_old_new_id_sync","branding_text_replacement",""
"ui/chromeos/ui_chromeos_strings.grd","IDS_IME_NAME_KEYBOARD_SINHALA","overlay","branding_text_replacement","yes_old_new_id_sync","branding_text_replacement",""
"ui/chromeos/ui_chromeos_strings.grd","IDS_IME_NAME_KEYBOARD_SLOVAK","overlay","branding_text_replacement","yes_old_new_id_sync","branding_text_replacement",""
"ui/chromeos/ui_chromeos_strings.grd","IDS_IME_NAME_KEYBOARD_SLOVENIAN","overlay","branding_text_replacement","yes_old_new_id_sync","branding_text_replacement",""
"ui/chromeos/ui_chromeos_strings.grd","IDS_IME_NAME_KEYBOARD_SORANIKURDISH_AR","overlay","branding_text_replacement","yes_old_new_id_sync","branding_text_replacement",""
"ui/chromeos/ui_chromeos_strings.grd","IDS_IME_NAME_KEYBOARD_SORANIKURDISH_EN","overlay","branding_text_replacement","yes_old_new_id_sync","branding_text_replacement",""
"ui/chromeos/ui_chromeos_strings.grd","IDS_IME_NAME_KEYBOARD_SPANISH","overlay","branding_text_replacement","yes_old_new_id_sync","branding_text_replacement",""
"ui/chromeos/ui_chromeos_strings.grd","IDS_IME_NAME_KEYBOARD_SWEDISH","overlay","branding_text_replacement","yes_old_new_id_sync","branding_text_replacement",""
"ui/chromeos/ui_chromeos_strings.grd","IDS_IME_NAME_KEYBOARD_SWISS","overlay","branding_text_replacement","yes_old_new_id_sync","branding_text_replacement",""
"ui/chromeos/ui_chromeos_strings.grd","IDS_IME_NAME_KEYBOARD_SWISS_FRENCH","overlay","branding_text_replacement","yes_old_new_id_sync","branding_text_replacement",""
"ui/chromeos/ui_chromeos_strings.grd","IDS_IME_NAME_KEYBOARD_TAMIL_INSCRIPT","overlay","branding_text_replacement","yes_old_new_id_sync","branding_text_replacement",""
"ui/chromeos/ui_chromeos_strings.grd","IDS_IME_NAME_KEYBOARD_TAMIL_ITRANS","overlay","branding_text_replacement","yes_old_new_id_sync","branding_text_replacement",""
"ui/chromeos/ui_chromeos_strings.grd","IDS_IME_NAME_KEYBOARD_TAMIL_PHONETIC","overlay","branding_text_replacement","yes_old_new_id_sync","branding_text_replacement",""
"ui/chromeos/ui_chromeos_strings.grd","IDS_IME_NAME_KEYBOARD_TAMIL_TAMIL99","overlay","branding_text_replacement","yes_old_new_id_sync","branding_text_replacement",""
"ui/chromeos/ui_chromeos_strings.grd","IDS_IME_NAME_KEYBOARD_TAMIL_TYPEWRITER","overlay","branding_text_replacement","yes_old_new_id_sync","branding_text_replacement",""
"ui/chromeos/ui_chromeos_strings.grd","IDS_IME_NAME_KEYBOARD_TELUGU_PHONETIC","overlay","branding_text_replacement","yes_old_new_id_sync","branding_text_replacement",""
"ui/chromeos/ui_chromeos_strings.grd","IDS_IME_NAME_KEYBOARD_THAI_KEDMANEE","overlay","branding_text_replacement","yes_old_new_id_sync","branding_text_replacement",""
"ui/chromeos/ui_chromeos_strings.grd","IDS_IME_NAME_KEYBOARD_THAI_PATTACHOTE","overlay","branding_text_replacement","yes_old_new_id_sync","branding_text_replacement",""
"ui/chromeos/ui_chromeos_strings.grd","IDS_IME_NAME_KEYBOARD_THAI_TIS","overlay","branding_text_replacement","yes_old_new_id_sync","branding_text_replacement",""
"ui/chromeos/ui_chromeos_strings.grd","IDS_IME_NAME_KEYBOARD_TURKISH","overlay","branding_text_replacement","yes_old_new_id_sync","branding_text_replacement",""
"ui/chromeos/ui_chromeos_strings.grd","IDS_IME_NAME_KEYBOARD_TURKISH_F","overlay","branding_text_replacement","yes_old_new_id_sync","branding_text_replacement",""
"ui/chromeos/ui_chromeos_strings.grd","IDS_IME_NAME_KEYBOARD_UK","overlay","branding_text_replacement","yes_old_new_id_sync","branding_text_replacement",""
"ui/chromeos/ui_chromeos_strings.grd","IDS_IME_NAME_KEYBOARD_UK_DVORAK","overlay","branding_text_replacement","yes_old_new_id_sync","branding_text_replacement",""
"ui/chromeos/ui_chromeos_strings.grd","IDS_IME_NAME_KEYBOARD_UKRAINIAN","overlay","branding_text_replacement","yes_old_new_id_sync","branding_text_replacement",""
"ui/chromeos/ui_chromeos_strings.grd","IDS_IME_NAME_KEYBOARD_US","overlay","branding_text_replacement","yes_old_new_id_sync","branding_text_replacement",""
"ui/chromeos/ui_chromeos_strings.grd","IDS_IME_NAME_KEYBOARD_US_COLEMAK","overlay","branding_text_replacement","yes_old_new_id_sync","branding_text_replacement",""
"ui/chromeos/ui_chromeos_strings.grd","IDS_IME_NAME_KEYBOARD_US_DVORAK","overlay","branding_text_replacement","yes_old_new_id_sync","branding_text_replacement",""
"ui/chromeos/ui_chromeos_strings.grd","IDS_IME_NAME_KEYBOARD_US_DVP","overlay","branding_text_replacement","yes_old_new_id_sync","branding_text_replacement",""
"ui/chromeos/ui_chromeos_strings.grd","IDS_IME_NAME_KEYBOARD_US_EXTENDED","overlay","branding_text_replacement","yes_old_new_id_sync","branding_text_replacement",""
"ui/chromeos/ui_chromeos_strings.grd","IDS_IME_NAME_KEYBOARD_US_INTERNATIONAL","overlay","branding_text_replacement","yes_old_new_id_sync","branding_text_replacement",""
"ui/chromeos/ui_chromeos_strings.grd","IDS_IME_NAME_KEYBOARD_US_INTERNATIONAL_PC","overlay","branding_text_replacement","yes_old_new_id_sync","branding_text_replacement",""
"ui/chromeos/ui_chromeos_strings.grd","IDS_IME_NAME_KEYBOARD_US_WORKMAN","overlay","branding_text_replacement","yes_old_new_id_sync","branding_text_replacement",""
"ui/chromeos/ui_chromeos_strings.grd","IDS_IME_NAME_KEYBOARD_US_WORKMAN_INTERNATIONAL","overlay","branding_text_replacement","yes_old_new_id_sync","branding_text_replacement",""
"ui/chromeos/ui_chromeos_strings.grd","IDS_IME_NAME_KEYBOARD_VIETNAMESE_TCVN","overlay","branding_text_replacement","yes_old_new_id_sync","branding_text_replacement",""
"ui/chromeos/ui_chromeos_strings.grd","IDS_IME_NAME_KEYBOARD_VIETNAMESE_TELEX","overlay","branding_text_replacement","yes_old_new_id_sync","branding_text_replacement",""
"ui/chromeos/ui_chromeos_strings.grd","IDS_IME_NAME_KEYBOARD_VIETNAMESE_VIQR","overlay","branding_text_replacement","yes_old_new_id_sync","branding_text_replacement",""
"ui/chromeos/ui_chromeos_strings.grd","IDS_IME_NAME_KEYBOARD_VIETNAMESE_VNI","overlay","branding_text_replacement","yes_old_new_id_sync","branding_text_replacement",""
"ui/chromeos/ui_chromeos_strings.grd","IDS_IME_NAME_TRANSLITERATION_AM","overlay","branding_text_replacement","yes_old_new_id_sync","branding_text_replacement",""
"ui/chromeos/ui_chromeos_strings.grd","IDS_IME_NAME_TRANSLITERATION_AR","overlay","branding_text_replacement","yes_old_new_id_sync","branding_text_replacement",""
"ui/chromeos/ui_chromeos_strings.grd","IDS_IME_NAME_TRANSLITERATION_BN","overlay","branding_text_replacement","yes_old_new_id_sync","branding_text_replacement",""
"ui/chromeos/ui_chromeos_strings.grd","IDS_IME_NAME_TRANSLITERATION_EL","overlay","branding_text_replacement","yes_old_new_id_sync","branding_text_replacement",""
"ui/chromeos/ui_chromeos_strings.grd","IDS_IME_NAME_TRANSLITERATION_FA","overlay","branding_text_replacement","yes_old_new_id_sync","branding_text_replacement",""
"ui/chromeos/ui_chromeos_strings.grd","IDS_IME_NAME_TRANSLITERATION_GU","overlay","branding_text_replacement","yes_old_new_id_sync","branding_text_replacement",""
"ui/chromeos/ui_chromeos_strings.grd","IDS_IME_NAME_TRANSLITERATION_HE","overlay","branding_text_replacement","yes_old_new_id_sync","branding_text_replacement",""
"ui/chromeos/ui_chromeos_strings.grd","IDS_IME_NAME_TRANSLITERATION_HI","overlay","branding_text_replacement","yes_old_new_id_sync","branding_text_replacement",""
"ui/chromeos/ui_chromeos_strings.grd","IDS_IME_NAME_TRANSLITERATION_KN","overlay","branding_text_replacement","yes_old_new_id_sync","branding_text_replacement",""
"ui/chromeos/ui_chromeos_strings.grd","IDS_IME_NAME_TRANSLITERATION_ML","overlay","branding_text_replacement","yes_old_new_id_sync","branding_text_replacement",""
"ui/chromeos/ui_chromeos_strings.grd","IDS_IME_NAME_TRANSLITERATION_MR","overlay","branding_text_replacement","yes_old_new_id_sync","branding_text_replacement",""
"ui/chromeos/ui_chromeos_strings.grd","IDS_IME_NAME_TRANSLITERATION_NE","overlay","branding_text_replacement","yes_old_new_id_sync","branding_text_replacement",""
"ui/chromeos/ui_chromeos_strings.grd","IDS_IME_NAME_TRANSLITERATION_OR","overlay","branding_text_replacement","yes_old_new_id_sync","branding_text_replacement",""
"ui/chromeos/ui_chromeos_strings.grd","IDS_IME_NAME_TRANSLITERATION_PA","overlay","branding_text_replacement","yes_old_new_id_sync","branding_text_replacement",""
"ui/chromeos/ui_chromeos_strings.grd","IDS_IME_NAME_TRANSLITERATION_SA","overlay","branding_text_replacement","yes_old_new_id_sync","branding_text_replacement",""
"ui/chromeos/ui_chromeos_strings.grd","IDS_IME_NAME_TRANSLITERATION_SR","overlay","branding_text_replacement","yes_old_new_id_sync","branding_text_replacement",""
"ui/chromeos/ui_chromeos_strings.grd","IDS_IME_NAME_TRANSLITERATION_TA","overlay","branding_text_replacement","yes_old_new_id_sync","branding_text_replacement",""
"ui/chromeos/ui_chromeos_strings.grd","IDS_IME_NAME_TRANSLITERATION_TE","overlay","branding_text_replacement","yes_old_new_id_sync","branding_text_replacement",""
"ui/chromeos/ui_chromeos_strings.grd","IDS_IME_NAME_TRANSLITERATION_TI","overlay","branding_text_replacement","yes_old_new_id_sync","branding_text_replacement",""
"ui/chromeos/ui_chromeos_strings.grd","IDS_IME_NAME_TRANSLITERATION_UR","overlay","branding_text_replacement","yes_old_new_id_sync","branding_text_replacement",""
"ui/chromeos/ui_chromeos_strings.grd","IDS_REVEN_DEVICE_NAME","overlay","branding_text_replacement","yes_old_new_id_sync","branding_text_replacement",""
"ui/chromeos/ui_chromeos_strings.grd","IDS_REVEN_DEVICE_NAME_IN_PLURAL","overlay","branding_text_replacement","yes_old_new_id_sync","branding_text_replacement",""
